region,sensor_id,night_date,dT_night,dT_night_median,temp_night,ref_night,wind_night,cloud_night,n_steps,night_no,night_id,latitude,longitude,imperv,tree,water,bldg,height,height_max,n_bldg,aspect,svf_point,coast_km,imperv_z,tree_z,bldg_z,water_z,height_z,svf_point_z,aspect_z,coast_km_z
Ewa,AD1,2024-11-25,0.8515625,0.65625,23.026041666666668,22.174479166666668,6.1163025125,11.541666666666666,24,1,Ewa_1,21.349836569,-158.030100611,56.16792043860767,1.7247425638409797,0,17.257474216989788,3.7289262967793206,5.550000190734863,35,0.2130829640300307,0.999055221725652,1.506349162672769,-0.11826306398339106,-0.8151795283456246,-0.0055856399637683515,-0.3058245649241726,-0.7296426429082388,0.4402153853647938,-0.4045421181662781,-0.2577553286002244
Ewa,AD1,2024-12-01,-1.1640625,-1.125,18.890625,20.0546875,1.8855149741666664,16.291666666666668,24,2,Ewa_2,21.349836569,-158.030100611,56.16792043860767,1.7247425638409797,0,17.257474216989788,3.7289262967793206,5.550000190734863,35,0.2130829640300307,0.999055221725652,1.506349162672769,-0.11826306398339106,-0.8151795283456246,-0.0055856399637683515,-0.3058245649241726,-0.7296426429082388,0.4402153853647938,-0.4045421181662781,-0.2577553286002244
Ewa,AD1,2024-12-21,-1.03125,-0.875,19.838541666666668,20.869791666666668,2.69098715,9.791666666666666,24,3,Ewa_3,21.349836569,-158.030100611,56.16792043860767,1.7247425638409797,0,17.257474216989788,3.7289262967793206,5.550000190734863,35,0.2130829640300307,0.999055221725652,1.506349162672769,-0.11826306398339106,-0.8151795283456246,-0.0055856399637683515,-0.3058245649241726,-0.7296426429082388,0.4402153853647938,-0.4045421181662781,-0.2577553286002244
Ewa,AD1,2024-12-25,-1.2786458333333333,-1.0625,21.078125,22.356770833333332,2.6112218825,15.416666666666666,24,4,Ewa_4,21.349836569,-158.030100611,56.16792043860767,1.7247425638409797,0,17.257474216989788,3.7289262967793206,5.550000190734863,35,0.2130829640300307,0.999055221725652,1.506349162672769,-0.11826306398339106,-0.8151795283456246,-0.0055856399637683515,-0.3058245649241726,-0.7296426429082388,0.4402153853647938,-0.4045421181662781,-0.2577553286002244
Ewa,AD3,2024-11-25,-0.2630208333333333,-0.1875,21.911458333333332,22.174479166666668,6.1163025125,11.541666666666666,24,1,Ewa_1,21.334759503,-158.06916051,72.32902917264467,2.152972697116611,0,18.4227234685646,4.3124903782644255,5.320000171661377,35,0.2523859240151166,0.987076074998392,3.576660864843138,0.5258131952739364,-0.7776432147794796,0.0953803439406603,-0.3058245649241726,-0.6113881476275012,0.3930378810687613,-0.2872543431986187,1.6087642803358855
Ewa,AD3,2024-12-01,0.4973958333333333,0.5,20.552083333333332,20.0546875,1.8855149741666664,16.291666666666668,24,2,Ewa_2,21.334759503,-158.06916051,72.32902917264467,2.152972697116611,0,18.4227234685646,4.3124903782644255,5.320000171661377,35,0.2523859240151166,0.987076074998392,3.576660864843138,0.5258131952739364,-0.7776432147794796,0.0953803439406603,-0.3058245649241726,-0.6113881476275012,0.3930378810687613,-0.2872543431986187,1.6087642803358855
Ewa,AD3,2024-12-21,0.3645833333333333,0.3125,21.234375,20.869791666666668,2.69098715,9.791666666666666,24,3,Ewa_3,21.334759503,-158.06916051,72.32902917264467,2.152972697116611,0,18.4227234685646,4.3124903782644255,5.320000171661377,35,0.2523859240151166,0.987076074998392,3.576660864843138,0.5258131952739364,-0.7776432147794796,0.0953803439406603,-0.3058245649241726,-0.6113881476275012,0.3930378810687613,-0.2872543431986187,1.6087642803358855
Ewa,AD3,2024-12-25,0.1328125,0.125,22.489583333333332,22.356770833333332,2.6112218825,15.416666666666666,24,4,Ewa_4,21.334759503,-158.06916051,72.32902917264467,2.152972697116611,0,18.4227234685646,4.3124903782644255,5.320000171661377,35,0.2523859240151166,0.987076074998392,3.576660864843138,0.5258131952739364,-0.7776432147794796,0.0953803439406603,-0.3058245649241726,-0.6113881476275012,0.3930378810687613,-0.2872543431986187,1.6087642803358855
Ewa,EWA03,2024-11-25,0.6901041666666666,0.59375,22.864583333333332,22.174479166666668,6.1163025125,11.541666666666666,24,1,Ewa_1,21.345918711,-158.065482453,71.07142857142857,3.853140835643943,0,17.476372689546874,4.395021003725657,5.409999847412109,50,0.3015313199997629,0.9360666101088544,4.7552250800829485,0.4756934476624929,-0.6286157657422716,0.013381374713163014,-0.3058245649241726,-0.5946639903862186,0.19214717459730565,-0.14059480032624982,2.6713159800772215
Ewa,EWA03,2024-12-01,0.4713541666666667,0.40625,20.526041666666668,20.0546875,1.8855149741666664,16.291666666666668,24,2,Ewa_2,21.345918711,-158.065482453,71.07142857142857,3.853140835643943,0,17.476372689546874,4.395021003725657,5.409999847412109,50,0.3015313199997629,0.9360666101088544,4.7552250800829485,0.4756934476624929,-0.6286157657422716,0.013381374713163014,-0.3058245649241726,-0.5946639903862186,0.19214717459730565,-0.14059480032624982,2.6713159800772215
Ewa,EWA03,2024-12-21,0.13541666666666666,0.15625,21.005208333333332,20.869791666666668,2.69098715,9.791666666666666,24,3,Ewa_3,21.345918711,-158.065482453,71.07142857142857,3.853140835643943,0,17.476372689546874,4.395021003725657,5.409999847412109,50,0.3015313199997629,0.9360666101088544,4.7552250800829485,0.4756934476624929,-0.6286157657422716,0.013381374713163014,-0.3058245649241726,-0.5946639903862186,0.19214717459730565,-0.14059480032624982,2.6713159800772215
Ewa,EWA03,2024-12-25,0.24739583333333337,0.1875,22.604166666666668,22.356770833333332,2.6112218825,15.416666666666666,24,4,Ewa_4,21.345918711,-158.065482453,71.07142857142857,3.853140835643943,0,17.476372689546874,4.395021003725657,5.409999847412109,50,0.3015313199997629,0.9360666101088544,4.7552250800829485,0.4756934476624929,-0.6286157657422716,0.013381374713163014,-0.3058245649241726,-0.5946639903862186,0.19214717459730565,-0.14059480032624982,2.6713159800772215
Ewa,EWA04,2024-11-25,1.1328125,1,23.307291666666668,22.174479166666668,6.1163025125,11.541666666666666,24,1,Ewa_1,21.339789015,-158.037005391,63.00369803621525,15.246021875697569,0,10.421198940639062,7.320022527386279,8.079999923706055,8,0.17263407698754973,0.9948680690397746,2.8285135074865746,0.15416639222770712,0.3700219337350443,-0.5979320916653555,-0.3058245649241726,-0.0019363194239951044,0.4237251111972192,-0.5252495652117685,0.9342611553157081
Ewa,EWA04,2024-12-01,-0.08072916666666667,-0.03125,19.973958333333332,20.0546875,1.8855149741666664,16.291666666666668,24,2,Ewa_2,21.339789015,-158.037005391,63.00369803621525,15.246021875697569,0,10.421198940639062,7.320022527386279,8.079999923706055,8,0.17263407698754973,0.9948680690397746,2.8285135074865746,0.15416639222770712,0.3700219337350443,-0.5979320916653555,-0.3058245649241726,-0.0019363194239951044,0.4237251111972192,-0.5252495652117685,0.9342611553157081
Ewa,EWA04,2024-12-21,0.07291666666666667,0.125,20.942708333333332,20.869791666666668,2.69098715,9.791666666666666,24,3,Ewa_3,21.339789015,-158.037005391,63.00369803621525,15.246021875697569,0,10.421198940639062,7.320022527386279,8.079999923706055,8,0.17263407698754973,0.9948680690397746,2.8285135074865746,0.15416639222770712,0.3700219337350443,-0.5979320916653555,-0.3058245649241726,-0.0019363194239951044,0.4237251111972192,-0.5252495652117685,0.9342611553157081
Ewa,EWA04,2024-12-25,-0.0078125,0,22.348958333333332,22.356770833333332,2.6112218825,15.416666666666666,24,4,Ewa_4,21.339789015,-158.037005391,63.00369803621525,15.246021875697569,0,10.421198940639062,7.320022527386279,8.079999923706055,8,0.17263407698754973,0.9948680690397746,2.8285135074865746,0.15416639222770712,0.3700219337350443,-0.5979320916653555,-0.3058245649241726,-0.0019363194239951044,0.4237251111972192,-0.5252495652117685,0.9342611553157081
Ewa,EWA05,2024-11-25,-0.7578125,-0.78125,21.416666666666668,22.174479166666668,6.1163025125,11.541666666666666,24,1,Ewa_1,21.370368751,-158.023791244,69.09224198380825,27.858554939098273,0,26.029936289916904,4.169947663615854,5.389999866485596,56,0.3597292645159625,0.9815919667927684,0.31041813312006455,0.3968159947163334,1.4755676652084924,0.7545266392420195,-0.3058245649241726,-0.640273264637814,0.37143980364961154,0.03307933064471359,-1.3359643322276307
Ewa,EWA05,2024-12-01,0.3619791666666667,0.375,20.416666666666668,20.0546875,1.8855149741666664,16.291666666666668,24,2,Ewa_2,21.370368751,-158.023791244,69.09224198380825,27.858554939098273,0,26.029936289916904,4.169947663615854,5.389999866485596,56,0.3597292645159625,0.9815919667927684,0.31041813312006455,0.3968159947163334,1.4755676652084924,0.7545266392420195,-0.3058245649241726,-0.640273264637814,0.37143980364961154,0.03307933064471359,-1.3359643322276307
Ewa,EWA05,2024-12-21,0.4635416666666667,0.34375,21.333333333333332,20.869791666666668,2.69098715,9.791666666666666,24,3,Ewa_3,21.370368751,-158.023791244,69.09224198380825,27.858554939098273,0,26.029936289916904,4.169947663615854,5.389999866485596,56,0.3597292645159625,0.9815919667927684,0.31041813312006455,0.3968159947163334,1.4755676652084924,0.7545266392420195,-0.3058245649241726,-0.640273264637814,0.37143980364961154,0.03307933064471359,-1.3359643322276307
Ewa,EWA05,2024-12-25,0.8463541666666666,0.96875,23.203125,22.356770833333332,2.6112218825,15.416666666666666,24,4,Ewa_4,21.370368751,-158.023791244,69.09224198380825,27.858554939098273,0,26.029936289916904,4.169947663615854,5.389999866485596,56,0.3597292645159625,0.9815919667927684,0.31041813312006455,0.3968159947163334,1.4755676652084924,0.7545266392420195,-0.3058245649241726,-0.640273264637814,0.37143980364961154,0.03307933064471359,-1.3359643322276307
Ewa,EWA07,2024-11-25,-0.8151041666666666,-0.78125,21.359375,22.174479166666668,6.1163025125,11.541666666666666,24,1,Ewa_1,21.329647578,-158.070178922,54.457055410316904,0.1880597966404233,0,6.65203453234494,3.9224145027590183,6.269999980926514,11,0.09898523014342207,0.9992723596657466,3.0269621835043767,-0.18644697176163186,-0.9498767430421081,-0.924520924455124,-0.3058245649241726,-0.6904338381396599,0.44107054027147286,-0.7450322324347846,1.1131754438097194
Ewa,EWA07,2024-12-01,0.2109375,0.28125,20.265625,20.0546875,1.8855149741666664,16.291666666666668,24,2,Ewa_2,21.329647578,-158.070178922,54.457055410316904,0.1880597966404233,0,6.65203453234494,3.9224145027590183,6.269999980926514,11,0.09898523014342207,0.9992723596657466,3.0269621835043767,-0.18644697176163186,-0.9498767430421081,-0.924520924455124,-0.3058245649241726,-0.6904338381396599,0.44107054027147286,-0.7450322324347846,1.1131754438097194
Ewa,EWA07,2024-12-21,0.08333333333333333,0.0625,20.953125,20.869791666666668,2.69098715,9.791666666666666,24,3,Ewa_3,21.329647578,-158.070178922,54.457055410316904,0.1880597966404233,0,6.65203453234494,3.9224145027590183,6.269999980926514,11,0.09898523014342207,0.9992723596657466,3.0269621835043767,-0.18644697176163186,-0.9498767430421081,-0.924520924455124,-0.3058245649241726,-0.6904338381396599,0.44107054027147286,-0.7450322324347846,1.1131754438097194
Ewa,EWA07,2024-12-25,-0.04427083333333333,-0.03125,22.3125,22.356770833333332,2.6112218825,15.416666666666666,24,4,Ewa_4,21.329647578,-158.070178922,54.457055410316904,0.1880597966404233,0,6.65203453234494,3.9224145027590183,6.269999980926514,11,0.09898523014342207,0.9992723596657466,3.0269621835043767,-0.18644697176163186,-0.9498767430421081,-0.924520924455124,-0.3058245649241726,-0.6904338381396599,0.44107054027147286,-0.7450322324347846,1.1131754438097194
Ewa,EWA08,2024-11-25,-1.3567708333333333,-1.34375,20.817708333333332,22.174479166666668,6.1163025125,11.541666666666666,24,1,Ewa_1,21.372199715,-158.022486748,68.14703819422304,11.533312081606631,0,25.29009041097392,4.093868845314196,5.650000095367432,57,0.35107108949988614,0.9594334867968723,0.16486715292137943,0.35914634401039336,0.04458608001525319,0.6904208120945998,-0.3058245649241726,-0.6556900158486185,0.2841730050202028,0.007241630804764642,-1.4671879341402865
Ewa,EWA08,2024-12-01,-0.4036458333333333,-0.375,19.651041666666668,20.0546875,1.8855149741666664,16.291666666666668,24,2,Ewa_2,21.372199715,-158.022486748,68.14703819422304,11.533312081606631,0,25.29009041097392,4.093868845314196,5.650000095367432,57,0.35107108949988614,0.9594334867968723,0.16486715292137943,0.35914634401039336,0.04458608001525319,0.6904208120945998,-0.3058245649241726,-0.6556900158486185,0.2841730050202028,0.007241630804764642,-1.4671879341402865
Ewa,EWA08,2024-12-21,-0.140625,-0.1875,20.729166666666668,20.869791666666668,2.69098715,9.791666666666666,24,3,Ewa_3,21.372199715,-158.022486748,68.14703819422304,11.533312081606631,0,25.29009041097392,4.093868845314196,5.650000095367432,57,0.35107108949988614,0.9594334867968723,0.16486715292137943,0.35914634401039336,0.04458608001525319,0.6904208120945998,-0.3058245649241726,-0.6556900158486185,0.2841730050202028,0.007241630804764642,-1.4671879341402865
Ewa,EWA08,2024-12-25,0.3515625,0.53125,22.708333333333332,22.356770833333332,2.6112218825,15.416666666666666,24,4,Ewa_4,21.372199715,-158.022486748,68.14703819422304,11.533312081606631,0,25.29009041097392,4.093868845314196,5.650000095367432,57,0.35107108949988614,0.9594334867968723,0.16486715292137943,0.35914634401039336,0.04458608001525319,0.6904208120945998,-0.3058245649241726,-0.6556900158486185,0.2841730050202028,0.007241630804764642,-1.4671879341402865
Ewa,EWA09,2024-11-25,-0.7890625,-0.75,21.385416666666668,22.174479166666668,6.1163025125,11.541666666666666,24,1,Ewa_1,21.330632881,-158.069245524,70.15201249243124,5.293349055100545,0,15.785264670616623,4.590845708493212,5.630000114440918,40,0.2720196991124066,0.9864686349597784,3.1230273020371233,0.4390515267023017,-0.5023749827489216,-0.133148979019486,-0.3058245649241726,-0.5549817132199228,0.3906455984059185,-0.2286632906099482,1.1997843478158987
Ewa,EWA09,2024-12-01,0.4661458333333333,0.46875,20.520833333333332,20.0546875,1.8855149741666664,16.291666666666668,24,2,Ewa_2,21.330632881,-158.069245524,70.15201249243124,5.293349055100545,0,15.785264670616623,4.590845708493212,5.630000114440918,40,0.2720196991124066,0.9864686349597784,3.1230273020371233,0.4390515267023017,-0.5023749827489216,-0.133148979019486,-0.3058245649241726,-0.5549817132199228,0.3906455984059185,-0.2286632906099482,1.1997843478158987
Ewa,EWA09,2024-12-21,0.53125,0.40625,21.401041666666668,20.869791666666668,2.69098715,9.791666666666666,24,3,Ewa_3,21.330632881,-158.069245524,70.15201249243124,5.293349055100545,0,15.785264670616623,4.590845708493212,5.630000114440918,40,0.2720196991124066,0.9864686349597784,3.1230273020371233,0.4390515267023017,-0.5023749827489216,-0.133148979019486,-0.3058245649241726,-0.5549817132199228,0.3906455984059185,-0.2286632906099482,1.1997843478158987
Ewa,EWA09,2024-12-25,0.07552083333333333,0,22.432291666666668,22.356770833333332,2.6112218825,15.416666666666666,24,4,Ewa_4,21.330632881,-158.069245524,70.15201249243124,5.293349055100545,0,15.785264670616623,4.590845708493212,5.630000114440918,40,0.2720196991124066,0.9864686349597784,3.1230273020371233,0.4390515267023017,-0.5023749827489216,-0.133148979019486,-0.3058245649241726,-0.5549817132199228,0.3906455984059185,-0.2286632906099482,1.1997843478158987
Ewa,EWA12,2024-11-25,-1.1640625,-1.09375,21.010416666666668,22.174479166666668,6.1163025125,11.541666666666666,24,1,Ewa_1,21.369170738,-158.024983689,69.44196428571429,33.49268572521274,0,14.969090873181983,4.246765625344787,5.75,34,0.2280551010351353,0.995848130875783,0.43254147621913136,0.4107536419221906,1.9694247841425796,-0.2038684327188832,-0.3058245649241726,-0.6247067320478847,0.4275848912409385,-0.3598623119505114,-1.2258622570839321
Ewa,EWA12,2024-12-01,-0.3203125,-0.34375,19.734375,20.0546875,1.8855149741666664,16.291666666666668,24,2,Ewa_2,21.369170738,-158.024983689,69.44196428571429,33.49268572521274,0,14.969090873181983,4.246765625344787,5.75,34,0.2280551010351353,0.995848130875783,0.43254147621913136,0.4107536419221906,1.9694247841425796,-0.2038684327188832,-0.3058245649241726,-0.6247067320478847,0.4275848912409385,-0.3598623119505114,-1.2258622570839321
Ewa,EWA12,2024-12-21,-0.28125,-0.21875,20.588541666666668,20.869791666666668,2.69098715,9.791666666666666,24,3,Ewa_3,21.369170738,-158.024983689,69.44196428571429,33.49268572521274,0,14.969090873181983,4.246765625344787,5.75,34,0.2280551010351353,0.995848130875783,0.43254147621913136,0.4107536419221906,1.9694247841425796,-0.2038684327188832,-0.3058245649241726,-0.6247067320478847,0.4275848912409385,-0.3598623119505114,-1.2258622570839321
Ewa,EWA12,2024-12-25,0.3984375,0.5625,22.755208333333332,22.356770833333332,2.6112218825,15.416666666666666,24,4,Ewa_4,21.369170738,-158.024983689,69.44196428571429,33.49268572521274,0,14.969090873181983,4.246765625344787,5.75,34,0.2280551010351353,0.995848130875783,0.43254147621913136,0.4107536419221906,1.9694247841425796,-0.2038684327188832,-0.3058245649241726,-0.6247067320478847,0.4275848912409385,-0.3598623119505114,-1.2258622570839321
Ewa,EWA13,2024-11-25,0.9817708333333334,0.84375,23.15625,22.174479166666668,6.1163025125,11.541666666666666,24,1,Ewa_1,21.334712141,-158.041695508,23.75135548893283,9.757964220797858,0,2.43959560884828,3.1563036185222844,3.75,4,0.0422414825662187,0.9998868093691722,3.1873391406158524,-1.4101756570090136,-0.11103121268331981,-1.2895184045851045,-0.3058245649241726,-0.8456799521807054,0.4434904291152326,-0.9143667532744917,1.2577656207170231
Ewa,EWA13,2024-12-01,-1.1119791666666667,-1.3125,18.942708333333332,20.0546875,1.8855149741666664,16.291666666666668,24,2,Ewa_2,21.334712141,-158.041695508,23.75135548893283,9.757964220797858,0,2.43959560884828,3.1563036185222844,3.75,4,0.0422414825662187,0.9998868093691722,3.1873391406158524,-1.4101756570090136,-0.11103121268331981,-1.2895184045851045,-0.3058245649241726,-0.8456799521807054,0.4434904291152326,-0.9143667532744917,1.2577656207170231
Ewa,EWA13,2024-12-21,-0.859375,-0.875,20.010416666666668,20.869791666666668,2.69098715,9.791666666666666,24,3,Ewa_3,21.334712141,-158.041695508,23.75135548893283,9.757964220797858,0,2.43959560884828,3.1563036185222844,3.75,4,0.0422414825662187,0.9998868093691722,3.1873391406158524,-1.4101756570090136,-0.11103121268331981,-1.2895184045851045,-0.3058245649241726,-0.8456799521807054,0.4434904291152326,-0.9143667532744917,1.2577656207170231
Ewa,EWA13,2024-12-25,-0.9348958333333334,-1,21.421875,22.356770833333332,2.6112218825,15.416666666666666,24,4,Ewa_4,21.334712141,-158.041695508,23.75135548893283,9.757964220797858,0,2.43959560884828,3.1563036185222844,3.75,4,0.0422414825662187,0.9998868093691722,3.1873391406158524,-1.4101756570090136,-0.11103121268331981,-1.2895184045851045,-0.3058245649241726,-0.8456799521807054,0.4434904291152326,-0.9143667532744917,1.2577656207170231
Ewa,EWA14,2024-11-25,0.3880208333333333,0.25,22.5625,22.174479166666668,6.1163025125,11.541666666666666,24,1,Ewa_1,21.329503,-158.090353,79.75651730511824,1.1250637429882713,0,9.226647302487017,6.232839036419101,6.269999980926514,2,0.07148454759796244,0.04313300859211237,3.218595371657237,0.8218243694309694,-0.8677440970421832,-0.7014370553524528,-0.3058245649241726,-0.22224517509361122,-3.3244955196410344,-0.8270996865673199,1.2859451301498404
Ewa,EWA14,2024-12-01,1.7734375,1.8125,21.828125,20.0546875,1.8855149741666664,16.291666666666668,24,2,Ewa_2,21.329503,-158.090353,79.75651730511824,1.1250637429882713,0,9.226647302487017,6.232839036419101,6.269999980926514,2,0.07148454759796244,0.04313300859211237,3.218595371657237,0.8218243694309694,-0.8677440970421832,-0.7014370553524528,-0.3058245649241726,-0.22224517509361122,-3.3244955196410344,-0.8270996865673199,1.2859451301498404
Ewa,EWA14,2024-12-21,1.546875,1.5,22.416666666666668,20.869791666666668,2.69098715,9.791666666666666,24,3,Ewa_3,21.329503,-158.090353,79.75651730511824,1.1250637429882713,0,9.226647302487017,6.232839036419101,6.269999980926514,2,0.07148454759796244,0.04313300859211237,3.218595371657237,0.8218243694309694,-0.8677440970421832,-0.7014370553524528,-0.3058245649241726,-0.22224517509361122,-3.3244955196410344,-0.8270996865673199,1.2859451301498404
Ewa,EWA14,2024-12-25,0.6067708333333334,0.59375,22.963541666666668,22.356770833333332,2.6112218825,15.416666666666666,24,4,Ewa_4,21.329503,-158.090353,79.75651730511824,1.1250637429882713,0,9.226647302487017,6.232839036419101,6.269999980926514,2,0.07148454759796244,0.04313300859211237,3.218595371657237,0.8218243694309694,-0.8677440970421832,-0.7014370553524528,-0.3058245649241726,-0.22224517509361122,-3.3244955196410344,-0.8270996865673199,1.2859451301498404
Ewa,EWA15,2024-11-25,0.23697916666666663,0.09375,22.411458333333332,22.174479166666668,6.1163025125,11.541666666666666,24,1,Ewa_1,21.337956344,-158.038274018,53.31293622717277,18.88386027536971,0,10.112454424392745,4.63730428407645,9.449999809265137,20,0.17170018331233225,0.998596986624237,3.070264011624623,-0.23204409110233862,0.6888949701291579,-0.6246840452201654,-0.3058245649241726,-0.5455672622943685,0.4384107168889998,-0.5280364879082827,1.152214836382582
Ewa,EWA15,2024-12-01,-0.2786458333333333,-0.28125,19.776041666666668,20.0546875,1.8855149741666664,16.291666666666668,24,2,Ewa_2,21.337956344,-158.038274018,53.31293622717277,18.88386027536971,0,10.112454424392745,4.63730428407645,9.449999809265137,20,0.17170018331233225,0.998596986624237,3.070264011624623,-0.23204409110233862,0.6888949701291579,-0.6246840452201654,-0.3058245649241726,-0.5455672622943685,0.4384107168889998,-0.5280364879082827,1.152214836382582
Ewa,EWA15,2024-12-21,-0.3072916666666667,-0.28125,20.5625,20.869791666666668,2.69098715,9.791666666666666,24,3,Ewa_3,21.337956344,-158.038274018,53.31293622717277,18.88386027536971,0,10.112454424392745,4.63730428407645,9.449999809265137,20,0.17170018331233225,0.998596986624237,3.070264011624623,-0.23204409110233862,0.6888949701291579,-0.6246840452201654,-0.3058245649241726,-0.5455672622943685,0.4384107168889998,-0.5280364879082827,1.152214836382582
Ewa,EWA15,2024-12-25,-0.5703125,-0.5,21.786458333333332,22.356770833333332,2.6112218825,15.416666666666666,24,4,Ewa_4,21.337956344,-158.038274018,53.31293622717277,18.88386027536971,0,10.112454424392745,4.63730428407645,9.449999809265137,20,0.17170018331233225,0.998596986624237,3.070264011624623,-0.23204409110233862,0.6888949701291579,-0.6246840452201654,-0.3058245649241726,-0.5455672622943685,0.4384107168889998,-0.5280364879082827,1.152214836382582
Ewa,EWA16,2024-11-25,-2.0494791666666665,-2.25,20.125,22.174479166666668,6.1163025125,11.541666666666666,24,1,Ewa_1,21.334465376,-158.076492749,18.061266775047017,19.119428680737105,0,0,0,0,0,0,0.9999688820238548,3.6720683982185105,-1.6369454358648017,0.7095436093608486,-1.5009033684830844,-0.3058245649241726,-1.4852791036761963,0.4438136560617784,-1.0404236584899509,1.694780328884842
Ewa,EWA16,2024-12-01,-1.0338541666666667,-1.0625,19.020833333333332,20.0546875,1.8855149741666664,16.291666666666668,24,2,Ewa_2,21.334465376,-158.076492749,18.061266775047017,19.119428680737105,0,0,0,0,0,0,0.9999688820238548,3.6720683982185105,-1.6369454358648017,0.7095436093608486,-1.5009033684830844,-0.3058245649241726,-1.4852791036761963,0.4438136560617784,-1.0404236584899509,1.694780328884842
Ewa,EWA16,2024-12-21,-1.1614583333333333,-1.125,19.708333333333332,20.869791666666668,2.69098715,9.791666666666666,24,3,Ewa_3,21.334465376,-158.076492749,18.061266775047017,19.119428680737105,0,0,0,0,0,0,0.9999688820238548,3.6720683982185105,-1.6369454358648017,0.7095436093608486,-1.5009033684830844,-0.3058245649241726,-1.4852791036761963,0.4438136560617784,-1.0404236584899509,1.694780328884842
Ewa,EWA16,2024-12-25,-1.3619791666666667,-1.34375,20.994791666666668,22.356770833333332,2.6112218825,15.416666666666666,24,4,Ewa_4,21.334465376,-158.076492749,18.061266775047017,19.119428680737105,0,0,0,0,0,0,0.9999688820238548,3.6720683982185105,-1.6369454358648017,0.7095436093608486,-1.5009033684830844,-0.3058245649241726,-1.4852791036761963,0.4438136560617784,-1.0404236584899509,1.694780328884842
Ewa,EWA17,2024-11-25,0.7890625,0.71875,22.963541666666668,22.174479166666668,6.1163025125,11.541666666666666,24,1,Ewa_1,21.338117657,-158.060792231,37.83861304098413,8.538257901955156,17.137116065448282,12.1992947826722,5.35240780596946,6.170000076293945,25,0.2322178663100093,0.9784486006770436,3.814057254643843,-0.8487495632528049,-0.21794400392591914,-0.4438644568442034,1.6447236422533758,-0.4006573736670056,0.35906027680976227,-0.34743980033846283,1.8227924463309557
Ewa,EWA17,2024-12-01,-1.2317708333333333,-1.21875,18.822916666666668,20.0546875,1.8855149741666664,16.291666666666668,24,2,Ewa_2,21.338117657,-158.060792231,37.83861304098413,8.538257901955156,17.137116065448282,12.1992947826722,5.35240780596946,6.170000076293945,25,0.2322178663100093,0.9784486006770436,3.814057254643843,-0.8487495632528049,-0.21794400392591914,-0.4438644568442034,1.6447236422533758,-0.4006573736670056,0.35906027680976227,-0.34743980033846283,1.8227924463309557
Ewa,EWA17,2024-12-21,-1.0729166666666667,-1.125,19.796875,20.869791666666668,2.69098715,9.791666666666666,24,3,Ewa_3,21.338117657,-158.060792231,37.83861304098413,8.538257901955156,17.137116065448282,12.1992947826722,5.35240780596946,6.170000076293945,25,0.2322178663100093,0.9784486006770436,3.814057254643843,-0.8487495632528049,-0.21794400392591914,-0.4438644568442034,1.6447236422533758,-0.4006573736670056,0.35906027680976227,-0.34743980033846283,1.8227924463309557
Ewa,EWA17,2024-12-25,-1.1276041666666667,-1.1875,21.229166666666668,22.356770833333332,2.6112218825,15.416666666666666,24,4,Ewa_4,21.338117657,-158.060792231,37.83861304098413,8.538257901955156,17.137116065448282,12.1992947826722,5.35240780596946,6.170000076293945,25,0.2322178663100093,0.9784486006770436,3.814057254643843,-0.8487495632528049,-0.21794400392591914,-0.4438644568442034,1.6447236422533758,-0.4006573736670056,0.35906027680976227,-0.34743980033846283,1.8227924463309557
Ewa,EWA18,2024-11-25,-1.0859375,-1.09375,21.088541666666668,22.174479166666668,6.1163025125,11.541666666666666,24,1,Ewa_1,21.341560585,-158.024799561,68.43985202194158,12.542221655726213,0,12.66707590584978,5.021415631834441,6.039999961853027,34,0.25667995937519283,0.9974255889019532,2.111466954425961,0.3708159910574782,0.1330215804419894,-0.40333237215098205,-0.3058245649241726,-0.4677302346193118,0.433797398233369,-0.27444009579315853,0.2877974124867335
Ewa,EWA18,2024-12-01,0.2838541666666667,0.25,20.338541666666668,20.0546875,1.8855149741666664,16.291666666666668,24,2,Ewa_2,21.341560585,-158.024799561,68.43985202194158,12.542221655726213,0,12.66707590584978,5.021415631834441,6.039999961853027,34,0.25667995937519283,0.9974255889019532,2.111466954425961,0.3708159910574782,0.1330215804419894,-0.40333237215098205,-0.3058245649241726,-0.4677302346193118,0.433797398233369,-0.27444009579315853,0.2877974124867335
Ewa,EWA18,2024-12-21,0.484375,0.28125,21.354166666666668,20.869791666666668,2.69098715,9.791666666666666,24,3,Ewa_3,21.341560585,-158.024799561,68.43985202194158,12.542221655726213,0,12.66707590584978,5.021415631834441,6.039999961853027,34,0.25667995937519283,0.9974255889019532,2.111466954425961,0.3708159910574782,0.1330215804419894,-0.40333237215098205,-0.3058245649241726,-0.4677302346193118,0.433797398233369,-0.27444009579315853,0.2877974124867335
Ewa,EWA18,2024-12-25,0.4609375,0.375,22.817708333333332,22.356770833333332,2.6112218825,15.416666666666666,24,4,Ewa_4,21.341560585,-158.024799561,68.43985202194158,12.542221655726213,0,12.66707590584978,5.021415631834441,6.039999961853027,34,0.25667995937519283,0.9974255889019532,2.111466954425961,0.3708159910574782,0.1330215804419894,-0.40333237215098205,-0.3058245649241726,-0.4677302346193118,0.433797398233369,-0.27444009579315853,0.2877974124867335
Ewa,EWA19,2024-11-25,1.0026041666666667,0.96875,23.177083333333332,22.174479166666668,6.1163025125,11.541666666666666,24,1,Ewa_1,21.340979836,-158.042379912,62.13096983995409,13.2827445478893,0,16.258529512831494,3.774307506988381,5,38,0.2201343661704156,0.9750624877273536,3.0779193098940945,0.11938514539329706,0.19793177083545924,-0.09214174354860297,-0.3058245649241726,-0.7204465112771687,0.3457247394907872,-0.3834993451089367,1.1591165818140763
Ewa,EWA19,2024-12-01,-1.0859375,-1.1875,18.96875,20.0546875,1.8855149741666664,16.291666666666668,24,2,Ewa_2,21.340979836,-158.042379912,62.13096983995409,13.2827445478893,0,16.258529512831494,3.774307506988381,5,38,0.2201343661704156,0.9750624877273536,3.0779193098940945,0.11938514539329706,0.19793177083545924,-0.09214174354860297,-0.3058245649241726,-0.7204465112771687,0.3457247394907872,-0.3834993451089367,1.1591165818140763
Ewa,EWA19,2024-12-21,-0.7604166666666666,-0.78125,20.109375,20.869791666666668,2.69098715,9.791666666666666,24,3,Ewa_3,21.340979836,-158.042379912,62.13096983995409,13.2827445478893,0,16.258529512831494,3.774307506988381,5,38,0.2201343661704156,0.9750624877273536,3.0779193098940945,0.11938514539329706,0.19793177083545924,-0.09214174354860297,-0.3058245649241726,-0.7204465112771687,0.3457247394907872,-0.3834993451089367,1.1591165818140763
Ewa,EWA19,2024-12-25,-0.7057291666666666,-0.625,21.651041666666668,22.356770833333332,2.6112218825,15.416666666666666,24,4,Ewa_4,21.340979836,-158.042379912,62.13096983995409,13.2827445478893,0,16.258529512831494,3.774307506988381,5,38,0.2201343661704156,0.9750624877273536,3.0779193098940945,0.11938514539329706,0.19793177083545924,-0.09214174354860297,-0.3058245649241726,-0.7204465112771687,0.3457247394907872,-0.3834993451089367,1.1591165818140763
Ewa,EWA20,2024-11-25,-0.8307291666666666,-0.90625,21.34375,22.174479166666668,6.1163025125,11.541666666666666,24,1,Ewa_1,21.357972046,-158.02559248,50.68873158599579,40.75456053067993,0,19.258384337283378,4.859869487652839,5.78000020980835,30,0.26783999739613246,0.9844411181454578,0.5186005463227259,-0.3366277515819735,2.6059610495638066,0.16778830447493376,-0.3058245649241726,-0.5004662414279012,0.3826606237332048,-0.2411363438994797,-1.1482744514859768
Ewa,EWA20,2024-12-01,0.15885416666666666,0.15625,20.213541666666668,20.0546875,1.8855149741666664,16.291666666666668,24,2,Ewa_2,21.357972046,-158.02559248,50.68873158599579,40.75456053067993,0,19.258384337283378,4.859869487652839,5.78000020980835,30,0.26783999739613246,0.9844411181454578,0.5186005463227259,-0.3366277515819735,2.6059610495638066,0.16778830447493376,-0.3058245649241726,-0.5004662414279012,0.3826606237332048,-0.2411363438994797,-1.1482744514859768
Ewa,EWA20,2024-12-21,0.14583333333333334,0.125,21.015625,20.869791666666668,2.69098715,9.791666666666666,24,3,Ewa_3,21.357972046,-158.02559248,50.68873158599579,40.75456053067993,0,19.258384337283378,4.859869487652839,5.78000020980835,30,0.26783999739613246,0.9844411181454578,0.5186005463227259,-0.3366277515819735,2.6059610495638066,0.16778830447493376,-0.3058245649241726,-0.5004662414279012,0.3826606237332048,-0.2411363438994797,-1.1482744514859768
Ewa,EWA20,2024-12-25,0.4453125,0.5,22.802083333333332,22.356770833333332,2.6112218825,15.416666666666666,24,4,Ewa_4,21.357972046,-158.02559248,50.68873158599579,40.75456053067993,0,19.258384337283378,4.859869487652839,5.78000020980835,30,0.26783999739613246,0.9844411181454578,0.5186005463227259,-0.3366277515819735,2.6059610495638066,0.16778830447493376,-0.3058245649241726,-0.5004662414279012,0.3826606237332048,-0.2411363438994797,-1.1482744514859768
Ewa,EWA21,2024-11-25,-0.5651041666666666,-0.59375,21.609375,22.174479166666668,6.1163025125,11.541666666666666,24,1,Ewa_1,21.355951408,-158.025926473,70.09697588362894,6.133188747847164,0,27.510945754446997,4.319050938951283,5.769999980926514,60,0.3972788489115102,0.9846882504620746,0.7045489606138954,0.4368581268741738,-0.42875922429891744,0.8828524695791449,-0.3058245649241726,-0.6100587035828838,0.3836339055699111,0.14513468745207214,-0.9806299556541691
Ewa,EWA21,2024-12-01,0.5338541666666666,0.40625,20.588541666666668,20.0546875,1.8855149741666664,16.291666666666668,24,2,Ewa_2,21.355951408,-158.025926473,70.09697588362894,6.133188747847164,0,27.510945754446997,4.319050938951283,5.769999980926514,60,0.3972788489115102,0.9846882504620746,0.7045489606138954,0.4368581268741738,-0.42875922429891744,0.8828524695791449,-0.3058245649241726,-0.6100587035828838,0.3836339055699111,0.14513468745207214,-0.9806299556541691
Ewa,EWA21,2024-12-21,0.65625,0.625,21.526041666666668,20.869791666666668,2.69098715,9.791666666666666,24,3,Ewa_3,21.355951408,-158.025926473,70.09697588362894,6.133188747847164,0,27.510945754446997,4.319050938951283,5.769999980926514,60,0.3972788489115102,0.9846882504620746,0.7045489606138954,0.4368581268741738,-0.42875922429891744,0.8828524695791449,-0.3058245649241726,-0.6100587035828838,0.3836339055699111,0.14513468745207214,-0.9806299556541691
Ewa,EWA21,2024-12-25,0.9088541666666666,0.875,23.265625,22.356770833333332,2.6112218825,15.416666666666666,24,4,Ewa_4,21.355951408,-158.025926473,70.09697588362894,6.133188747847164,0,27.510945754446997,4.319050938951283,5.769999980926514,60,0.3972788489115102,0.9846882504620746,0.7045489606138954,0.4368581268741738,-0.42875922429891744,0.8828524695791449,-0.3058245649241726,-0.6100587035828838,0.3836339055699111,0.14513468745207214,-0.9806299556541691
Ewa,EWA23,2024-11-25,0.7369791666666666,0.59375,22.911458333333332,22.174479166666668,6.1163025125,11.541666666666666,24,1,Ewa_1,21.356789859,-158.054716378,31.94006057707636,0.12116187864681312,0,0,0,0,0,0,0.9999903756597128,3.3952474584973493,-1.0838273458795296,-0.955740648992683,-1.5009033684830844,-0.3058245649241726,-1.4852791036761963,0.4438983045030335,-1.0404236584899509,1.445208386837659
Ewa,EWA23,2024-12-01,-1.5755208333333333,-1.5625,18.479166666666668,20.0546875,1.8855149741666664,16.291666666666668,24,2,Ewa_2,21.356789859,-158.054716378,31.94006057707636,0.12116187864681312,0,0,0,0,0,0,0.9999903756597128,3.3952474584973493,-1.0838273458795296,-0.955740648992683,-1.5009033684830844,-0.3058245649241726,-1.4852791036761963,0.4438983045030335,-1.0404236584899509,1.445208386837659
Ewa,EWA23,2024-12-21,-1.7916666666666667,-1.65625,19.078125,20.869791666666668,2.69098715,9.791666666666666,24,3,Ewa_3,21.356789859,-158.054716378,31.94006057707636,0.12116187864681312,0,0,0,0,0,0,0.9999903756597128,3.3952474584973493,-1.0838273458795296,-0.955740648992683,-1.5009033684830844,-0.3058245649241726,-1.4852791036761963,0.4438983045030335,-1.0404236584899509,1.445208386837659
Ewa,EWA23,2024-12-25,-1.0963541666666667,-0.84375,21.260416666666668,22.356770833333332,2.6112218825,15.416666666666666,24,4,Ewa_4,21.356789859,-158.054716378,31.94006057707636,0.12116187864681312,0,0,0,0,0,0,0.9999903756597128,3.3952474584973493,-1.0838273458795296,-0.955740648992683,-1.5009033684830844,-0.3058245649241726,-1.4852791036761963,0.4438983045030335,-1.0404236584899509,1.445208386837659
Ewa,EWA24,2024-11-25,1.3567708333333333,1.34375,23.53125,22.174479166666668,6.1163025125,11.541666666666666,24,1,Ewa_1,21.356265014,-158.058572142,62.33186715114426,2.949147138530209,0,1.0766926772985377,5,5,1,0.03150079548414322,0.9997975833643528,3.7992157852669113,0.1273916003225745,-0.7078549136675275,-1.4076105941009325,-0.3058245649241726,-0.4720699375140736,0.44313903011148664,-0.9464190793577828,1.8094119038800642
Ewa,EWA24,2024-12-01,0.8776041666666666,0.875,20.932291666666668,20.0546875,1.8855149741666664,16.291666666666668,24,2,Ewa_2,21.356265014,-158.058572142,62.33186715114426,2.949147138530209,0,1.0766926772985377,5,5,1,0.03150079548414322,0.9997975833643528,3.7992157852669113,0.1273916003225745,-0.7078549136675275,-1.4076105941009325,-0.3058245649241726,-0.4720699375140736,0.44313903011148664,-0.9464190793577828,1.8094119038800642
Ewa,EWA24,2024-12-21,0.7760416666666666,0.65625,21.645833333333332,20.869791666666668,2.69098715,9.791666666666666,24,3,Ewa_3,21.356265014,-158.058572142,62.33186715114426,2.949147138530209,0,1.0766926772985377,5,5,1,0.03150079548414322,0.9997975833643528,3.7992157852669113,0.1273916003225745,-0.7078549136675275,-1.4076105941009325,-0.3058245649241726,-0.4720699375140736,0.44313903011148664,-0.9464190793577828,1.8094119038800642
Ewa,EWA24,2024-12-25,0.7213541666666666,0.6875,23.078125,22.356770833333332,2.6112218825,15.416666666666666,24,4,Ewa_4,21.356265014,-158.058572142,62.33186715114426,2.949147138530209,0,1.0766926772985377,5,5,1,0.03150079548414322,0.9997975833643528,3.7992157852669113,0.1273916003225745,-0.7078549136675275,-1.4076105941009325,-0.3058245649241726,-0.4720699375140736,0.44313903011148664,-0.9464190793577828,1.8094119038800642
Ewa,EWA25,2024-11-25,-0.07552083333333333,-0.0625,22.098958333333332,22.174479166666668,6.1163025125,11.541666666666666,24,1,Ewa_1,21.332712275,-158.053561879,88.49992029332059,3.7690124677146777,0,11.776156824760545,5,5,2,0.06078579309361893,0.993692405349244,3.0509686262187055,1.170279316581987,-0.6359899987843176,-0.48052832098324677,-0.3058245649241726,-0.4720699375140736,0.4190949918678947,-0.8590268775782728,1.1348188011940794
Ewa,EWA25,2024-12-01,0.9505208333333334,0.84375,21.005208333333332,20.0546875,1.8855149741666664,16.291666666666668,24,2,Ewa_2,21.332712275,-158.053561879,88.49992029332059,3.7690124677146777,0,11.776156824760545,5,5,2,0.06078579309361893,0.993692405349244,3.0509686262187055,1.170279316581987,-0.6359899987843176,-0.48052832098324677,-0.3058245649241726,-0.4720699375140736,0.4190949918678947,-0.8590268775782728,1.1348188011940794
Ewa,EWA25,2024-12-21,0.8645833333333334,0.75,21.734375,20.869791666666668,2.69098715,9.791666666666666,24,3,Ewa_3,21.332712275,-158.053561879,88.49992029332059,3.7690124677146777,0,11.776156824760545,5,5,2,0.06078579309361893,0.993692405349244,3.0509686262187055,1.170279316581987,-0.6359899987843176,-0.48052832098324677,-0.3058245649241726,-0.4720699375140736,0.4190949918678947,-0.8590268775782728,1.1348188011940794
Ewa,EWA25,2024-12-25,0.7109375,0.75,23.067708333333332,22.356770833333332,2.6112218825,15.416666666666666,24,4,Ewa_4,21.332712275,-158.053561879,88.49992029332059,3.7690124677146777,0,11.776156824760545,5,5,2,0.06078579309361893,0.993692405349244,3.0509686262187055,1.170279316581987,-0.6359899987843176,-0.48052832098324677,-0.3058245649241726,-0.4720699375140736,0.4190949918678947,-0.8590268775782728,1.1348188011940794
Ewa,EWA26,2024-11-25,0.7578125,0.65625,22.932291666666668,22.174479166666668,6.1163025125,11.541666666666666,24,1,Ewa_1,21.310330316,-158.100173382,98.97627248373516,2.891389588447193,0,42.55236893487297,9.909624012218982,10.359999656677246,3,0.2787496309503111,0.96922266184353,1.4344187965528503,1.587798302470216,-0.7129176249114674,2.186154822000424,-0.3058245649241726,0.5228252728039124,0.32272573822676415,-0.2085798482623145,-0.32260519574826474
Ewa,EWA26,2024-12-01,2.1848958333333335,2.1875,22.239583333333332,20.0546875,1.8855149741666664,16.291666666666668,24,2,Ewa_2,21.310330316,-158.100173382,98.97627248373516,2.891389588447193,0,42.55236893487297,9.909624012218982,10.359999656677246,3,0.2787496309503111,0.96922266184353,1.4344187965528503,1.587798302470216,-0.7129176249114674,2.186154822000424,-0.3058245649241726,0.5228252728039124,0.32272573822676415,-0.2085798482623145,-0.32260519574826474
Ewa,EWA26,2024-12-21,2.3177083333333335,2.40625,23.1875,20.869791666666668,2.69098715,9.791666666666666,24,3,Ewa_3,21.310330316,-158.100173382,98.97627248373516,2.891389588447193,0,42.55236893487297,9.909624012218982,10.359999656677246,3,0.2787496309503111,0.96922266184353,1.4344187965528503,1.587798302470216,-0.7129176249114674,2.186154822000424,-0.3058245649241726,0.5228252728039124,0.32272573822676415,-0.2085798482623145,-0.32260519574826474
Ewa,EWA26,2024-12-25,1.1640625,1.09375,23.520833333333332,22.356770833333332,2.6112218825,15.416666666666666,24,4,Ewa_4,21.310330316,-158.100173382,98.97627248373516,2.891389588447193,0,42.55236893487297,9.909624012218982,10.359999656677246,3,0.2787496309503111,0.96922266184353,1.4344187965528503,1.587798302470216,-0.7129176249114674,2.186154822000424,-0.3058245649241726,0.5228252728039124,0.32272573822676415,-0.2085798482623145,-0.32260519574826474
Ewa,EWA28,2024-11-25,-1.0703125,-1,21.104166666666668,22.174479166666668,6.1163025125,11.541666666666666,24,1,Ewa_1,21.333629188,-158.067358943,42.97415304203716,25.156269932389336,0,3.704863487008656,4.617242762123009,5.829999923706055,6,0.07908227637939473,0.9993187038474124,3.439383060101129,-0.64408047478993935,1.2387001272306575,-1.1798860524952142,-0.3058245649241726,-0.5496325658804462,0.4412530576810526,-0.8044265671910671,1.4849994800142494
Ewa,EWA28,2024-12-01,-0.12239583333333331,0,19.932291666666668,20.0546875,1.8855149741666664,16.291666666666668,24,2,Ewa_2,21.333629188,-158.067358943,42.97415304203716,25.156269932389336,0,3.704863487008656,4.617242762123009,5.829999923706055,6,0.07908227637939473,0.9993187038474124,3.439383060101129,-0.64408047478993935,1.2387001272306575,-1.1798860524952142,-0.3058245649241726,-0.5496325658804462,0.4412530576810526,-0.8044265671910671,1.4849994800142494
Ewa,EWA28,2024-12-21,-0.5416666666666666,-0.40625,20.328125,20.869791666666668,2.69098715,9.791666666666666,24,3,Ewa_3,21.333629188,-158.067358943,42.97415304203716,25.156269932389336,0,3.704863487008656,4.617242762123009,5.829999923706055,6,0.07908227637939473,0.9993187038474124,3.439383060101129,-0.64408047478993935,1.2387001272306575,-1.1798860524952142,-0.3058245649241726,-0.5496325658804462,0.4412530576810526,-0.8044265671910671,1.4849994800142494
Ewa,EWA28,2024-12-25,-0.5390625,-0.46875,21.817708333333332,22.356770833333332,2.6112218825,15.416666666666666,24,4,Ewa_4,21.333629188,-158.067358943,42.97415304203716,25.156269932389336,0,3.704863487008656,4.617242762123009,5.829999923706055,6,0.07908227637939473,0.9993187038474124,3.439383060101129,-0.64408047478993935,1.2387001272306575,-1.1798860524952142,-0.3058245649241726,-0.5496325658804462,0.4412530576810526,-0.8044265671910671,1.4849994800142494
Ewa,EWA29,2024-11-25,-0.6067708333333334,-0.6875,21.567708333333332,22.174479166666668,6.1163025125,11.541666666666666,24,1,Ewa_1,21.329299422,-158.072430847,58.72858919970655,0.1722268291127129,0,0,0,0,0,0,0.999939294058476,3.031520381898172,-0.016211528783202058,-0.9512645744617626,-1.5009033684830844,-0.3058245649241726,-1.4852791036761963,0.4436971297018006,-1.0404236584899509,1.117284953829163
Ewa,EWA29,2024-12-01,0.6901041666666666,0.625,20.744791666666668,20.0546875,1.8855149741666664,16.291666666666668,24,2,Ewa_2,21.329299422,-158.072430847,58.72858919970655,0.1722268291127129,0,0,0,0,0,0,0.999939294058476,3.031520381898172,-0.016211528783202058,-0.9512645744617626,-1.5009033684830844,-0.3058245649241726,-1.4852791036761963,0.4436971297018006,-1.0404236584899509,1.117284953829163
Ewa,EWA29,2024-12-21,0.609375,0.46875,21.479166666666668,20.869791666666668,2.69098715,9.791666666666666,24,3,Ewa_3,21.329299422,-158.072430847,58.72858919970655,0.1722268291127129,0,0,0,0,0,0,0.999939294058476,3.031520381898172,-0.016211528783202058,-0.9512645744617626,-1.5009033684830844,-0.3058245649241726,-1.4852791036761963,0.4436971297018006,-1.0404236584899509,1.117284953829163
Ewa,EWA29,2024-12-25,0.05989583333333333,0,22.416666666666668,22.356770833333332,2.6112218825,15.416666666666666,24,4,Ewa_4,21.329299422,-158.072430847,58.72858919970655,0.1722268291127129,0,0,0,0,0,0,0.999939294058476,3.031520381898172,-0.016211528783202058,-0.9512645744617626,-1.5009033684830844,-0.3058245649241726,-1.4852791036761963,0.4436971297018006,-1.0404236584899509,1.117284953829163
Ewa,EWA31,2024-11-25,-0.4036458333333333,-0.1875,21.770833333333332,22.174479166666668,6.1163025125,11.541666666666666,24,1,Ewa_1,21.328747314,-158.073549188,41.385684237363755,4.68675274988044,0,0.2609617024115767,5,5,1,0.02975201743318206,0.9996412953389524,3.0000993331088255,-0.7073864683636513,-0.5555459003269037,-1.4782916783148647,-0.3058245649241726,-0.4720699375140736,0.44252352057999683,-0.951637777557291,1.088956850559896
Ewa,EWA31,2024-12-01,0.5651041666666666,0.5625,20.619791666666668,20.0546875,1.8855149741666664,16.291666666666668,24,2,Ewa_2,21.328747314,-158.073549188,41.385684237363755,4.68675274988044,0,0.2609617024115767,5,5,1,0.02975201743318206,0.9996412953389524,3.0000993331088255,-0.7073864683636513,-0.5555459003269037,-1.4782916783148647,-0.3058245649241726,-0.4720699375140736,0.44252352057999683,-0.951637777557291,1.088956850559896
Ewa,EWA31,2024-12-21,0.46875,0.375,21.338541666666668,20.869791666666668,2.69098715,9.791666666666666,24,3,Ewa_3,21.328747314,-158.073549188,41.385684237363755,4.68675274988044,0,0.2609617024115767,5,5,1,0.02975201743318206,0.9996412953389524,3.0000993331088255,-0.7073864683636513,-0.5555459003269037,-1.4782916783148647,-0.3058245649241726,-0.4720699375140736,0.44252352057999683,-0.951637777557291,1.088956850559896
Ewa,EWA31,2024-12-25,0.05989583333333333,0.03125,22.416666666666668,22.356770833333332,2.6112218825,15.416666666666666,24,4,Ewa_4,21.328747314,-158.073549188,41.385684237363755,4.68675274988044,0,0.2609617024115767,5,5,1,0.02975201743318206,0.9996412953389524,3.0000993331088255,-0.7073864683636513,-0.5555459003269037,-1.4782916783148647,-0.3058245649241726,-0.4720699375140736,0.44252352057999683,-0.951637777557291,1.088956850559896
Ewa,EWA32,2024-11-25,0.3046875,0.28125,22.479166666666668,22.174479166666668,6.1163025125,11.541666666666666,24,1,Ewa_1,21.333229395,-158.080909574,78.3443349596607,5.402390438247012,0,26.143347526145615,13.043393802003814,15.260000228881836,5,0.33698633805119477,0.8942501077638796,3.642075205208571,0.7655440029400296,-0.492817010921569,0.7643534441390609,-0.3058245649241726,1.1578581279343005,0.02746113610545157,-0.034790042102731185,1.6677395297486692
Ewa,EWA32,2024-12-01,1.5494791666666667,1.5,21.604166666666668,20.0546875,1.8855149741666664,16.291666666666668,24,2,Ewa_2,21.333229395,-158.080909574,78.3443349596607,5.402390438247012,0,26.143347526145615,13.043393802003814,15.260000228881836,5,0.33698633805119477,0.8942501077638796,3.642075205208571,0.7655440029400296,-0.492817010921569,0.7643534441390609,-0.3058245649241726,1.1578581279343005,0.02746113610545157,-0.034790042102731185,1.6677395297486692
Ewa,EWA32,2024-12-21,2.0260416666666665,1.96875,22.895833333333332,20.869791666666668,2.69098715,9.791666666666666,24,3,Ewa_3,21.333229395,-158.080909574,78.3443349596607,5.402390438247012,0,26.143347526145615,13.043393802003814,15.260000228881836,5,0.33698633805119477,0.8942501077638796,3.642075205208571,0.7655440029400296,-0.492817010921569,0.7643534441390609,-0.3058245649241726,1.1578581279343005,0.02746113610545157,-0.034790042102731185,1.6677395297486692
Ewa,EWA32,2024-12-25,0.8776041666666666,0.875,23.234375,22.356770833333332,2.6112218825,15.416666666666666,24,4,Ewa_4,21.333229395,-158.080909574,78.3443349596607,5.402390438247012,0,26.143347526145615,13.043393802003814,15.260000228881836,5,0.33698633805119477,0.8942501077638796,3.642075205208571,0.7655440029400296,-0.492817010921569,0.7643534441390609,-0.3058245649241726,1.1578581279343005,0.02746113610545157,-0.034790042102731185,1.6677395297486692
Ewa,EWA33,2024-11-25,0.9557291666666666,0.78125,23.130208333333332,22.174479166666668,6.1163025125,11.541666666666666,24,1,Ewa_1,21.342920264,-158.041422452,33.356719178519036,31.511172026902113,0,1.860217954598396,4.370994388988381,5.96999979019165,6,0.0700022681330335,0.9998152480273932,2.855538394671342,-1.0273685850557608,1.7957361206511544,-1.3397200544334276,-0.3058245649241726,-0.5995327876429495,0.4432085988992686,-0.831523100487995,0.9586258351881999
Ewa,EWA33,2024-12-01,-0.3098958333333333,-0.3125,19.744791666666668,20.0546875,1.8855149741666664,16.291666666666668,24,2,Ewa_2,21.342920264,-158.041422452,33.356719178519036,31.511172026902113,0,1.860217954598396,4.370994388988381,5.96999979019165,6,0.0700022681330335,0.9998152480273932,2.855538394671342,-1.0273685850557608,1.7957361206511544,-1.3397200544334276,-0.3058245649241726,-0.5995327876429495,0.4432085988992686,-0.831523100487995,0.9586258351881999
Ewa,EWA33,2024-12-21,-0.328125,-0.21875,20.541666666666668,20.869791666666668,2.69098715,9.791666666666666,24,3,Ewa_3,21.342920264,-158.041422452,33.356719178519036,31.511172026902113,0,1.860217954598396,4.370994388988381,5.96999979019165,6,0.0700022681330335,0.9998152480273932,2.855538394671342,-1.0273685850557608,1.7957361206511544,-1.3397200544334276,-0.3058245649241726,-0.5995327876429495,0.4432085988992686,-0.831523100487995,0.9586258351881999
Ewa,EWA33,2024-12-25,-0.12760416666666666,-0.25,22.229166666666668,22.356770833333332,2.6112218825,15.416666666666666,24,4,Ewa_4,21.342920264,-158.041422452,33.356719178519036,31.511172026902113,0,1.860217954598396,4.370994388988381,5.96999979019165,6,0.0700022681330335,0.9998152480273932,2.855538394671342,-1.0273685850557608,1.7957361206511544,-1.3397200544334276,-0.3058245649241726,-0.5995327876429495,0.4432085988992686,-0.831523100487995,0.9586258351881999
Ewa,EWA35,2024-11-25,-1.1432291666666667,-1.125,21.03125,22.174479166666668,6.1163025125,11.541666666666666,24,1,Ewa_1,21.369949853,-158.027661941,33.47676419965577,13.188179412796073,0,2.5471937177397943,4.821562388036686,5,3,0.05610944985058046,0.9995318269273809,0.7009771990559863,-1.0225843744283443,0.1896427078119576,-1.2801952928853497,-0.3058245649241726,-0.5082288623199356,0.44209240085379425,-0.8729820070181205,-0.9838501292054717
Ewa,EWA35,2024-12-01,-1.2161458333333333,-1.25,18.838541666666668,20.0546875,1.8855149741666664,16.291666666666668,24,2,Ewa_2,21.369949853,-158.027661941,33.47676419965577,13.188179412796073,0,2.5471937177397943,4.821562388036686,5,3,0.05610944985058046,0.9995318269273809,0.7009771990559863,-1.0225843744283443,0.1896427078119576,-1.2801952928853497,-0.3058245649241726,-0.5082288623199356,0.44209240085379425,-0.8729820070181205,-0.9838501292054717
Ewa,EWA35,2024-12-21,-0.5885416666666666,-0.5625,20.28125,20.869791666666668,2.69098715,9.791666666666666,24,3,Ewa_3,21.369949853,-158.027661941,33.47676419965577,13.188179412796073,0,2.5471937177397943,4.821562388036686,5,3,0.05610944985058046,0.9995318269273809,0.7009771990559863,-1.0225843744283443,0.1896427078119576,-1.2801952928853497,-0.3058245649241726,-0.5082288623199356,0.44209240085379425,-0.8729820070181205,-0.9838501292054717
Ewa,EWA35,2024-12-25,-0.00260416666666666,0,22.354166666666668,22.356770833333332,2.6112218825,15.416666666666666,24,4,Ewa_4,21.369949853,-158.027661941,33.47676419965577,13.188179412796073,0,2.5471937177397943,4.821562388036686,5,3,0.05610944985058046,0.9995318269273809,0.7009771990559863,-1.0225843744283443,0.1896427078119576,-1.2801952928853497,-0.3058245649241726,-0.5082288623199356,0.44209240085379425,-0.8729820070181205,-0.9838501292054717
Ewa,EWA36,2024-11-25,0.6536458333333334,0.59375,22.828125,22.174479166666668,6.1163025125,11.541666666666666,24,1,Ewa_1,21.354431079,-158.061945848,5.709728867623604,0.00637816117613292,0,2.445978632548008,9.040455753337428,9.149999618530272,2,0.08557379985908625,0.999317979932941,4.179182349533296,-2.1291970791405865,-0.9658019624698782,-1.2889653312685951,-0.3058245649241726,0.34669542343671966,0.44125020668683235,-0.7850545823489012,2.1519762830505043
Ewa,EWA36,2024-12-01,-0.7369791666666666,-0.75,19.317708333333332,20.0546875,1.8855149741666664,16.291666666666668,24,2,Ewa_2,21.354431079,-158.061945848,5.709728867623604,0.00637816117613292,0,2.445978632548008,9.040455753337428,9.149999618530272,2,0.08557379985908625,0.999317979932941,4.179182349533296,-2.1291970791405865,-0.9658019624698782,-1.2889653312685951,-0.3058245649241726,0.34669542343671966,0.44125020668683235,-0.7850545823489012,2.1519762830505043
Ewa,EWA36,2024-12-21,-0.515625,-0.6875,20.354166666666668,20.869791666666668,2.69098715,9.791666666666666,24,3,Ewa_3,21.354431079,-158.061945848,5.709728867623604,0.00637816117613292,0,2.445978632548008,9.040455753337428,9.149999618530272,2,0.08557379985908625,0.999317979932941,4.179182349533296,-2.1291970791405865,-0.9658019624698782,-1.2889653312685951,-0.3058245649241726,0.34669542343671966,0.44125020668683235,-0.7850545823489012,2.1519762830505043
Ewa,EWA36,2024-12-25,-0.4973958333333333,-0.65625,21.859375,22.356770833333332,2.6112218825,15.416666666666666,24,4,Ewa_4,21.354431079,-158.061945848,5.709728867623604,0.00637816117613292,0,2.445978632548008,9.040455753337428,9.149999618530272,2,0.08557379985908625,0.999317979932941,4.179182349533296,-2.1291970791405865,-0.9658019624698782,-1.2889653312685951,-0.3058245649241726,0.34669542343671966,0.44125020668683235,-0.7850545823489012,2.1519762830505043
Ewa,EWA37,2024-11-25,-1.5963541666666667,-1.6875,20.578125,22.174479166666668,6.1163025125,11.541666666666666,24,1,Ewa_1,21.342016468,-158.020941334,75.31966455151303,0.589697819711845,0,25.729680124906704,5.376675044994327,6.210000038146973,66,0.5005276988183727,0.9310872836132178,2.005012831118981,0.645000392100809,-0.9146713485529919,0.7285101804606435,-0.3058245649241726,-0.3957398158635172,0.17253708028193396,0.45324959478070537,0.19182215021280682
Ewa,EWA37,2024-12-01,-0.2630208333333333,-0.21875,19.791666666666668,20.0546875,1.8855149741666664,16.291666666666668,24,2,Ewa_2,21.342016468,-158.020941334,75.31966455151303,0.589697819711845,0,25.729680124906704,5.376675044994327,6.210000038146973,66,0.5005276988183727,0.9310872836132178,2.005012831118981,0.645000392100809,-0.9146713485529919,0.7285101804606435,-0.3058245649241726,-0.3957398158635172,0.17253708028193396,0.45324959478070537,0.19182215021280682
Ewa,EWA37,2024-12-21,-0.03645833333333333,-0.15625,20.833333333333332,20.869791666666668,2.69098715,9.791666666666666,24,3,Ewa_3,21.342016468,-158.020941334,75.31966455151303,0.589697819711845,0,25.729680124906704,5.376675044994327,6.210000038146973,66,0.5005276988183727,0.9310872836132178,2.005012831118981,0.645000392100809,-0.9146713485529919,0.7285101804606435,-0.3058245649241726,-0.3957398158635172,0.17253708028193396,0.45324959478070537,0.19182215021280682
Ewa,EWA37,2024-12-25,-0.02864583333333333,-0.03125,22.328125,22.356770833333332,2.6112218825,15.416666666666666,24,4,Ewa_4,21.342016468,-158.020941334,75.31966455151303,0.589697819711845,0,25.729680124906704,5.376675044994327,6.210000038146973,66,0.5005276988183727,0.9310872836132178,2.005012831118981,0.645000392100809,-0.9146713485529919,0.7285101804606435,-0.3058245649241726,-0.3957398158635172,0.17253708028193396,0.45324959478070537,0.19182215021280682
Ewa,EWA38,2024-11-25,0.8723958333333334,0.71875,23.046875,22.174479166666668,6.1163025125,11.541666666666666,24,1,Ewa_1,21.335000101,-158.044283328,12.124689233122968,11.669269754247283,0,2.4302279300816085,3.382877025977517,4.28000020980835,7,0.05987026098584938,0.9980028575268588,3.219213486254167,-1.8735386497908102,0.05650338670482709,-1.2903300909280042,-0.3058245649241726,-0.7997667015322599,0.43607085674018187,-0.8617590057404388,1.2865024003495549
Ewa,EWA38,2024-12-01,-1.1223958333333333,-1.25,18.932291666666668,20.0546875,1.8855149741666664,16.291666666666668,24,2,Ewa_2,21.335000101,-158.044283328,12.124689233122968,11.669269754247283,0,2.4302279300816085,3.382877025977517,4.28000020980835,7,0.05987026098584938,0.9980028575268588,3.219213486254167,-1.8735386497908102,0.05650338670482709,-1.2903300909280042,-0.3058245649241726,-0.7997667015322599,0.43607085674018187,-0.8617590057404388,1.2865024003495549
Ewa,EWA38,2024-12-21,-0.828125,-0.96875,20.041666666666668,20.869791666666668,2.69098715,9.791666666666666,24,3,Ewa_3,21.335000101,-158.044283328,12.124689233122968,11.669269754247283,0,2.4302279300816085,3.382877025977517,4.28000020980835,7,0.05987026098584938,0.9980028575268588,3.219213486254167,-1.8735386497908102,0.05650338670482709,-1.2903300909280042,-0.3058245649241726,-0.7997667015322599,0.43607085674018187,-0.8617590057404388,1.2865024003495549
Ewa,EWA38,2024-12-25,-0.7526041666666666,-0.84375,21.604166666666668,22.356770833333332,2.6112218825,15.416666666666666,24,4,Ewa_4,21.335000101,-158.044283328,12.124689233122968,11.669269754247283,0,2.4302279300816085,3.382877025977517,4.28000020980835,7,0.05987026098584938,0.9980028575268588,3.219213486254167,-1.8735386497908102,0.05650338670482709,-1.2903300909280042,-0.3058245649241726,-0.7997667015322599,0.43607085674018187,-0.8617590057404388,1.2865024003495549
Ewa,EWA39,2024-11-25,1.0755208333333333,0.90625,23.25,22.174479166666668,6.1163025125,11.541666666666666,24,1,Ewa_1,21.3376646,-158.053484081,39.14262948207171,0.2198852772466539,0,8.856019590439189,4.485728126611716,5.480000019073486,19,0.15717861678637224,0.9960060301359196,3.584572167250284,-0.796779983367679,-0.9470870953115973,-0.7335510357378361,-0.3058245649241726,-0.5762829327173489,0.4282067463023245,-0.5713717030554625,1.6158968300189507
Ewa,EWA39,2024-12-01,-0.1640625,-0.15625,19.890625,20.0546875,1.8855149741666664,16.291666666666668,24,2,Ewa_2,21.3376646,-158.053484081,39.14262948207171,0.2198852772466539,0,8.856019590439189,4.485728126611716,5.480000019073486,19,0.15717861678637224,0.9960060301359196,3.584572167250284,-0.796779983367679,-0.9470870953115973,-0.7335510357378361,-0.3058245649241726,-0.5762829327173489,0.4282067463023245,-0.5713717030554625,1.6158968300189507
Ewa,EWA39,2024-12-21,-0.00520833333333333,-0.125,20.864583333333332,20.869791666666668,2.69098715,9.791666666666666,24,3,Ewa_3,21.3376646,-158.053484081,39.14262948207171,0.2198852772466539,0,8.856019590439189,4.485728126611716,5.480000019073486,19,0.15717861678637224,0.9960060301359196,3.584572167250284,-0.796779983367679,-0.9470870953115973,-0.7335510357378361,-0.3058245649241726,-0.5762829327173489,0.4282067463023245,-0.5713717030554625,1.6158968300189507
Ewa,EWA39,2024-12-25,-0.12760416666666666,-0.03125,22.229166666666668,22.356770833333332,2.6112218825,15.416666666666666,24,4,Ewa_4,21.3376646,-158.053484081,39.14262948207171,0.2198852772466539,0,8.856019590439189,4.485728126611716,5.480000019073486,19,0.15717861678637224,0.9960060301359196,3.584572167250284,-0.796779983367679,-0.9470870953115973,-0.7335510357378361,-0.3058245649241726,-0.5762829327173489,0.4282067463023245,-0.5713717030554625,1.6158968300189507
Ewa,EWA40,2024-11-25,-0.4817708333333333,-0.1875,21.692708333333332,22.174479166666668,6.1163025125,11.541666666666666,24,1,Ewa_1,21.3289547,-158.075093612,62.295186483901816,10.131709028287144,0,19.69217662640845,5,5,3,0.08791062786778206,0.992184397958754,3.0463033517737843,0.12592974845749677,-0.0782707850592167,0.2053753402292797,-0.3058245649241726,-0.4720699375140736,0.413156002492183,-0.7780810272343235,1.1306127552042966
Ewa,EWA40,2024-12-01,0.3203125,0.34375,20.375,20.0546875,1.8855149741666664,16.291666666666668,24,2,Ewa_2,21.3289547,-158.075093612,62.295186483901816,10.131709028287144,0,19.69217662640845,5,5,3,0.08791062786778206,0.992184397958754,3.0463033517737843,0.12592974845749677,-0.0782707850592167,0.2053753402292797,-0.3058245649241726,-0.4720699375140736,0.413156002492183,-0.7780810272343235,1.1306127552042966
Ewa,EWA40,2024-12-21,0.02604166666666666,0,20.895833333333332,20.869791666666668,2.69098715,9.791666666666666,24,3,Ewa_3,21.3289547,-158.075093612,62.295186483901816,10.131709028287144,0,19.69217662640845,5,5,3,0.08791062786778206,0.992184397958754,3.0463033517737843,0.12592974845749677,-0.0782707850592167,0.2053753402292797,-0.3058245649241726,-0.4720699375140736,0.413156002492183,-0.7780810272343235,1.1306127552042966
Ewa,EWA40,2024-12-25,-0.1953125,-0.125,22.161458333333332,22.356770833333332,2.6112218825,15.416666666666666,24,4,Ewa_4,21.3289547,-158.075093612,62.295186483901816,10.131709028287144,0,19.69217662640845,5,5,3,0.08791062786778206,0.992184397958754,3.0463033517737843,0.12592974845749677,-0.0782707850592167,0.2053753402292797,-0.3058245649241726,-0.4720699375140736,0.413156002492183,-0.7780810272343235,1.1306127552042966
Ewa,EWA42,2024-11-25,-1.0182291666666667,-1,21.15625,22.174479166666668,6.1163025125,11.541666666666666,24,1,Ewa_1,21.336057076,-158.037618593,12.076277942536432,0.8513216210183975,0,0,0,0,0,0,0.9999613823802308,3.211485501468632,-1.8754680076993508,-0.8917388356840559,-1.5009033684830844,-0.3058245649241726,-1.4852791036761963,0.4437841201960489,-1.0404236584899509,1.2795351233329397
Ewa,EWA42,2024-12-01,0.0859375,0,20.140625,20.0546875,1.8855149741666664,16.291666666666668,24,2,Ewa_2,21.336057076,-158.037618593,12.076277942536432,0.8513216210183975,0,0,0,0,0,0,0.9999613823802308,3.211485501468632,-1.8754680076993508,-0.8917388356840559,-1.5009033684830844,-0.3058245649241726,-1.4852791036761963,0.4437841201960489,-1.0404236584899509,1.2795351233329397
Ewa,EWA42,2024-12-21,0.01041666666666666,0,20.880208333333332,20.869791666666668,2.69098715,9.791666666666666,24,3,Ewa_3,21.336057076,-158.037618593,12.076277942536432,0.8513216210183975,0,0,0,0,0,0,0.9999613823802308,3.211485501468632,-1.8754680076993508,-0.8917388356840559,-1.5009033684830844,-0.3058245649241726,-1.4852791036761963,0.4437841201960489,-1.0404236584899509,1.2795351233329397
Ewa,EWA42,2024-12-25,0.01822916666666666,0,22.375,22.356770833333332,2.6112218825,15.416666666666666,24,4,Ewa_4,21.336057076,-158.037618593,12.076277942536432,0.8513216210183975,0,0,0,0,0,0,0.9999613823802308,3.211485501468632,-1.8754680076993508,-0.8917388356840559,-1.5009033684830844,-0.3058245649241726,-1.4852791036761963,0.4437841201960489,-1.0404236584899509,1.2795351233329397
Ewa,EWA45,2024-11-25,1.2838541666666667,1.125,23.458333333333332,22.174479166666668,6.1163025125,11.541666666666666,24,1,Ewa_1,21.348297007,-158.032308791,76.2995088972511,2.7632585415604285,0,29.210857143111753,3.436286361904042,5.599999904632568,57,0.31877742655723446,0.9939743862309784,1.7796683963949071,0.6840505891660802,-0.7241488923533695,1.030145613663916,-0.3058245649241726,-0.7889437357883826,0.42020551789802957,-0.08912902101220926,-0.011340400496909658
Ewa,EWA45,2024-12-01,-0.20052083333333337,-0.21875,19.854166666666668,20.0546875,1.8855149741666664,16.291666666666668,24,2,Ewa_2,21.348297007,-158.032308791,76.2995088972511,2.7632585415604285,0,29.210857143111753,3.436286361904042,5.599999904632568,57,0.31877742655723446,0.9939743862309784,1.7796683963949071,0.6840505891660802,-0.7241488923533695,1.030145613663916,-0.3058245649241726,-0.7889437357883826,0.42020551789802957,-0.08912902101220926,-0.011340400496909658
Ewa,EWA45,2024-12-21,-0.109375,-0.125,20.760416666666668,20.869791666666668,2.69098715,9.791666666666666,24,3,Ewa_3,21.348297007,-158.032308791,76.2995088972511,2.7632585415604285,0,29.210857143111753,3.436286361904042,5.599999904632568,57,0.31877742655723446,0.9939743862309784,1.7796683963949071,0.6840505891660802,-0.7241488923533695,1.030145613663916,-0.3058245649241726,-0.7889437357883826,0.42020551789802957,-0.08912902101220926,-0.011340400496909658
Ewa,EWA45,2024-12-25,0.04947916666666666,0.0625,22.40625,22.356770833333332,2.6112218825,15.416666666666666,24,4,Ewa_4,21.348297007,-158.032308791,76.2995088972511,2.7632585415604285,0,29.210857143111753,3.436286361904042,5.599999904632568,57,0.31877742655723446,0.9939743862309784,1.7796683963949071,0.6840505891660802,-0.7241488923533695,1.030145613663916,-0.3058245649241726,-0.7889437357883826,0.42020551789802957,-0.08912902101220926,-0.011340400496909658
Ewa,EWA46,2024-11-25,1.0338541666666667,1,23.208333333333332,22.174479166666668,6.1163025125,11.541666666666666,24,1,Ewa_1,21.319870001,-158.116895423,17.598852040816325,0,0,4.922430211792328,7.086557394268362,10.220000267028809,4,0.10284534350257954,0.998218592278902,0.4507037096079975,-1.6553742675217233,-0.9663610372273023,-1.0743868881139158,-0.3058245649241726,-0.04924612199486191,0.4369204854677572,-0.7335128937592671,-1.2094878315677866
Ewa,EWA46,2024-12-01,1.1901041666666667,1.375,21.244791666666668,20.0546875,1.8855149741666664,16.291666666666668,24,2,Ewa_2,21.319870001,-158.116895423,17.598852040816325,0,0,4.922430211792328,7.086557394268362,10.220000267028809,4,0.10284534350257954,0.998218592278902,0.4507037096079975,-1.6553742675217233,-0.9663610372273023,-1.0743868881139158,-0.3058245649241726,-0.04924612199486191,0.4369204854677572,-0.7335128937592671,-1.2094878315677866
Ewa,EWA46,2024-12-21,1.3229166666666667,1.0625,22.192708333333332,20.869791666666668,2.69098715,9.791666666666666,24,3,Ewa_3,21.319870001,-158.116895423,17.598852040816325,0,0,4.922430211792328,7.086557394268362,10.220000267028809,4,0.10284534350257954,0.998218592278902,0.4507037096079975,-1.6553742675217233,-0.9663610372273023,-1.0743868881139158,-0.3058245649241726,-0.04924612199486191,0.4369204854677572,-0.7335128937592671,-1.2094878315677866
Ewa,EWA46,2024-12-25,-0.4817708333333333,-0.375,21.875,22.356770833333332,2.6112218825,15.416666666666666,24,4,Ewa_4,21.319870001,-158.116895423,17.598852040816325,0,0,4.922430211792328,7.086557394268362,10.220000267028809,4,0.10284534350257954,0.998218592278902,0.4507037096079975,-1.6553742675217233,-0.9663610372273023,-1.0743868881139158,-0.3058245649241726,-0.04924612199486191,0.4369204854677572,-0.7335128937592671,-1.2094878315677866
Ewa,EWA48,2024-11-25,-1.2265625,-1.28125,20.947916666666668,22.174479166666668,6.1163025125,11.541666666666666,24,1,Ewa_1,21.337463633,-158.018168167,51.060301667782774,2.831542361531839,0,12.69620386357666,5.801854518601529,6.679999828338623,54,0.3739950842399836,0.9949670461529192,2.4051571883699743,-0.3218193945399057,-0.7181635058082073,-0.4008085061995159,-0.3058245649241726,-0.30958066787895644,0.4241149130159046,0.07565134695481111,0.5525781119509072
Ewa,EWA48,2024-12-01,-0.0234375,-0.0625,20.03125,20.0546875,1.8855149741666664,16.291666666666668,24,2,Ewa_2,21.337463633,-158.018168167,51.060301667782774,2.831542361531839,0,12.69620386357666,5.801854518601529,6.679999828338623,54,0.3739950842399836,0.9949670461529192,2.4051571883699743,-0.3218193945399057,-0.7181635058082073,-0.4008085061995159,-0.3058245649241726,-0.30958066787895644,0.4241149130159046,0.07565134695481111,0.5525781119509072
Ewa,EWA48,2024-12-21,0.09895833333333331,0,20.96875,20.869791666666668,2.69098715,9.791666666666666,24,3,Ewa_3,21.337463633,-158.018168167,51.060301667782774,2.831542361531839,0,12.69620386357666,5.801854518601529,6.679999828338623,54,0.3739950842399836,0.9949670461529192,2.4051571883699743,-0.3218193945399057,-0.7181635058082073,-0.4008085061995159,-0.3058245649241726,-0.30958066787895644,0.4241149130159046,0.07565134695481111,0.5525781119509072
Ewa,EWA48,2024-12-25,0.09114583333333331,0.125,22.447916666666668,22.356770833333332,2.6112218825,15.416666666666666,24,4,Ewa_4,21.337463633,-158.018168167,51.060301667782774,2.831542361531839,0,12.69620386357666,5.801854518601529,6.679999828338623,54,0.3739950842399836,0.9949670461529192,2.4051571883699743,-0.3218193945399057,-0.7181635058082073,-0.4008085061995159,-0.3058245649241726,-0.30958066787895644,0.4241149130159046,0.07565134695481111,0.5525781119509072
Ewa,EWA50,2024-11-25,0.6901041666666666,0.53125,22.864583333333332,22.174479166666668,6.1163025125,11.541666666666666,24,1,Ewa_1,21.344363191,-158.035842688,33.54369860393957,25.5021360709048,0,8.214840471227179,4.618262996020235,6.639999866485596,12,0.12662503237508074,0.9981424350095692,2.348498363245884,-1.0199168061670199,1.2690168630659473,-0.7891076306403638,-0.3058245649241726,-0.5494258238131865,0.4366205550985145,-0.6625496177531539,0.5014965245732524
Ewa,EWA50,2024-12-01,-1.3619791666666667,-1.3125,18.692708333333332,20.0546875,1.8855149741666664,16.291666666666668,24,2,Ewa_2,21.344363191,-158.035842688,33.54369860393957,25.5021360709048,0,8.214840471227179,4.618262996020235,6.639999866485596,12,0.12662503237508074,0.9981424350095692,2.348498363245884,-1.0199168061670199,1.2690168630659473,-0.7891076306403638,-0.3058245649241726,-0.5494258238131865,0.4366205550985145,-0.6625496177531539,0.5014965245732524
Ewa,EWA50,2024-12-21,-1.2604166666666667,-1.28125,19.609375,20.869791666666668,2.69098715,9.791666666666666,24,3,Ewa_3,21.344363191,-158.035842688,33.54369860393957,25.5021360709048,0,8.214840471227179,4.618262996020235,6.639999866485596,12,0.12662503237508074,0.9981424350095692,2.348498363245884,-1.0199168061670199,1.2690168630659473,-0.7891076306403638,-0.3058245649241726,-0.5494258238131865,0.4366205550985145,-0.6625496177531539,0.5014965245732524
Ewa,EWA50,2024-12-25,-1.2317708333333333,-1.25,21.125,22.356770833333332,2.6112218825,15.416666666666666,24,4,Ewa_4,21.344363191,-158.035842688,33.54369860393957,25.5021360709048,0,8.214840471227179,4.618262996020235,6.639999866485596,12,0.12662503237508074,0.9981424350095692,2.348498363245884,-1.0199168061670199,1.2690168630659473,-0.7891076306403638,-0.3058245649241726,-0.5494258238131865,0.4366205550985145,-0.6625496177531539,0.5014965245732524
Honolulu,HNL01,2024-12-16,-1.953125,-2,19.588541666666668,21.541666666666668,3.2042566791666665,6.958333333333333,24,4,Hon_4,21.292930695,-157.813130937,28.09948979591837,22.630320420851262,0,16.71775245323599,8.567061119763585,11.739999771118164,18,0.3471855750881817,0.9877695514324684,2.4437457959243583,-1.2368874176140587,1.0172891952346224,-0.05235120435987412,-0.3058245649241726,0.2507658670469242,0.3957690010886359,-0.004353509615359372,0.5873682320117127
Honolulu,HNL01,2024-12-21,-2.1197916666666665,-2.21875,19.885416666666668,22.005208333333332,3.3775978091666667,5.291666666666667,24,5,Hon_5,21.292930695,-157.813130937,28.09948979591837,22.630320420851262,0,16.71775245323599,8.567061119763585,11.739999771118164,18,0.3471855750881817,0.9877695514324684,2.4437457959243583,-1.2368874176140587,1.0172891952346224,-0.05235120435987412,-0.3058245649241726,0.2507658670469242,0.3957690010886359,-0.004353509615359372,0.5873682320117127
Honolulu,HNL01,2024-12-26,-1.5729166666666667,-1.5,21.510416666666668,23.083333333333332,1.6095112708333337,8,24,6,Hon_6,21.292930695,-157.813130937,28.09948979591837,22.630320420851262,0,16.71775245323599,8.567061119763585,11.739999771118164,18,0.3471855750881817,0.9877695514324684,2.4437457959243583,-1.2368874176140587,1.0172891952346224,-0.05235120435987412,-0.3058245649241726,0.2507658670469242,0.3957690010886359,-0.004353509615359372,0.5873682320117127
Honolulu,HNL01,2025-01-03,-1.8463541666666667,-2,19.984375,21.830729166666668,3.27522905,7.458333333333333,24,7,Hon_7,21.292930695,-157.813130937,28.09948979591837,22.630320420851262,0,16.71775245323599,8.567061119763585,11.739999771118164,18,0.3471855750881817,0.9877695514324684,2.4437457959243583,-1.2368874176140587,1.0172891952346224,-0.05235120435987412,-0.3058245649241726,0.2507658670469242,0.3957690010886359,-0.004353509615359372,0.5873682320117127
Honolulu,HNL03,2024-11-30,-0.4661458333333333,-0.1875,21.484375,21.950520833333332,6.923625725,14.75,24,1,Hon_1,21.285501833,-157.817752579,61.160714285714285,2.3994646612707924,0,15.335942823356213,6.320589183938877,10.5600004196167,10,0.18550278660994624,0.9958161666359492,1.537517268821793,0.08071709494065238,-0.7560370760725825,-0.17208161282044412,-0.3058245649241726,-0.20446332433378817,0.42745900639317636,-0.4868468006645553,-0.22965526944508935
Honolulu,HNL03,2024-12-01,-0.703125,-0.75,20.994791666666668,21.697916666666668,1.70763501625,5.208333333333333,24,2,Hon_2,21.285501833,-157.817752579,61.160714285714285,2.3994646612707924,0,15.335942823356213,6.320589183938877,10.5600004196167,10,0.18550278660994624,0.9958161666359492,1.537517268821793,0.08071709494065238,-0.7560370760725825,-0.17208161282044412,-0.3058245649241726,-0.20446332433378817,0.42745900639317636,-0.4868468006645553,-0.22965526944508935
Honolulu,HNL03,2024-12-07,-0.4791666666666667,-0.5,22.15625,22.635416666666668,5.9895923458333336,20.25,24,3,Hon_3,21.285501833,-157.817752579,61.160714285714285,2.3994646612707924,0,15.335942823356213,6.320589183938877,10.5600004196167,10,0.18550278660994624,0.9958161666359492,1.537517268821793,0.08071709494065238,-0.7560370760725825,-0.17208161282044412,-0.3058245649241726,-0.20446332433378817,0.42745900639317636,-0.4868468006645553,-0.22965526944508935
Honolulu,HNL03,2024-12-16,-0.9427083333333334,-1.09375,20.598958333333332,21.541666666666668,3.2042566791666665,6.958333333333333,24,4,Hon_4,21.285501833,-157.817752579,61.160714285714285,2.3994646612707924,0,15.335942823356213,6.320589183938877,10.5600004196167,10,0.18550278660994624,0.9958161666359492,1.537517268821793,0.08071709494065238,-0.7560370760725825,-0.17208161282044412,-0.3058245649241726,-0.20446332433378817,0.42745900639317636,-0.4868468006645553,-0.22965526944508935
Honolulu,HNL03,2024-12-21,-0.5572916666666666,-0.53125,21.447916666666668,22.005208333333332,3.3775978091666667,5.291666666666667,24,5,Hon_5,21.285501833,-157.817752579,61.160714285714285,2.3994646612707924,0,15.335942823356213,6.320589183938877,10.5600004196167,10,0.18550278660994624,0.9958161666359492,1.537517268821793,0.08071709494065238,-0.7560370760725825,-0.17208161282044412,-0.3058245649241726,-0.20446332433378817,0.42745900639317636,-0.4868468006645553,-0.22965526944508935
Honolulu,HNL03,2024-12-26,-0.3385416666666667,-0.25,22.744791666666668,23.083333333333332,1.6095112708333337,8,24,6,Hon_6,21.285501833,-157.817752579,61.160714285714285,2.3994646612707924,0,15.335942823356213,6.320589183938877,10.5600004196167,10,0.18550278660994624,0.9958161666359492,1.537517268821793,0.08071709494065238,-0.7560370760725825,-0.17208161282044412,-0.3058245649241726,-0.20446332433378817,0.42745900639317636,-0.4868468006645553,-0.22965526944508935
Honolulu,HNL03,2025-01-03,-0.7994791666666666,-0.8125,21.03125,21.830729166666668,3.27522905,7.458333333333333,24,7,Hon_7,21.285501833,-157.817752579,61.160714285714285,2.3994646612707924,0,15.335942823356213,6.320589183938877,10.5600004196167,10,0.18550278660994624,0.9958161666359492,1.537517268821793,0.08071709494065238,-0.7560370760725825,-0.17208161282044412,-0.3058245649241726,-0.20446332433378817,0.42745900639317636,-0.4868468006645553,-0.22965526944508935
Honolulu,HNL04,2024-11-30,-0.6848958333333334,-0.59375,21.265625,21.950520833333332,6.923625725,14.75,24,1,Hon_1,21.290175,-157.812344,80.80112259216737,10.1330016266386,0,24.68636818277907,4.888071501577797,16.989999771118164,41,0.3512442826592151,0.07961783028407275,2.3004124000919868,0.863455514716567,-0.07815748295068868,0.6381097647437545,-0.3058245649241726,-0.4947513336253013,-3.18080725274674,0.007758473309884375,0.4581439255190922
Honolulu,HNL04,2024-12-01,-0.671875,-0.625,21.026041666666668,21.697916666666668,1.70763501625,5.208333333333333,24,2,Hon_2,21.290175,-157.812344,80.80112259216737,10.1330016266386,0,24.68636818277907,4.888071501577797,16.989999771118164,41,0.3512442826592151,0.07961783028407275,2.3004124000919868,0.863455514716567,-0.07815748295068868,0.6381097647437545,-0.3058245649241726,-0.4947513336253013,-3.18080725274674,0.007758473309884375,0.4581439255190922
Honolulu,HNL04,2024-12-07,-0.96875,-1.0625,21.666666666666668,22.635416666666668,5.9895923458333336,20.25,24,3,Hon_3,21.290175,-157.812344,80.80112259216737,10.1330016266386,0,24.68636818277907,4.888071501577797,16.989999771118164,41,0.3512442826592151,0.07961783028407275,2.3004124000919868,0.863455514716567,-0.07815748295068868,0.6381097647437545,-0.3058245649241726,-0.4947513336253013,-3.18080725274674,0.007758473309884375,0.4581439255190922
Honolulu,HNL04,2024-12-16,-1.453125,-1.625,20.088541666666668,21.541666666666668,3.2042566791666665,6.958333333333333,24,4,Hon_4,21.290175,-157.812344,80.80112259216737,10.1330016266386,0,24.68636818277907,4.888071501577797,16.989999771118164,41,0.3512442826592151,0.07961783028407275,2.3004124000919868,0.863455514716567,-0.07815748295068868,0.6381097647437545,-0.3058245649241726,-0.4947513336253013,-3.18080725274674,0.007758473309884375,0.4581439255190922
Honolulu,HNL04,2024-12-21,-1.3489583333333333,-1.71875,20.65625,22.005208333333332,3.3775978091666667,5.291666666666667,24,5,Hon_5,21.290175,-157.812344,80.80112259216737,10.1330016266386,0,24.68636818277907,4.888071501577797,16.989999771118164,41,0.3512442826592151,0.07961783028407275,2.3004124000919868,0.863455514716567,-0.07815748295068868,0.6381097647437545,-0.3058245649241726,-0.4947513336253013,-3.18080725274674,0.007758473309884375,0.4581439255190922
Honolulu,HNL04,2024-12-26,-0.734375,-0.5,22.348958333333332,23.083333333333332,1.6095112708333337,8,24,6,Hon_6,21.290175,-157.812344,80.80112259216737,10.1330016266386,0,24.68636818277907,4.888071501577797,16.989999771118164,41,0.3512442826592151,0.07961783028407275,2.3004124000919868,0.863455514716567,-0.07815748295068868,0.6381097647437545,-0.3058245649241726,-0.4947513336253013,-3.18080725274674,0.007758473309884375,0.4581439255190922
Honolulu,HNL04,2025-01-03,-1.2473958333333333,-1.4375,20.583333333333332,21.830729166666668,3.27522905,7.458333333333333,24,7,Hon_7,21.290175,-157.812344,80.80112259216737,10.1330016266386,0,24.68636818277907,4.888071501577797,16.989999771118164,41,0.3512442826592151,0.07961783028407275,2.3004124000919868,0.863455514716567,-0.07815748295068868,0.6381097647437545,-0.3058245649241726,-0.4947513336253013,-3.18080725274674,0.007758473309884375,0.4581439255190922
Honolulu,HNL05,2024-11-30,-0.06510416666666667,0,21.885416666666668,21.950520833333332,6.923625725,14.75,24,1,Hon_1,21.28474937,-157.811280959,80.39028123206428,0.9372907833072974,0,30.756797020937817,4.678631365213814,6.559999942779541,76,0.5170562756607583,0.9365867190352344,1.9892112683469585,0.847082060969171,-0.8842032486668343,1.164097504738595,-0.3058245649241726,-0.5371926668105478,0.1941955209167358,0.5025741240772525,0.1775760216057495
Honolulu,HNL05,2024-12-01,0.015625,0,21.713541666666668,21.697916666666668,1.70763501625,5.208333333333333,24,2,Hon_2,21.28474937,-157.811280959,80.39028123206428,0.9372907833072974,0,30.756797020937817,4.678631365213814,6.559999942779541,76,0.5170562756607583,0.9365867190352344,1.9892112683469585,0.847082060969171,-0.8842032486668343,1.164097504738595,-0.3058245649241726,-0.5371926668105478,0.1941955209167358,0.5025741240772525,0.1775760216057495
Honolulu,HNL05,2024-12-07,0.1875,0.25,22.822916666666668,22.635416666666668,5.9895923458333336,20.25,24,3,Hon_3,21.28474937,-157.811280959,80.39028123206428,0.9372907833072974,0,30.756797020937817,4.678631365213814,6.559999942779541,76,0.5170562756607583,0.9365867190352344,1.9892112683469585,0.847082060969171,-0.8842032486668343,1.164097504738595,-0.3058245649241726,-0.5371926668105478,0.1941955209167358,0.5025741240772525,0.1775760216057495
Honolulu,HNL05,2024-12-16,-0.16666666666666666,-0.03125,21.375,21.541666666666668,3.2042566791666665,6.958333333333333,24,4,Hon_4,21.28474937,-157.811280959,80.39028123206428,0.9372907833072974,0,30.756797020937817,4.678631365213814,6.559999942779541,76,0.5170562756607583,0.9365867190352344,1.9892112683469585,0.847082060969171,-0.8842032486668343,1.164097504738595,-0.3058245649241726,-0.5371926668105478,0.1941955209167358,0.5025741240772525,0.1775760216057495
Honolulu,HNL05,2024-12-21,-0.34375,-0.3125,21.661458333333332,22.005208333333332,3.3775978091666667,5.291666666666667,24,5,Hon_5,21.28474937,-157.811280959,80.39028123206428,0.9372907833072974,0,30.756797020937817,4.678631365213814,6.559999942779541,76,0.5170562756607583,0.9365867190352344,1.9892112683469585,0.847082060969171,-0.8842032486668343,1.164097504738595,-0.3058245649241726,-0.5371926668105478,0.1941955209167358,0.5025741240772525,0.1775760216057495
Honolulu,HNL05,2024-12-26,-0.046875,0.15625,23.036458333333332,23.083333333333332,1.6095112708333337,8,24,6,Hon_6,21.28474937,-157.811280959,80.39028123206428,0.9372907833072974,0,30.756797020937817,4.678631365213814,6.559999942779541,76,0.5170562756607583,0.9365867190352344,1.9892112683469585,0.847082060969171,-0.8842032486668343,1.164097504738595,-0.3058245649241726,-0.5371926668105478,0.1941955209167358,0.5025741240772525,0.1775760216057495
Honolulu,HNL05,2025-01-03,-0.3046875,-0.25,21.526041666666668,21.830729166666668,3.27522905,7.458333333333333,24,7,Hon_7,21.28474937,-157.811280959,80.39028123206428,0.9372907833072974,0,30.756797020937817,4.678631365213814,6.559999942779541,76,0.5170562756607583,0.9365867190352344,1.9892112683469585,0.847082060969171,-0.8842032486668343,1.164097504738595,-0.3058245649241726,-0.5371926668105478,0.1941955209167358,0.5025741240772525,0.1775760216057495
Honolulu,HNL08,2024-11-30,3.7526041666666665,3.4375,25.703125,21.950520833333332,6.923625725,14.75,24,1,Hon_1,21.278628084,-157.81447177,44.16706520006377,24.968908447335693,3.75968621448388,8.807303754102533,8.330418190496042,12.579999923706056,3,0.1158523019693146,0.9374968775571004,1.3327683270500417,-0.5965387860971216,1.2222770432234762,-0.7377721432311988,0.12210328344917873,0.2028121100386584,0.19778000055898723,-0.6946975674266191,-0.4142496541096082
Honolulu,HNL08,2024-12-01,1.0677083333333333,1.125,22.765625,21.697916666666668,1.70763501625,5.208333333333333,24,2,Hon_2,21.278628084,-157.81447177,44.16706520006377,24.968908447335693,3.75968621448388,8.807303754102533,8.330418190496042,12.579999923706056,3,0.1158523019693146,0.9374968775571004,1.3327683270500417,-0.5965387860971216,1.2222770432234762,-0.7377721432311988,0.12210328344917873,0.2028121100386584,0.19778000055898723,-0.6946975674266191,-0.4142496541096082
Honolulu,HNL08,2024-12-07,1.0625,1.0625,23.697916666666668,22.635416666666668,5.9895923458333336,20.25,24,3,Hon_3,21.278628084,-157.81447177,44.16706520006377,24.968908447335693,3.75968621448388,8.807303754102533,8.330418190496042,12.579999923706056,3,0.1158523019693146,0.9374968775571004,1.3327683270500417,-0.5965387860971216,1.2222770432234762,-0.7377721432311988,0.12210328344917873,0.2028121100386584,0.19778000055898723,-0.6946975674266191,-0.4142496541096082
Honolulu,HNL08,2024-12-16,1.3854166666666667,1.5,22.927083333333332,21.541666666666668,3.2042566791666665,6.958333333333333,24,4,Hon_4,21.278628084,-157.81447177,44.16706520006377,24.968908447335693,3.75968621448388,8.807303754102533,8.330418190496042,12.579999923706056,3,0.1158523019693146,0.9374968775571004,1.3327683270500417,-0.5965387860971216,1.2222770432234762,-0.7377721432311988,0.12210328344917873,0.2028121100386584,0.19778000055898723,-0.6946975674266191,-0.4142496541096082
Honolulu,HNL08,2024-12-21,1.234375,1.28125,23.239583333333332,22.005208333333332,3.3775978091666667,5.291666666666667,24,5,Hon_5,21.278628084,-157.81447177,44.16706520006377,24.968908447335693,3.75968621448388,8.807303754102533,8.330418190496042,12.579999923706056,3,0.1158523019693146,0.9374968775571004,1.3327683270500417,-0.5965387860971216,1.2222770432234762,-0.7377721432311988,0.12210328344917873,0.2028121100386584,0.19778000055898723,-0.6946975674266191,-0.4142496541096082
Honolulu,HNL08,2024-12-26,0.8645833333333334,0.625,23.947916666666668,23.083333333333332,1.6095112708333337,8,24,6,Hon_6,21.278628084,-157.81447177,44.16706520006377,24.968908447335693,3.75968621448388,8.807303754102533,8.330418190496042,12.579999923706056,3,0.1158523019693146,0.9374968775571004,1.3327683270500417,-0.5965387860971216,1.2222770432234762,-0.7377721432311988,0.12210328344917873,0.2028121100386584,0.19778000055898723,-0.6946975674266191,-0.4142496541096082
Honolulu,HNL08,2025-01-03,1.2994791666666667,1.59375,23.130208333333332,21.830729166666668,3.27522905,7.458333333333333,24,7,Hon_7,21.278628084,-157.81447177,44.16706520006377,24.968908447335693,3.75968621448388,8.807303754102533,8.330418190496042,12.579999923706056,3,0.1158523019693146,0.9374968775571004,1.3327683270500417,-0.5965387860971216,1.2222770432234762,-0.7377721432311988,0.12210328344917873,0.2028121100386584,0.19778000055898723,-0.6946975674266191,-0.4142496541096082
Honolulu,HNL09,2024-11-30,0.4244791666666667,0.46875,22.375,21.950520833333332,6.923625725,14.75,24,1,Hon_1,21.283978395,-157.81569285,90.57367900762142,0.27085590465872156,0,40.805524689881395,6.310689458511448,19.36000061035156,56,0.7382228533196151,0.9738122208194822,1.587867708187148,1.2529257969250174,-0.9426192886241798,2.0347950612582477,-0.3058245649241726,-0.20646942284289987,0.3408008101191679,1.162578759877272,-0.18426109894628892
Honolulu,HNL09,2024-12-01,0.375,0.375,22.072916666666668,21.697916666666668,1.70763501625,5.208333333333333,24,2,Hon_2,21.283978395,-157.81569285,90.57367900762142,0.27085590465872156,0,40.805524689881395,6.310689458511448,19.36000061035156,56,0.7382228533196151,0.9738122208194822,1.587867708187148,1.2529257969250174,-0.9426192886241798,2.0347950612582477,-0.3058245649241726,-0.20646942284289987,0.3408008101191679,1.162578759877272,-0.18426109894628892
Honolulu,HNL09,2024-12-07,0.5416666666666666,0.625,23.177083333333332,22.635416666666668,5.9895923458333336,20.25,24,3,Hon_3,21.283978395,-157.81569285,90.57367900762142,0.27085590465872156,0,40.805524689881395,6.310689458511448,19.36000061035156,56,0.7382228533196151,0.9738122208194822,1.587867708187148,1.2529257969250174,-0.9426192886241798,2.0347950612582477,-0.3058245649241726,-0.20646942284289987,0.3408008101191679,1.162578759877272,-0.18426109894628892
Honolulu,HNL09,2024-12-16,0.25,0.375,21.791666666666668,21.541666666666668,3.2042566791666665,6.958333333333333,24,4,Hon_4,21.283978395,-157.81569285,90.57367900762142,0.27085590465872156,0,40.805524689881395,6.310689458511448,19.36000061035156,56,0.7382228533196151,0.9738122208194822,1.587867708187148,1.2529257969250174,-0.9426192886241798,2.0347950612582477,-0.3058245649241726,-0.20646942284289987,0.3408008101191679,1.162578759877272,-0.18426109894628892
Honolulu,HNL09,2024-12-21,0.2604166666666667,0.1875,22.265625,22.005208333333332,3.3775978091666667,5.291666666666667,24,5,Hon_5,21.283978395,-157.81569285,90.57367900762142,0.27085590465872156,0,40.805524689881395,6.310689458511448,19.36000061035156,56,0.7382228533196151,0.9738122208194822,1.587867708187148,1.2529257969250174,-0.9426192886241798,2.0347950612582477,-0.3058245649241726,-0.20646942284289987,0.3408008101191679,1.162578759877272,-0.18426109894628892
Honolulu,HNL09,2024-12-26,0.4739583333333333,0.53125,23.557291666666668,23.083333333333332,1.6095112708333337,8,24,6,Hon_6,21.283978395,-157.81569285,90.57367900762142,0.27085590465872156,0,40.805524689881395,6.310689458511448,19.36000061035156,56,0.7382228533196151,0.9738122208194822,1.587867708187148,1.2529257969250174,-0.9426192886241798,2.0347950612582477,-0.3058245649241726,-0.20646942284289987,0.3408008101191679,1.162578759877272,-0.18426109894628892
Honolulu,HNL09,2025-01-03,0.11197916666666669,0.15625,21.942708333333332,21.830729166666668,3.27522905,7.458333333333333,24,7,Hon_7,21.283978395,-157.81569285,90.57367900762142,0.27085590465872156,0,40.805524689881395,6.310689458511448,19.36000061035156,56,0.7382228533196151,0.9738122208194822,1.587867708187148,1.2529257969250174,-0.9426192886241798,2.0347950612582477,-0.3058245649241726,-0.20646942284289987,0.3408008101191679,1.162578759877272,-0.18426109894628892
Honolulu,HNL12,2024-11-30,-0.5182291666666666,-0.5,21.432291666666668,21.950520833333332,6.923625725,14.75,24,1,Hon_1,21.281415362,-157.832955799,13.563159741046656,11.50953018422898,0,1.482449588523143,5.570000171661376,5.570000171661377,1,0.03581079462621339,0.9973689882736548,0.3113714390274325,-1.8162106088102927,0.04250148883915581,-1.3724527549412446,-0.3058245649241726,-0.3565640577858157,0.43357448783369684,-0.9335571928821138,-1.3351048654296835
Honolulu,HNL12,2024-12-01,-0.3020833333333333,-0.3125,21.395833333333332,21.697916666666668,1.70763501625,5.208333333333333,24,2,Hon_2,21.281415362,-157.832955799,13.563159741046656,11.50953018422898,0,1.482449588523143,5.570000171661376,5.570000171661377,1,0.03581079462621339,0.9973689882736548,0.3113714390274325,-1.8162106088102927,0.04250148883915581,-1.3724527549412446,-0.3058245649241726,-0.3565640577858157,0.43357448783369684,-0.9335571928821138,-1.3351048654296835
Honolulu,HNL12,2024-12-07,-0.3802083333333333,-0.375,22.255208333333332,22.635416666666668,5.9895923458333336,20.25,24,3,Hon_3,21.281415362,-157.832955799,13.563159741046656,11.50953018422898,0,1.482449588523143,5.570000171661376,5.570000171661377,1,0.03581079462621339,0.9973689882736548,0.3113714390274325,-1.8162106088102927,0.04250148883915581,-1.3724527549412446,-0.3058245649241726,-0.3565640577858157,0.43357448783369684,-0.9335571928821138,-1.3351048654296835
Honolulu,HNL12,2024-12-16,-0.09895833333333331,0.09375,21.442708333333332,21.541666666666668,3.2042566791666665,6.958333333333333,24,4,Hon_4,21.281415362,-157.832955799,13.563159741046656,11.50953018422898,0,1.482449588523143,5.570000171661376,5.570000171661377,1,0.03581079462621339,0.9973689882736548,0.3113714390274325,-1.8162106088102927,0.04250148883915581,-1.3724527549412446,-0.3058245649241726,-0.3565640577858157,0.43357448783369684,-0.9335571928821138,-1.3351048654296835
Honolulu,HNL12,2024-12-21,-0.2864583333333333,-0.125,21.71875,22.005208333333332,3.3775978091666667,5.291666666666667,24,5,Hon_5,21.281415362,-157.832955799,13.563159741046656,11.50953018422898,0,1.482449588523143,5.570000171661376,5.570000171661377,1,0.03581079462621339,0.9973689882736548,0.3113714390274325,-1.8162106088102927,0.04250148883915581,-1.3724527549412446,-0.3058245649241726,-0.3565640577858157,0.43357448783369684,-0.9335571928821138,-1.3351048654296835
Honolulu,HNL12,2024-12-26,-0.5260416666666666,-0.5,22.557291666666668,23.083333333333332,1.6095112708333337,8,24,6,Hon_6,21.281415362,-157.832955799,13.563159741046656,11.50953018422898,0,1.482449588523143,5.570000171661376,5.570000171661377,1,0.03581079462621339,0.9973689882736548,0.3113714390274325,-1.8162106088102927,0.04250148883915581,-1.3724527549412446,-0.3058245649241726,-0.3565640577858157,0.43357448783369684,-0.9335571928821138,-1.3351048654296835
Honolulu,HNL12,2025-01-03,-0.4765625,-0.40625,21.354166666666668,21.830729166666668,3.27522905,7.458333333333333,24,7,Hon_7,21.281415362,-157.832955799,13.563159741046656,11.50953018422898,0,1.482449588523143,5.570000171661376,5.570000171661377,1,0.03581079462621339,0.9973689882736548,0.3113714390274325,-1.8162106088102927,0.04250148883915581,-1.3724527549412446,-0.3058245649241726,-0.3565640577858157,0.43357448783369684,-0.9335571928821138,-1.3351048654296835
Honolulu,HNL14,2024-11-30,-1.1171875,-1.125,20.833333333333332,21.950520833333332,6.923625725,14.75,24,1,Hon_1,21.284504221,-157.827586404,16.167378417999874,11.440772491156508,40.27215653781191,11.837789344921443,4.111529033631211,4.519999980926514,5,0.0791405076626812,0.981744309803398,0.8180940614710849,-1.7124234583527564,0.036474565167271523,-0.47518801458086574,4.277956185232506,-0.6521113229128288,0.3720397765193063,-0.8042527935706382,-0.8782617194961084
Honolulu,HNL14,2024-12-01,-1.1822916666666667,-1.25,20.515625,21.697916666666668,1.70763501625,5.208333333333333,24,2,Hon_2,21.284504221,-157.827586404,16.167378417999874,11.440772491156508,40.27215653781191,11.837789344921443,4.111529033631211,4.519999980926514,5,0.0791405076626812,0.981744309803398,0.8180940614710849,-1.7124234583527564,0.036474565167271523,-0.47518801458086574,4.277956185232506,-0.6521113229128288,0.3720397765193063,-0.8042527935706382,-0.8782617194961084
Honolulu,HNL14,2024-12-07,-0.9322916666666666,-0.9375,21.703125,22.635416666666668,5.9895923458333336,20.25,24,3,Hon_3,21.284504221,-157.827586404,16.167378417999874,11.440772491156508,40.27215653781191,11.837789344921443,4.111529033631211,4.519999980926514,5,0.0791405076626812,0.981744309803398,0.8180940614710849,-1.7124234583527564,0.036474565167271523,-0.47518801458086574,4.277956185232506,-0.6521113229128288,0.3720397765193063,-0.8042527935706382,-0.8782617194961084
Honolulu,HNL14,2024-12-16,-0.9010416666666666,-0.875,20.640625,21.541666666666668,3.2042566791666665,6.958333333333333,24,4,Hon_4,21.284504221,-157.827586404,16.167378417999874,11.440772491156508,40.27215653781191,11.837789344921443,4.111529033631211,4.519999980926514,5,0.0791405076626812,0.981744309803398,0.8180940614710849,-1.7124234583527564,0.036474565167271523,-0.47518801458086574,4.277956185232506,-0.6521113229128288,0.3720397765193063,-0.8042527935706382,-0.8782617194961084
Honolulu,HNL14,2024-12-21,-1.15625,-1.0625,20.848958333333332,22.005208333333332,3.3775978091666667,5.291666666666667,24,5,Hon_5,21.284504221,-157.827586404,16.167378417999874,11.440772491156508,40.27215653781191,11.837789344921443,4.111529033631211,4.519999980926514,5,0.0791405076626812,0.981744309803398,0.8180940614710849,-1.7124234583527564,0.036474565167271523,-0.47518801458086574,4.277956185232506,-0.6521113229128288,0.3720397765193063,-0.8042527935706382,-0.8782617194961084
Honolulu,HNL14,2024-12-26,-0.8072916666666666,-0.75,22.276041666666668,23.083333333333332,1.6095112708333337,8,24,6,Hon_6,21.284504221,-157.827586404,16.167378417999874,11.440772491156508,40.27215653781191,11.837789344921443,4.111529033631211,4.519999980926514,5,0.0791405076626812,0.981744309803398,0.8180940614710849,-1.7124234583527564,0.036474565167271523,-0.47518801458086574,4.277956185232506,-0.6521113229128288,0.3720397765193063,-0.8042527935706382,-0.8782617194961084
Honolulu,HNL14,2025-01-03,-1.0338541666666667,-1.03125,20.796875,21.830729166666668,3.27522905,7.458333333333333,24,7,Hon_7,21.284504221,-157.827586404,16.167378417999874,11.440772491156508,40.27215653781191,11.837789344921443,4.111529033631211,4.519999980926514,5,0.0791405076626812,0.981744309803398,0.8180940614710849,-1.7124234583527564,0.036474565167271523,-0.47518801458086574,4.277956185232506,-0.6521113229128288,0.3720397765193063,-0.8042527935706382,-0.8782617194961084
Honolulu,HNL17,2024-11-30,-0.04427083333333333,-0.125,21.90625,21.950520833333332,6.923625725,14.75,24,1,Hon_1,21.263002712,-157.817143746,55.29771771005993,39.84317725432697,0,17.773329693592146,5.141240055773045,7.159999847412109,19,0.21876537487934147,0.9903635433942526,0.54684879819983,-0.15294366216649272,2.526074171500263,0.039111969305025106,-0.3058245649241726,-0.44344879368637397,0.4059849262882549,-0.3875846848019551,-1.1228068293924016
Honolulu,HNL17,2024-12-01,0.16145833333333334,0.25,21.859375,21.697916666666668,1.70763501625,5.208333333333333,24,2,Hon_2,21.263002712,-157.817143746,55.29771771005993,39.84317725432697,0,17.773329693592146,5.141240055773045,7.159999847412109,19,0.21876537487934147,0.9903635433942526,0.54684879819983,-0.15294366216649272,2.526074171500263,0.039111969305025106,-0.3058245649241726,-0.44344879368637397,0.4059849262882549,-0.3875846848019551,-1.1228068293924016
Honolulu,HNL17,2024-12-07,-0.05729166666666666,0,22.578125,22.635416666666668,5.9895923458333336,20.25,24,3,Hon_3,21.263002712,-157.817143746,55.29771771005993,39.84317725432697,0,17.773329693592146,5.141240055773045,7.159999847412109,19,0.21876537487934147,0.9903635433942526,0.54684879819983,-0.15294366216649272,2.526074171500263,0.039111969305025106,-0.3058245649241726,-0.44344879368637397,0.4059849262882549,-0.3875846848019551,-1.1228068293924016
Honolulu,HNL17,2024-12-16,-0.11979166666666669,-0.03125,21.421875,21.541666666666668,3.2042566791666665,6.958333333333333,24,4,Hon_4,21.263002712,-157.817143746,55.29771771005993,39.84317725432697,0,17.773329693592146,5.141240055773045,7.159999847412109,19,0.21876537487934147,0.9903635433942526,0.54684879819983,-0.15294366216649272,2.526074171500263,0.039111969305025106,-0.3058245649241726,-0.44344879368637397,0.4059849262882549,-0.3875846848019551,-1.1228068293924016
Honolulu,HNL17,2024-12-21,0.02083333333333333,0,22.026041666666668,22.005208333333332,3.3775978091666667,5.291666666666667,24,5,Hon_5,21.263002712,-157.817143746,55.29771771005993,39.84317725432697,0,17.773329693592146,5.141240055773045,7.159999847412109,19,0.21876537487934147,0.9903635433942526,0.54684879819983,-0.15294366216649272,2.526074171500263,0.039111969305025106,-0.3058245649241726,-0.44344879368637397,0.4059849262882549,-0.3875846848019551,-1.1228068293924016
Honolulu,HNL17,2024-12-26,0.0625,0.03125,23.145833333333332,23.083333333333332,1.6095112708333337,8,24,6,Hon_6,21.263002712,-157.817143746,55.29771771005993,39.84317725432697,0,17.773329693592146,5.141240055773045,7.159999847412109,19,0.21876537487934147,0.9903635433942526,0.54684879819983,-0.15294366216649272,2.526074171500263,0.039111969305025106,-0.3058245649241726,-0.44344879368637397,0.4059849262882549,-0.3875846848019551,-1.1228068293924016
Honolulu,HNL17,2025-01-03,0.1171875,0.15625,21.947916666666668,21.830729166666668,3.27522905,7.458333333333333,24,7,Hon_7,21.263002712,-157.817143746,55.29771771005993,39.84317725432697,0,17.773329693592146,5.141240055773045,7.159999847412109,19,0.21876537487934147,0.9903635433942526,0.54684879819983,-0.15294366216649272,2.526074171500263,0.039111969305025106,-0.3058245649241726,-0.44344879368637397,0.4059849262882549,-0.3875846848019551,-1.1228068293924016
Honolulu,HNL18,2024-11-30,-0.2630208333333333,-0.25,21.6875,21.950520833333332,6.923625725,14.75,24,1,Hon_1,21.303836,-157.841841,92.36263911476767,8.59200713875964,0,23.55033063091532,7.81310368113167,29.81999969482422,48,0.5938174033011292,0.9423281003610042,1.7283686144436758,1.3242220645718425,-0.21323263952192115,0.5396749028279151,-0.3058245649241726,0.09798254950332985,0.21680681772515412,0.7316444502909519,-0.057590464603556143
Honolulu,HNL18,2024-12-01,0.08333333333333333,0.0625,21.78125,21.697916666666668,1.70763501625,5.208333333333333,24,2,Hon_2,21.303836,-157.841841,92.36263911476767,8.59200713875964,0,23.55033063091532,7.81310368113167,29.81999969482422,48,0.5938174033011292,0.9423281003610042,1.7283686144436758,1.3242220645718425,-0.21323263952192115,0.5396749028279151,-0.3058245649241726,0.09798254950332985,0.21680681772515412,0.7316444502909519,-0.057590464603556143
Honolulu,HNL18,2024-12-07,-0.09895833333333331,-0.125,22.536458333333332,22.635416666666668,5.9895923458333336,20.25,24,3,Hon_3,21.303836,-157.841841,92.36263911476767,8.59200713875964,0,23.55033063091532,7.81310368113167,29.81999969482422,48,0.5938174033011292,0.9423281003610042,1.7283686144436758,1.3242220645718425,-0.21323263952192115,0.5396749028279151,-0.3058245649241726,0.09798254950332985,0.21680681772515412,0.7316444502909519,-0.057590464603556143
Honolulu,HNL18,2024-12-16,0.21354166666666663,0.25,21.755208333333332,21.541666666666668,3.2042566791666665,6.958333333333333,24,4,Hon_4,21.303836,-157.841841,92.36263911476767,8.59200713875964,0,23.55033063091532,7.81310368113167,29.81999969482422,48,0.5938174033011292,0.9423281003610042,1.7283686144436758,1.3242220645718425,-0.21323263952192115,0.5396749028279151,-0.3058245649241726,0.09798254950332985,0.21680681772515412,0.7316444502909519,-0.057590464603556143
Honolulu,HNL18,2024-12-21,0.203125,0.21875,22.208333333333332,22.005208333333332,3.3775978091666667,5.291666666666667,24,5,Hon_5,21.303836,-157.841841,92.36263911476767,8.59200713875964,0,23.55033063091532,7.81310368113167,29.81999969482422,48,0.5938174033011292,0.9423281003610042,1.7283686144436758,1.3242220645718425,-0.21323263952192115,0.5396749028279151,-0.3058245649241726,0.09798254950332985,0.21680681772515412,0.7316444502909519,-0.057590464603556143
Honolulu,HNL18,2024-12-26,0.06770833333333333,-0.09375,23.151041666666668,23.083333333333332,1.6095112708333337,8,24,6,Hon_6,21.303836,-157.841841,92.36263911476767,8.59200713875964,0,23.55033063091532,7.81310368113167,29.81999969482422,48,0.5938174033011292,0.9423281003610042,1.7283686144436758,1.3242220645718425,-0.21323263952192115,0.5396749028279151,-0.3058245649241726,0.09798254950332985,0.21680681772515412,0.7316444502909519,-0.057590464603556143
Honolulu,HNL18,2025-01-03,0.4869791666666667,0.40625,22.317708333333332,21.830729166666668,3.27522905,7.458333333333333,24,7,Hon_7,21.303836,-157.841841,92.36263911476767,8.59200713875964,0,23.55033063091532,7.81310368113167,29.81999969482422,48,0.5938174033011292,0.9423281003610042,1.7283686144436758,1.3242220645718425,-0.21323263952192115,0.5396749028279151,-0.3058245649241726,0.09798254950332985,0.21680681772515412,0.7316444502909519,-0.057590464603556143
Honolulu,HNL20,2024-11-30,-0.1796875,-0.1875,21.770833333333332,21.950520833333332,6.923625725,14.75,24,1,Hon_1,21.295581247,-157.8129178,37.77742346938776,52.25656237042707,0,10.716383801288783,13.785903404973736,32.18000030517578,7,0.3061786026467566,0.9784793741280748,2.67234598521144,-0.8511881799979756,3.614163682089045,-0.5723550489434558,-0.3058245649241726,1.308321635072805,0.35918147197092715,-0.12672639342970712,0.7934660555730325
Honolulu,HNL20,2024-12-01,-0.625,-0.625,21.072916666666668,21.697916666666668,1.70763501625,5.208333333333333,24,2,Hon_2,21.295581247,-157.8129178,37.77742346938776,52.25656237042707,0,10.716383801288783,13.785903404973736,32.18000030517578,7,0.3061786026467566,0.9784793741280748,2.67234598521144,-0.8511881799979756,3.614163682089045,-0.5723550489434558,-0.3058245649241726,1.308321635072805,0.35918147197092715,-0.12672639342970712,0.7934660555730325
Honolulu,HNL20,2024-12-07,-1.03125,-1,21.604166666666668,22.635416666666668,5.9895923458333336,20.25,24,3,Hon_3,21.295581247,-157.8129178,37.77742346938776,52.25656237042707,0,10.716383801288783,13.785903404973736,32.18000030517578,7,0.3061786026467566,0.9784793741280748,2.67234598521144,-0.8511881799979756,3.614163682089045,-0.5723550489434558,-0.3058245649241726,1.308321635072805,0.35918147197092715,-0.12672639342970712,0.7934660555730325
Honolulu,HNL20,2024-12-16,-0.7447916666666666,-0.71875,20.796875,21.541666666666668,3.2042566791666665,6.958333333333333,24,4,Hon_4,21.295581247,-157.8129178,37.77742346938776,52.25656237042707,0,10.716383801288783,13.785903404973736,32.18000030517578,7,0.3061786026467566,0.9784793741280748,2.67234598521144,-0.8511881799979756,3.614163682089045,-0.5723550489434558,-0.3058245649241726,1.308321635072805,0.35918147197092715,-0.12672639342970712,0.7934660555730325
Honolulu,HNL20,2024-12-21,-0.9114583333333334,-0.90625,21.09375,22.005208333333332,3.3775978091666667,5.291666666666667,24,5,Hon_5,21.295581247,-157.8129178,37.77742346938776,52.25656237042707,0,10.716383801288783,13.785903404973736,32.18000030517578,7,0.3061786026467566,0.9784793741280748,2.67234598521144,-0.8511881799979756,3.614163682089045,-0.5723550489434558,-0.3058245649241726,1.308321635072805,0.35918147197092715,-0.12672639342970712,0.7934660555730325
Honolulu,HNL20,2024-12-26,-0.7864583333333334,-0.71875,22.296875,23.083333333333332,1.6095112708333337,8,24,6,Hon_6,21.295581247,-157.8129178,37.77742346938776,52.25656237042707,0,10.716383801288783,13.785903404973736,32.18000030517578,7,0.3061786026467566,0.9784793741280748,2.67234598521144,-0.8511881799979756,3.614163682089045,-0.5723550489434558,-0.3058245649241726,1.308321635072805,0.35918147197092715,-0.12672639342970712,0.7934660555730325
Honolulu,HNL20,2025-01-03,-0.6536458333333334,-0.59375,21.177083333333332,21.830729166666668,3.27522905,7.458333333333333,24,7,Hon_7,21.295581247,-157.8129178,37.77742346938776,52.25656237042707,0,10.716383801288783,13.785903404973736,32.18000030517578,7,0.3061786026467566,0.9784793741280748,2.67234598521144,-0.8511881799979756,3.614163682089045,-0.5723550489434558,-0.3058245649241726,1.308321635072805,0.35918147197092715,-0.12672639342970712,0.7934660555730325
Honolulu,HNL21,2024-11-30,0.8359375,0.5,22.786458333333332,21.950520833333332,6.923625725,14.75,24,1,Hon_1,21.281589967,-157.829816609,74.0764351512447,8.870890596600873,0,26.736658884947133,9.660907645830566,27.329999923706055,15,0.4374796916824809,0.013843974245485,0.4590624318252035,0.5954533867126743,-0.18878723947063297,0.8157624152429765,-0.3058245649241726,0.47242493236405636,-3.4398445987678676,0.2651019215286168,-1.2019519040513122
Honolulu,HNL21,2024-12-01,1.0052083333333333,1.125,22.703125,21.697916666666668,1.70763501625,5.208333333333333,24,2,Hon_2,21.281589967,-157.829816609,74.0764351512447,8.870890596600873,0,26.736658884947133,9.660907645830566,27.329999923706055,15,0.4374796916824809,0.013843974245485,0.4590624318252035,0.5954533867126743,-0.18878723947063297,0.8157624152429765,-0.3058245649241726,0.47242493236405636,-3.4398445987678676,0.2651019215286168,-1.2019519040513122
Honolulu,HNL21,2024-12-07,0.9947916666666666,1,23.630208333333332,22.635416666666668,5.9895923458333336,20.25,24,3,Hon_3,21.281589967,-157.829816609,74.0764351512447,8.870890596600873,0,26.736658884947133,9.660907645830566,27.329999923706055,15,0.4374796916824809,0.013843974245485,0.4590624318252035,0.5954533867126743,-0.18878723947063297,0.8157624152429765,-0.3058245649241726,0.47242493236405636,-3.4398445987678676,0.2651019215286168,-1.2019519040513122
Honolulu,HNL21,2024-12-16,1.15625,1.1875,22.697916666666668,21.541666666666668,3.2042566791666665,6.958333333333333,24,4,Hon_4,21.281589967,-157.829816609,74.0764351512447,8.870890596600873,0,26.736658884947133,9.660907645830566,27.329999923706055,15,0.4374796916824809,0.013843974245485,0.4590624318252035,0.5954533867126743,-0.18878723947063297,0.8157624152429765,-0.3058245649241726,0.47242493236405636,-3.4398445987678676,0.2651019215286168,-1.2019519040513122
Honolulu,HNL21,2024-12-21,1.0989583333333333,1.15625,23.104166666666668,22.005208333333332,3.3775978091666667,5.291666666666667,24,5,Hon_5,21.281589967,-157.829816609,74.0764351512447,8.870890596600873,0,26.736658884947133,9.660907645830566,27.329999923706055,15,0.4374796916824809,0.013843974245485,0.4590624318252035,0.5954533867126743,-0.18878723947063297,0.8157624152429765,-0.3058245649241726,0.47242493236405636,-3.4398445987678676,0.2651019215286168,-1.2019519040513122
Honolulu,HNL21,2024-12-26,0.609375,0.40625,23.692708333333332,23.083333333333332,1.6095112708333337,8,24,6,Hon_6,21.281589967,-157.829816609,74.0764351512447,8.870890596600873,0,26.736658884947133,9.660907645830566,27.329999923706055,15,0.4374796916824809,0.013843974245485,0.4590624318252035,0.5954533867126743,-0.18878723947063297,0.8157624152429765,-0.3058245649241726,0.47242493236405636,-3.4398445987678676,0.2651019215286168,-1.2019519040513122
Honolulu,HNL21,2025-01-03,1.0598958333333333,1.1875,22.890625,21.830729166666668,3.27522905,7.458333333333333,24,7,Hon_7,21.281589967,-157.829816609,74.0764351512447,8.870890596600873,0,26.736658884947133,9.660907645830566,27.329999923706055,15,0.4374796916824809,0.013843974245485,0.4590624318252035,0.5954533867126743,-0.18878723947063297,0.8157624152429765,-0.3058245649241726,0.47242493236405636,-3.4398445987678676,0.2651019215286168,-1.2019519040513122
Honolulu,HNL22,2024-11-30,0.4140625,0.375,22.364583333333332,21.950520833333332,6.923625725,14.75,24,1,Hon_1,21.273844414,-157.818926801,52.92974350804524,5.220883534136546,0,26.78921265727723,11.916112576574314,35.54999923706055,18,0.591728126138125,0.8523299234081465,0.7269279876977373,-0.24731565057093524,-0.5087269143536224,0.8203160704579671,-0.3058245649241726,0.9294237938447724,-0.1376332335154335,0.725409635665476,-0.9604538184874256
Honolulu,HNL22,2024-12-01,0.19791666666666663,0.25,21.895833333333332,21.697916666666668,1.70763501625,5.208333333333333,24,2,Hon_2,21.273844414,-157.818926801,52.92974350804524,5.220883534136546,0,26.78921265727723,11.916112576574314,35.54999923706055,18,0.591728126138125,0.8523299234081465,0.7269279876977373,-0.24731565057093524,-0.5087269143536224,0.8203160704579671,-0.3058245649241726,0.9294237938447724,-0.1376332335154335,0.725409635665476,-0.9604538184874256
Honolulu,HNL22,2024-12-07,0.109375,0.125,22.744791666666668,22.635416666666668,5.9895923458333336,20.25,24,3,Hon_3,21.273844414,-157.818926801,52.92974350804524,5.220883534136546,0,26.78921265727723,11.916112576574314,35.54999923706055,18,0.591728126138125,0.8523299234081465,0.7269279876977373,-0.24731565057093524,-0.5087269143536224,0.8203160704579671,-0.3058245649241726,0.9294237938447724,-0.1376332335154335,0.725409635665476,-0.9604538184874256
Honolulu,HNL22,2024-12-16,-0.08333333333333333,-0.125,21.458333333333332,21.541666666666668,3.2042566791666665,6.958333333333333,24,4,Hon_4,21.273844414,-157.818926801,52.92974350804524,5.220883534136546,0,26.78921265727723,11.916112576574314,35.54999923706055,18,0.591728126138125,0.8523299234081465,0.7269279876977373,-0.24731565057093524,-0.5087269143536224,0.8203160704579671,-0.3058245649241726,0.9294237938447724,-0.1376332335154335,0.725409635665476,-0.9604538184874256
Honolulu,HNL22,2024-12-21,0.01041666666666666,-0.09375,22.015625,22.005208333333332,3.3775978091666667,5.291666666666667,24,5,Hon_5,21.273844414,-157.818926801,52.92974350804524,5.220883534136546,0,26.78921265727723,11.916112576574314,35.54999923706055,18,0.591728126138125,0.8523299234081465,0.7269279876977373,-0.24731565057093524,-0.5087269143536224,0.8203160704579671,-0.3058245649241726,0.9294237938447724,-0.1376332335154335,0.725409635665476,-0.9604538184874256
Honolulu,HNL22,2024-12-26,0.171875,0.09375,23.255208333333332,23.083333333333332,1.6095112708333337,8,24,6,Hon_6,21.273844414,-157.818926801,52.92974350804524,5.220883534136546,0,26.78921265727723,11.916112576574314,35.54999923706055,18,0.591728126138125,0.8523299234081465,0.7269279876977373,-0.24731565057093524,-0.5087269143536224,0.8203160704579671,-0.3058245649241726,0.9294237938447724,-0.1376332335154335,0.725409635665476,-0.9604538184874256
Honolulu,HNL22,2025-01-03,-0.0859375,-0.09375,21.744791666666668,21.830729166666668,3.27522905,7.458333333333333,24,7,Hon_7,21.273844414,-157.818926801,52.92974350804524,5.220883534136546,0,26.78921265727723,11.916112576574314,35.54999923706055,18,0.591728126138125,0.8523299234081465,0.7269279876977373,-0.24731565057093524,-0.5087269143536224,0.8203160704579671,-0.3058245649241726,0.9294237938447724,-0.1376332335154335,0.725409635665476,-0.9604538184874256
Honolulu,HNL26,2024-11-30,0.4609375,0.375,22.411458333333332,21.950520833333332,6.923625725,14.75,24,1,Hon_1,21.292615219,-157.855026541,28.616983959947703,21.780441922010013,20.469980550330007,0.17828488841965942,3.9800000190734863,3.9800000190734863,1,0.02346351256790201,0.9995207675967877,0.1567183615474301,-1.2162634795637235,0.9427934898959783,-1.4854554210587418,2.0240706001034696,-0.6787646035460604,0.4420488458637393,-0.9704039148609922,-1.4745345954534892
Honolulu,HNL26,2024-12-01,1.0208333333333333,1,22.71875,21.697916666666668,1.70763501625,5.208333333333333,24,2,Hon_2,21.292615219,-157.855026541,28.616983959947703,21.780441922010013,20.469980550330007,0.17828488841965942,3.9800000190734863,3.9800000190734863,1,0.02346351256790201,0.9995207675967877,0.1567183615474301,-1.2162634795637235,0.9427934898959783,-1.4854554210587418,2.0240706001034696,-0.6787646035460604,0.4420488458637393,-0.9704039148609922,-1.4745345954534892
Honolulu,HNL26,2024-12-07,0.9322916666666666,1,23.567708333333332,22.635416666666668,5.9895923458333336,20.25,24,3,Hon_3,21.292615219,-157.855026541,28.616983959947703,21.780441922010013,20.469980550330007,0.17828488841965942,3.9800000190734863,3.9800000190734863,1,0.02346351256790201,0.9995207675967877,0.1567183615474301,-1.2162634795637235,0.9427934898959783,-1.4854554210587418,2.0240706001034696,-0.6787646035460604,0.4420488458637393,-0.9704039148609922,-1.4745345954534892
Honolulu,HNL26,2024-12-16,1.1510416666666667,1.25,22.692708333333332,21.541666666666668,3.2042566791666665,6.958333333333333,24,4,Hon_4,21.292615219,-157.855026541,28.616983959947703,21.780441922010013,20.469980550330007,0.17828488841965942,3.9800000190734863,3.9800000190734863,1,0.02346351256790201,0.9995207675967877,0.1567183615474301,-1.2162634795637235,0.9427934898959783,-1.4854554210587418,2.0240706001034696,-0.6787646035460604,0.4420488458637393,-0.9704039148609922,-1.4745345954534892
Honolulu,HNL26,2024-12-21,1.25,1.375,23.255208333333332,22.005208333333332,3.3775978091666667,5.291666666666667,24,5,Hon_5,21.292615219,-157.855026541,28.616983959947703,21.780441922010013,20.469980550330007,0.17828488841965942,3.9800000190734863,3.9800000190734863,1,0.02346351256790201,0.9995207675967877,0.1567183615474301,-1.2162634795637235,0.9427934898959783,-1.4854554210587418,2.0240706001034696,-0.6787646035460604,0.4420488458637393,-0.9704039148609922,-1.4745345954534892
Honolulu,HNL26,2024-12-26,0.796875,0.59375,23.880208333333332,23.083333333333332,1.6095112708333337,8,24,6,Hon_6,21.292615219,-157.855026541,28.616983959947703,21.780441922010013,20.469980550330007,0.17828488841965942,3.9800000190734863,3.9800000190734863,1,0.02346351256790201,0.9995207675967877,0.1567183615474301,-1.2162634795637235,0.9427934898959783,-1.4854554210587418,2.0240706001034696,-0.6787646035460604,0.4420488458637393,-0.9704039148609922,-1.4745345954534892
Honolulu,HNL26,2025-01-03,1.2630208333333333,1.46875,23.09375,21.830729166666668,3.27522905,7.458333333333333,24,7,Hon_7,21.292615219,-157.855026541,28.616983959947703,21.780441922010013,20.469980550330007,0.17828488841965942,3.9800000190734863,3.9800000190734863,1,0.02346351256790201,0.9995207675967877,0.1567183615474301,-1.2162634795637235,0.9427934898959783,-1.4854554210587418,2.0240706001034696,-0.6787646035460604,0.4420488458637393,-0.9704039148609922,-1.4745345954534892
Honolulu,HNL30,2024-11-30,-0.9296875,-0.875,21.020833333333332,21.950520833333332,6.923625725,14.75,24,1,Hon_1,21.309360017,-157.850490472,55.41953583269574,23.930997098306815,0,21.381679161774443,6.831700625455692,20.489999771118164,34,0.41839421434159374,0.9662078155288708,1.797707741408789,-0.1480887872919873,1.1312994056784504,0.35176658275676065,-0.3058245649241726,-0.1008907648387535,0.31085236124925003,0.20814709745537224,0.004923233218475413
Honolulu,HNL30,2024-12-01,-0.6510416666666666,-0.75,21.046875,21.697916666666668,1.70763501625,5.208333333333333,24,2,Hon_2,21.309360017,-157.850490472,55.41953583269574,23.930997098306815,0,21.381679161774443,6.831700625455692,20.489999771118164,34,0.41839421434159374,0.9662078155288708,1.797707741408789,-0.1480887872919873,1.1312994056784504,0.35176658275676065,-0.3058245649241726,-0.1008907648387535,0.31085236124925003,0.20814709745537224,0.004923233218475413
Honolulu,HNL30,2024-12-07,-0.7239583333333334,-0.625,21.911458333333332,22.635416666666668,5.9895923458333336,20.25,24,3,Hon_3,21.309360017,-157.850490472,55.41953583269574,23.930997098306815,0,21.381679161774443,6.831700625455692,20.489999771118164,34,0.41839421434159374,0.9662078155288708,1.797707741408789,-0.1480887872919873,1.1312994056784504,0.35176658275676065,-0.3058245649241726,-0.1008907648387535,0.31085236124925003,0.20814709745537224,0.004923233218475413
Honolulu,HNL30,2024-12-16,-0.484375,-0.375,21.057291666666668,21.541666666666668,3.2042566791666665,6.958333333333333,24,4,Hon_4,21.309360017,-157.850490472,55.41953583269574,23.930997098306815,0,21.381679161774443,6.831700625455692,20.489999771118164,34,0.41839421434159374,0.9662078155288708,1.797707741408789,-0.1480887872919873,1.1312994056784504,0.35176658275676065,-0.3058245649241726,-0.1008907648387535,0.31085236124925003,0.20814709745537224,0.004923233218475413
Honolulu,HNL30,2024-12-21,-0.796875,-0.78125,21.208333333333332,22.005208333333332,3.3775978091666667,5.291666666666667,24,5,Hon_5,21.309360017,-157.850490472,55.41953583269574,23.930997098306815,0,21.381679161774443,6.831700625455692,20.489999771118164,34,0.41839421434159374,0.9662078155288708,1.797707741408789,-0.1480887872919873,1.1312994056784504,0.35176658275676065,-0.3058245649241726,-0.1008907648387535,0.31085236124925003,0.20814709745537224,0.004923233218475413
Honolulu,HNL30,2024-12-26,-0.5208333333333334,-0.53125,22.5625,23.083333333333332,1.6095112708333337,8,24,6,Hon_6,21.309360017,-157.850490472,55.41953583269574,23.930997098306815,0,21.381679161774443,6.831700625455692,20.489999771118164,34,0.41839421434159374,0.9662078155288708,1.797707741408789,-0.1480887872919873,1.1312994056784504,0.35176658275676065,-0.3058245649241726,-0.1008907648387535,0.31085236124925003,0.20814709745537224,0.004923233218475413
Honolulu,HNL30,2025-01-03,-0.3515625,-0.375,21.479166666666668,21.830729166666668,3.27522905,7.458333333333333,24,7,Hon_7,21.309360017,-157.850490472,55.41953583269574,23.930997098306815,0,21.381679161774443,6.831700625455692,20.489999771118164,34,0.41839421434159374,0.9662078155288708,1.797707741408789,-0.1480887872919873,1.1312994056784504,0.35176658275676065,-0.3058245649241726,-0.1008907648387535,0.31085236124925003,0.20814709745537224,0.004923233218475413
Honolulu,HNL31,2024-11-30,-0.09635416666666669,0,21.854166666666668,21.950520833333332,6.923625725,14.75,24,1,Hon_1,21.273462023,-157.812278011,79.93048691049393,0.9662606033548058,0,33.404063363173535,4.084907631187357,5.989999771118164,76,0.4764441250916465,0.9791156360403546,1.3705720034486109,0.8287576618491349,-0.8816639125371225,1.3934766273080177,-0.3058245649241726,-0.6575059327072695,0.36168726389279005,0.38137946650667287,-0.38016720014200844
Honolulu,HNL31,2024-12-01,-0.2916666666666667,-0.25,21.40625,21.697916666666668,1.70763501625,5.208333333333333,24,2,Hon_2,21.273462023,-157.812278011,79.93048691049393,0.9662606033548058,0,33.404063363173535,4.084907631187357,5.989999771118164,76,0.4764441250916465,0.9791156360403546,1.3705720034486109,0.8287576618491349,-0.8816639125371225,1.3934766273080177,-0.3058245649241726,-0.6575059327072695,0.36168726389279005,0.38137946650667287,-0.38016720014200844
Honolulu,HNL31,2024-12-07,0.05208333333333333,0.0625,22.6875,22.635416666666668,5.9895923458333336,20.25,24,3,Hon_3,21.273462023,-157.812278011,79.93048691049393,0.9662606033548058,0,33.404063363173535,4.084907631187357,5.989999771118164,76,0.4764441250916465,0.9791156360403546,1.3705720034486109,0.8287576618491349,-0.8816639125371225,1.3934766273080177,-0.3058245649241726,-0.6575059327072695,0.36168726389279005,0.38137946650667287,-0.38016720014200844
Honolulu,HNL31,2024-12-16,-0.21875,-0.15625,21.322916666666668,21.541666666666668,3.2042566791666665,6.958333333333333,24,4,Hon_4,21.273462023,-157.812278011,79.93048691049393,0.9662606033548058,0,33.404063363173535,4.084907631187357,5.989999771118164,76,0.4764441250916465,0.9791156360403546,1.3705720034486109,0.8287576618491349,-0.8816639125371225,1.3934766273080177,-0.3058245649241726,-0.6575059327072695,0.36168726389279005,0.38137946650667287,-0.38016720014200844
Honolulu,HNL31,2024-12-21,-0.375,-0.375,21.630208333333332,22.005208333333332,3.3775978091666667,5.291666666666667,24,5,Hon_5,21.273462023,-157.812278011,79.93048691049393,0.9662606033548058,0,33.404063363173535,4.084907631187357,5.989999771118164,76,0.4764441250916465,0.9791156360403546,1.3705720034486109,0.8287576618491349,-0.8816639125371225,1.3934766273080177,-0.3058245649241726,-0.6575059327072695,0.36168726389279005,0.38137946650667287,-0.38016720014200844
Honolulu,HNL31,2024-12-26,0.04166666666666666,0.25,23.125,23.083333333333332,1.6095112708333337,8,24,6,Hon_6,21.273462023,-157.812278011,79.93048691049393,0.9662606033548058,0,33.404063363173535,4.084907631187357,5.989999771118164,76,0.4764441250916465,0.9791156360403546,1.3705720034486109,0.8287576618491349,-0.8816639125371225,1.3934766273080177,-0.3058245649241726,-0.6575059327072695,0.36168726389279005,0.38137946650667287,-0.38016720014200844
Honolulu,HNL31,2025-01-03,-0.3567708333333333,-0.375,21.473958333333332,21.830729166666668,3.27522905,7.458333333333333,24,7,Hon_7,21.273462023,-157.812278011,79.93048691049393,0.9662606033548058,0,33.404063363173535,4.084907631187357,5.989999771118164,76,0.4764441250916465,0.9791156360403546,1.3705720034486109,0.8287576618491349,-0.8816639125371225,1.3934766273080177,-0.3058245649241726,-0.6575059327072695,0.36168726389279005,0.38137946650667287,-0.38016720014200844
Honolulu,HNL32,2024-11-30,-0.17447916666666666,-0.125,21.776041666666668,21.950520833333332,6.923625725,14.75,24,1,Hon_1,21.297909011,-157.844893264,76.63679561182511,9.190051020408164,0,21.81299199630425,4.889108715236196,9.649999618530272,54,0.3806352983004382,0.9881062531539188,1.0394878876315672,0.6974926350674541,-0.1608113806624365,0.38913877986399376,-0.3058245649241726,-0.49454115074810967,0.3970950343422448,0.09546705378084193,-0.67866089736255
Honolulu,HNL32,2024-12-01,-0.0625,-0.0625,21.635416666666668,21.697916666666668,1.70763501625,5.208333333333333,24,2,Hon_2,21.297909011,-157.844893264,76.63679561182511,9.190051020408164,0,21.81299199630425,4.889108715236196,9.649999618530272,54,0.3806352983004382,0.9881062531539188,1.0394878876315672,0.6974926350674541,-0.1608113806624365,0.38913877986399376,-0.3058245649241726,-0.49454115074810967,0.3970950343422448,0.09546705378084193,-0.67866089736255
Honolulu,HNL32,2024-12-07,0.06770833333333333,-0.125,22.703125,22.635416666666668,5.9895923458333336,20.25,24,3,Hon_3,21.297909011,-157.844893264,76.63679561182511,9.190051020408164,0,21.81299199630425,4.889108715236196,9.649999618530272,54,0.3806352983004382,0.9881062531539188,1.0394878876315672,0.6974926350674541,-0.1608113806624365,0.38913877986399376,-0.3058245649241726,-0.49454115074810967,0.3970950343422448,0.09546705378084193,-0.67866089736255
Honolulu,HNL32,2024-12-16,0.00520833333333333,0,21.546875,21.541666666666668,3.2042566791666665,6.958333333333333,24,4,Hon_4,21.297909011,-157.844893264,76.63679561182511,9.190051020408164,0,21.81299199630425,4.889108715236196,9.649999618530272,54,0.3806352983004382,0.9881062531539188,1.0394878876315672,0.6974926350674541,-0.1608113806624365,0.38913877986399376,-0.3058245649241726,-0.49454115074810967,0.3970950343422448,0.09546705378084193,-0.67866089736255
Honolulu,HNL32,2024-12-21,-0.02083333333333333,0,21.984375,22.005208333333332,3.3775978091666667,5.291666666666667,24,5,Hon_5,21.297909011,-157.844893264,76.63679561182511,9.190051020408164,0,21.81299199630425,4.889108715236196,9.649999618530272,54,0.3806352983004382,0.9881062531539188,1.0394878876315672,0.6974926350674541,-0.1608113806624365,0.38913877986399376,-0.3058245649241726,-0.49454115074810967,0.3970950343422448,0.09546705378084193,-0.67866089736255
Honolulu,HNL32,2024-12-26,-0.00520833333333333,0,23.078125,23.083333333333332,1.6095112708333337,8,24,6,Hon_6,21.297909011,-157.844893264,76.63679561182511,9.190051020408164,0,21.81299199630425,4.889108715236196,9.649999618530272,54,0.3806352983004382,0.9881062531539188,1.0394878876315672,0.6974926350674541,-0.1608113806624365,0.38913877986399376,-0.3058245649241726,-0.49454115074810967,0.3970950343422448,0.09546705378084193,-0.67866089736255
Honolulu,HNL32,2025-01-03,0.15885416666666666,0.09375,21.989583333333332,21.830729166666668,3.27522905,7.458333333333333,24,7,Hon_7,21.297909011,-157.844893264,76.63679561182511,9.190051020408164,0,21.81299199630425,4.889108715236196,9.649999618530272,54,0.3806352983004382,0.9881062531539188,1.0394878876315672,0.6974926350674541,-0.1608113806624365,0.38913877986399376,-0.3058245649241726,-0.49454115074810967,0.3970950343422448,0.09546705378084193,-0.67866089736255
Honolulu,HNL33,2024-11-30,1.4661458333333333,1.4375,23.416666666666668,21.950520833333332,6.923625725,14.75,24,1,Hon_1,21.281644446,-157.829162737,78.93998341730978,7.49824583785163,0,20.821081871928744,18.58854138073181,37.9900016784668,22,0.9054663285370744,0.90382133368986,0.47151442839192115,0.7892826607727698,-0.3091057786757511,0.3031922053289858,-0.3058245649241726,2.281536998832082,0.06515551973076344,1.6616662355676048,-1.1907256255456076
Honolulu,HNL33,2024-12-01,1.3958333333333333,1.5,23.09375,21.697916666666668,1.70763501625,5.208333333333333,24,2,Hon_2,21.281644446,-157.829162737,78.93998341730978,7.49824583785163,0,20.821081871928744,18.58854138073181,37.9900016784668,22,0.9054663285370744,0.90382133368986,0.47151442839192115,0.7892826607727698,-0.3091057786757511,0.3031922053289858,-0.3058245649241726,2.281536998832082,0.06515551973076344,1.6616662355676048,-1.1907256255456076
Honolulu,HNL33,2024-12-07,1.3645833333333333,1.3125,24,22.635416666666668,5.9895923458333336,20.25,24,3,Hon_3,21.281644446,-157.829162737,78.93998341730978,7.49824583785163,0,20.821081871928744,18.58854138073181,37.9900016784668,22,0.9054663285370744,0.90382133368986,0.47151442839192115,0.7892826607727698,-0.3091057786757511,0.3031922053289858,-0.3058245649241726,2.281536998832082,0.06515551973076344,1.6616662355676048,-1.1907256255456076
Honolulu,HNL33,2024-12-16,1.5,1.46875,23.041666666666668,21.541666666666668,3.2042566791666665,6.958333333333333,24,4,Hon_4,21.281644446,-157.829162737,78.93998341730978,7.49824583785163,0,20.821081871928744,18.58854138073181,37.9900016784668,22,0.9054663285370744,0.90382133368986,0.47151442839192115,0.7892826607727698,-0.3091057786757511,0.3031922053289858,-0.3058245649241726,2.281536998832082,0.06515551973076344,1.6616662355676048,-1.1907256255456076
Honolulu,HNL33,2024-12-21,1.5364583333333333,1.59375,23.541666666666668,22.005208333333332,3.3775978091666667,5.291666666666667,24,5,Hon_5,21.281644446,-157.829162737,78.93998341730978,7.49824583785163,0,20.821081871928744,18.58854138073181,37.9900016784668,22,0.9054663285370744,0.90382133368986,0.47151442839192115,0.7892826607727698,-0.3091057786757511,0.3031922053289858,-0.3058245649241726,2.281536998832082,0.06515551973076344,1.6616662355676048,-1.1907256255456076
Honolulu,HNL33,2024-12-26,1.0416666666666667,1,24.125,23.083333333333332,1.6095112708333337,8,24,6,Hon_6,21.281644446,-157.829162737,78.93998341730978,7.49824583785163,0,20.821081871928744,18.58854138073181,37.9900016784668,22,0.9054663285370744,0.90382133368986,0.47151442839192115,0.7892826607727698,-0.3091057786757511,0.3031922053289858,-0.3058245649241726,2.281536998832082,0.06515551973076344,1.6616662355676048,-1.1907256255456076
Honolulu,HNL33,2025-01-03,1.5390625,1.6875,23.369791666666668,21.830729166666668,3.27522905,7.458333333333333,24,7,Hon_7,21.281644446,-157.829162737,78.93998341730978,7.49824583785163,0,20.821081871928744,18.58854138073181,37.9900016784668,22,0.9054663285370744,0.90382133368986,0.47151442839192115,0.7892826607727698,-0.3091057786757511,0.3031922053289858,-0.3058245649241726,2.281536998832082,0.06515551973076344,1.6616662355676048,-1.1907256255456076
Honolulu,HNL34,2024-12-01,0.18229166666666663,0.125,21.880208333333332,21.697916666666668,1.70763501625,5.208333333333333,24,2,Hon_2,21.296507333,-157.836218307,78.69145171061442,14.968437161257413,0,19.438390346112975,5.647311303522239,8.770000457763672,22,0.26750365967118084,0.990364344256776,1.1898710706615956,0.7793778098996329,0.3456903744337562,0.18338538275293056,-0.3058245649241726,-0.34089758829625677,0.405988080327186,-0.24214004192660613,-0.5430807527468783
Honolulu,HNL34,2024-12-07,0.5364583333333334,0.5625,23.171875,22.635416666666668,5.9895923458333336,20.25,24,3,Hon_3,21.296507333,-157.836218307,78.69145171061442,14.968437161257413,0,19.438390346112975,5.647311303522239,8.770000457763672,22,0.26750365967118084,0.990364344256776,1.1898710706615956,0.7793778098996329,0.3456903744337562,0.18338538275293056,-0.3058245649241726,-0.34089758829625677,0.405988080327186,-0.24214004192660613,-0.5430807527468783
Honolulu,HNL34,2024-12-16,0.5260416666666666,0.46875,22.067708333333332,21.541666666666668,3.2042566791666665,6.958333333333333,24,4,Hon_4,21.296507333,-157.836218307,78.69145171061442,14.968437161257413,0,19.438390346112975,5.647311303522239,8.770000457763672,22,0.26750365967118084,0.990364344256776,1.1898710706615956,0.7793778098996329,0.3456903744337562,0.18338538275293056,-0.3058245649241726,-0.34089758829625677,0.405988080327186,-0.24214004192660613,-0.5430807527468783
Honolulu,HNL34,2024-12-21,0.734375,0.625,22.739583333333332,22.005208333333332,3.3775978091666667,5.291666666666667,24,5,Hon_5,21.296507333,-157.836218307,78.69145171061442,14.968437161257413,0,19.438390346112975,5.647311303522239,8.770000457763672,22,0.26750365967118084,0.990364344256776,1.1898710706615956,0.7793778098996329,0.3456903744337562,0.18338538275293056,-0.3058245649241726,-0.34089758829625677,0.405988080327186,-0.24214004192660613,-0.5430807527468783
Honolulu,HNL34,2024-12-26,0.53125,0.53125,23.614583333333332,23.083333333333332,1.6095112708333337,8,24,6,Hon_6,21.296507333,-157.836218307,78.69145171061442,14.968437161257413,0,19.438390346112975,5.647311303522239,8.770000457763672,22,0.26750365967118084,0.990364344256776,1.1898710706615956,0.7793778098996329,0.3456903744337562,0.18338538275293056,-0.3058245649241726,-0.34089758829625677,0.405988080327186,-0.24214004192660613,-0.5430807527468783
Honolulu,HNL34,2025-01-03,0.4973958333333333,0.5,22.328125,21.830729166666668,3.27522905,7.458333333333333,24,7,Hon_7,21.296507333,-157.836218307,78.69145171061442,14.968437161257413,0,19.438390346112975,5.647311303522239,8.770000457763672,22,0.26750365967118084,0.990364344256776,1.1898710706615956,0.7793778098996329,0.3456903744337562,0.18338538275293056,-0.3058245649241726,-0.34089758829625677,0.405988080327186,-0.24214004192660613,-0.5430807527468783
Honolulu,HNL35,2024-11-30,-0.09114583333333331,0,21.859375,21.950520833333332,6.923625725,14.75,24,1,Hon_1,21.302426,-157.836616,76.79283186122892,10.74583080896655,0,8.415539522034736,6.532755922874391,10.050000190734863,16,0.20784064784062223,0.9941678771379626,1.7376456269753917,0.703711221024548,-0.024440225422853776,-0.7717175511306934,-0.3058245649241726,-0.1614694674049503,0.4209675436335284,-0.4201862223702866,-0.04922663910585881
Honolulu,HNL35,2024-12-01,-0.13541666666666666,-0.125,21.5625,21.697916666666668,1.70763501625,5.208333333333333,24,2,Hon_2,21.302426,-157.836616,76.79283186122892,10.74583080896655,0,8.415539522034736,6.532755922874391,10.050000190734863,16,0.20784064784062223,0.9941678771379626,1.7376456269753917,0.703711221024548,-0.024440225422853776,-0.7717175511306934,-0.3058245649241726,-0.1614694674049503,0.4209675436335284,-0.4201862223702866,-0.04922663910585881
Honolulu,HNL35,2024-12-07,-0.2604166666666667,-0.25,22.375,22.635416666666668,5.9895923458333336,20.25,24,3,Hon_3,21.302426,-157.836616,76.79283186122892,10.74583080896655,0,8.415539522034736,6.532755922874391,10.050000190734863,16,0.20784064784062223,0.9941678771379626,1.7376456269753917,0.703711221024548,-0.024440225422853776,-0.7717175511306934,-0.3058245649241726,-0.1614694674049503,0.4209675436335284,-0.4201862223702866,-0.04922663910585881
Honolulu,HNL35,2024-12-16,-0.00520833333333333,-0.0625,21.536458333333332,21.541666666666668,3.2042566791666665,6.958333333333333,24,4,Hon_4,21.302426,-157.836616,76.79283186122892,10.74583080896655,0,8.415539522034736,6.532755922874391,10.050000190734863,16,0.20784064784062223,0.9941678771379626,1.7376456269753917,0.703711221024548,-0.024440225422853776,-0.7717175511306934,-0.3058245649241726,-0.1614694674049503,0.4209675436335284,-0.4201862223702866,-0.04922663910585881
Honolulu,HNL35,2024-12-21,0.04166666666666666,-0.03125,22.046875,22.005208333333332,3.3775978091666667,5.291666666666667,24,5,Hon_5,21.302426,-157.836616,76.79283186122892,10.74583080896655,0,8.415539522034736,6.532755922874391,10.050000190734863,16,0.20784064784062223,0.9941678771379626,1.7376456269753917,0.703711221024548,-0.024440225422853776,-0.7717175511306934,-0.3058245649241726,-0.1614694674049503,0.4209675436335284,-0.4201862223702866,-0.04922663910585881
Honolulu,HNL35,2024-12-26,-0.00520833333333333,-0.03125,23.078125,23.083333333333332,1.6095112708333337,8,24,6,Hon_6,21.302426,-157.836616,76.79283186122892,10.74583080896655,0,8.415539522034736,6.532755922874391,10.050000190734863,16,0.20784064784062223,0.9941678771379626,1.7376456269753917,0.703711221024548,-0.024440225422853776,-0.7717175511306934,-0.3058245649241726,-0.1614694674049503,0.4209675436335284,-0.4201862223702866,-0.04922663910585881
Honolulu,HNL35,2025-01-03,0.4192708333333333,0.40625,22.25,21.830729166666668,3.27522905,7.458333333333333,24,7,Hon_7,21.302426,-157.836616,76.79283186122892,10.74583080896655,0,8.415539522034736,6.532755922874391,10.050000190734863,16,0.20784064784062223,0.9941678771379626,1.7376456269753917,0.703711221024548,-0.024440225422853776,-0.7717175511306934,-0.3058245649241726,-0.1614694674049503,0.4209675436335284,-0.4201862223702866,-0.04922663910585881
Honolulu,HNL37,2024-11-30,-0.8515625,-0.8125,21.098958333333332,21.950520833333332,6.923625725,14.75,24,1,Hon_1,21.302861681,-157.849712717,52.62570544909607,33.25892145294512,0,22.785988949721258,15.709486409996993,17.729999542236328,4,0.3394316207992846,0.9662980608464676,1.35899089641112,-0.2594326221786702,1.9489342853603482,0.4734465746169111,-0.3058245649241726,1.6981200215854537,0.31120777461512295,-0.027492836681076223,-0.39060831553347525
Honolulu,HNL37,2024-12-01,-0.9375,-1,20.760416666666668,21.697916666666668,1.70763501625,5.208333333333333,24,2,Hon_2,21.302861681,-157.849712717,52.62570544909607,33.25892145294512,0,22.785988949721258,15.709486409996993,17.729999542236328,4,0.3394316207992846,0.9662980608464676,1.35899089641112,-0.2594326221786702,1.9489342853603482,0.4734465746169111,-0.3058245649241726,1.6981200215854537,0.31120777461512295,-0.027492836681076223,-0.39060831553347525
Honolulu,HNL37,2024-12-07,-0.6822916666666666,-0.6875,21.953125,22.635416666666668,5.9895923458333336,20.25,24,3,Hon_3,21.302861681,-157.849712717,52.62570544909607,33.25892145294512,0,22.785988949721258,15.709486409996993,17.729999542236328,4,0.3394316207992846,0.9662980608464676,1.35899089641112,-0.2594326221786702,1.9489342853603482,0.4734465746169111,-0.3058245649241726,1.6981200215854537,0.31120777461512295,-0.027492836681076223,-0.39060831553347525
Honolulu,HNL37,2024-12-16,-0.9947916666666666,-1,20.546875,21.541666666666668,3.2042566791666665,6.958333333333333,24,4,Hon_4,21.302861681,-157.849712717,52.62570544909607,33.25892145294512,0,22.785988949721258,15.709486409996993,17.729999542236328,4,0.3394316207992846,0.9662980608464676,1.35899089641112,-0.2594326221786702,1.9489342853603482,0.4734465746169111,-0.3058245649241726,1.6981200215854537,0.31120777461512295,-0.027492836681076223,-0.39060831553347525
Honolulu,HNL37,2024-12-21,-0.3958333333333333,-0.34375,21.609375,22.005208333333332,3.3775978091666667,5.291666666666667,24,5,Hon_5,21.302861681,-157.849712717,52.62570544909607,33.25892145294512,0,22.785988949721258,15.709486409996993,17.729999542236328,4,0.3394316207992846,0.9662980608464676,1.35899089641112,-0.2594326221786702,1.9489342853603482,0.4734465746169111,-0.3058245649241726,1.6981200215854537,0.31120777461512295,-0.027492836681076223,-0.39060831553347525
Honolulu,HNL37,2024-12-26,-0.59375,-0.59375,22.489583333333332,23.083333333333332,1.6095112708333337,8,24,6,Hon_6,21.302861681,-157.849712717,52.62570544909607,33.25892145294512,0,22.785988949721258,15.709486409996993,17.729999542236328,4,0.3394316207992846,0.9662980608464676,1.35899089641112,-0.2594326221786702,1.9489342853603482,0.4734465746169111,-0.3058245649241726,1.6981200215854537,0.31120777461512295,-0.027492836681076223,-0.39060831553347525
Honolulu,HNL37,2025-01-03,-0.4505208333333333,-0.5,21.380208333333332,21.830729166666668,3.27522905,7.458333333333333,24,7,Hon_7,21.302861681,-157.849712717,52.62570544909607,33.25892145294512,0,22.785988949721258,15.709486409996993,17.729999542236328,4,0.3394316207992846,0.9662980608464676,1.35899089641112,-0.2594326221786702,1.9489342853603482,0.4734465746169111,-0.3058245649241726,1.6981200215854537,0.31120777461512295,-0.027492836681076223,-0.39060831553347525
Honolulu,HNL38,2024-11-30,0.09635416666666669,0,22.046875,21.950520833333332,6.923625725,14.75,24,1,Hon_1,21.296868386,-157.864308776,94.63602753697091,3.582470119521912,0,14.081841769972684,16.31432371982903,16.520000457763672,2,0.2085245674402203,0.9759586914964844,0.3966641167210317,1.4148244814547726,-0.652341281730167,-0.2807463869872772,-0.3058245649241726,1.820685362857186,0.34925426109453167,-0.4181452715583358,-1.2582080120491632
Honolulu,HNL38,2024-12-01,0.5260416666666666,0.5,22.223958333333332,21.697916666666668,1.70763501625,5.208333333333333,24,2,Hon_2,21.296868386,-157.864308776,94.63602753697091,3.582470119521912,0,14.081841769972684,16.31432371982903,16.520000457763672,2,0.2085245674402203,0.9759586914964844,0.3966641167210317,1.4148244814547726,-0.652341281730167,-0.2807463869872772,-0.3058245649241726,1.820685362857186,0.34925426109453167,-0.4181452715583358,-1.2582080120491632
Honolulu,HNL38,2024-12-07,0.546875,0.625,23.182291666666668,22.635416666666668,5.9895923458333336,20.25,24,3,Hon_3,21.296868386,-157.864308776,94.63602753697091,3.582470119521912,0,14.081841769972684,16.31432371982903,16.520000457763672,2,0.2085245674402203,0.9759586914964844,0.3966641167210317,1.4148244814547726,-0.652341281730167,-0.2807463869872772,-0.3058245649241726,1.820685362857186,0.34925426109453167,-0.4181452715583358,-1.2582080120491632
Honolulu,HNL38,2024-12-16,0.4427083333333333,0.375,21.984375,21.541666666666668,3.2042566791666665,6.958333333333333,24,4,Hon_4,21.296868386,-157.864308776,94.63602753697091,3.582470119521912,0,14.081841769972684,16.31432371982903,16.520000457763672,2,0.2085245674402203,0.9759586914964844,0.3966641167210317,1.4148244814547726,-0.652341281730167,-0.2807463869872772,-0.3058245649241726,1.820685362857186,0.34925426109453167,-0.4181452715583358,-1.2582080120491632
Honolulu,HNL38,2024-12-21,0.5885416666666666,0.5,22.59375,22.005208333333332,3.3775978091666667,5.291666666666667,24,5,Hon_5,21.296868386,-157.864308776,94.63602753697091,3.582470119521912,0,14.081841769972684,16.31432371982903,16.520000457763672,2,0.2085245674402203,0.9759586914964844,0.3966641167210317,1.4148244814547726,-0.652341281730167,-0.2807463869872772,-0.3058245649241726,1.820685362857186,0.34925426109453167,-0.4181452715583358,-1.2582080120491632
Honolulu,HNL38,2024-12-26,0.4375,0.375,23.520833333333332,23.083333333333332,1.6095112708333337,8,24,6,Hon_6,21.296868386,-157.864308776,94.63602753697091,3.582470119521912,0,14.081841769972684,16.31432371982903,16.520000457763672,2,0.2085245674402203,0.9759586914964844,0.3966641167210317,1.4148244814547726,-0.652341281730167,-0.2807463869872772,-0.3058245649241726,1.820685362857186,0.34925426109453167,-0.4181452715583358,-1.2582080120491632
Honolulu,HNL38,2025-01-03,0.5286458333333334,0.53125,22.359375,21.830729166666668,3.27522905,7.458333333333333,24,7,Hon_7,21.296868386,-157.864308776,94.63602753697091,3.582470119521912,0,14.081841769972684,16.31432371982903,16.520000457763672,2,0.2085245674402203,0.9759586914964844,0.3966641167210317,1.4148244814547726,-0.652341281730167,-0.2807463869872772,-0.3058245649241726,1.820685362857186,0.34925426109453167,-0.4181452715583358,-1.2582080120491632
Honolulu,HNL43,2024-11-30,-0.1953125,-0.25,21.755208333333332,21.950520833333332,6.923625725,14.75,24,1,Hon_1,21.304100638,-157.83255782,86.62393979975766,14.339454220862024,0,36.752382306139815,10.2221664781091,34.83000183105469,33,0.8420531154050466,0.03514000071297903,2.0988346761561,1.095514984591016,0.2905571667404042,1.6836002348070453,-0.3058245649241726,0.5861594510548684,-3.355974403082534,1.4724287156803544,0.2764085983910034
Honolulu,HNL43,2024-12-01,0.03125,0.0625,21.729166666666668,21.697916666666668,1.70763501625,5.208333333333333,24,2,Hon_2,21.304100638,-157.83255782,86.62393979975766,14.339454220862024,0,36.752382306139815,10.2221664781091,34.83000183105469,33,0.8420531154050466,0.03514000071297903,2.0988346761561,1.095514984591016,0.2905571667404042,1.6836002348070453,-0.3058245649241726,0.5861594510548684,-3.355974403082534,1.4724287156803544,0.2764085983910034
Honolulu,HNL43,2024-12-07,0.125,0.125,22.760416666666668,22.635416666666668,5.9895923458333336,20.25,24,3,Hon_3,21.304100638,-157.83255782,86.62393979975766,14.339454220862024,0,36.752382306139815,10.2221664781091,34.83000183105469,33,0.8420531154050466,0.03514000071297903,2.0988346761561,1.095514984591016,0.2905571667404042,1.6836002348070453,-0.3058245649241726,0.5861594510548684,-3.355974403082534,1.4724287156803544,0.2764085983910034
Honolulu,HNL43,2024-12-16,-0.13020833333333334,-0.125,21.411458333333332,21.541666666666668,3.2042566791666665,6.958333333333333,24,4,Hon_4,21.304100638,-157.83255782,86.62393979975766,14.339454220862024,0,36.752382306139815,10.2221664781091,34.83000183105469,33,0.8420531154050466,0.03514000071297903,2.0988346761561,1.095514984591016,0.2905571667404042,1.6836002348070453,-0.3058245649241726,0.5861594510548684,-3.355974403082534,1.4724287156803544,0.2764085983910034
Honolulu,HNL43,2024-12-21,-0.3697916666666667,-0.28125,21.635416666666668,22.005208333333332,3.3775978091666667,5.291666666666667,24,5,Hon_5,21.304100638,-157.83255782,86.62393979975766,14.339454220862024,0,36.752382306139815,10.2221664781091,34.83000183105469,33,0.8420531154050466,0.03514000071297903,2.0988346761561,1.095514984591016,0.2905571667404042,1.6836002348070453,-0.3058245649241726,0.5861594510548684,-3.355974403082534,1.4724287156803544,0.2764085983910034
Honolulu,HNL43,2024-12-26,0.0625,0.21875,23.145833333333332,23.083333333333332,1.6095112708333337,8,24,6,Hon_6,21.304100638,-157.83255782,86.62393979975766,14.339454220862024,0,36.752382306139815,10.2221664781091,34.83000183105469,33,0.8420531154050466,0.03514000071297903,2.0988346761561,1.095514984591016,0.2905571667404042,1.6836002348070453,-0.3058245649241726,0.5861594510548684,-3.355974403082534,1.4724287156803544,0.2764085983910034
Honolulu,HNL43,2025-01-03,-0.18489583333333337,-0.15625,21.645833333333332,21.830729166666668,3.27522905,7.458333333333333,24,7,Hon_7,21.304100638,-157.83255782,86.62393979975766,14.339454220862024,0,36.752382306139815,10.2221664781091,34.83000183105469,33,0.8420531154050466,0.03514000071297903,2.0988346761561,1.095514984591016,0.2905571667404042,1.6836002348070453,-0.3058245649241726,0.5861594510548684,-3.355974403082534,1.4724287156803544,0.2764085983910034
Honolulu,HNL44,2024-11-30,0.5911458333333334,0.625,22.541666666666668,21.950520833333332,6.923625725,14.75,24,1,Hon_1,21.301826,-157.839045,78.69186880438593,0.7461972639433655,0,18.416322512746667,9.169076388259697,24.149999618530273,21,0.4156056764568498,0.700516947931778,1.5785792539511312,0.7793944325336699,-0.900953462409233,0.09482571685017895,-0.3058245649241726,0.37275934468888666,-0.7355186644060593,0.19982555108739522,-0.19263523987881417
Honolulu,HNL44,2024-12-01,0.7760416666666666,0.75,22.473958333333332,21.697916666666668,1.70763501625,5.208333333333333,24,2,Hon_2,21.301826,-157.839045,78.69186880438593,0.7461972639433655,0,18.416322512746667,9.169076388259697,24.149999618530273,21,0.4156056764568498,0.700516947931778,1.5785792539511312,0.7793944325336699,-0.900953462409233,0.09482571685017895,-0.3058245649241726,0.37275934468888666,-0.7355186644060593,0.19982555108739522,-0.19263523987881417
Honolulu,HNL44,2024-12-07,0.7604166666666666,0.75,23.395833333333332,22.635416666666668,5.9895923458333336,20.25,24,3,Hon_3,21.301826,-157.839045,78.69186880438593,0.7461972639433655,0,18.416322512746667,9.169076388259697,24.149999618530273,21,0.4156056764568498,0.700516947931778,1.5785792539511312,0.7793944325336699,-0.900953462409233,0.09482571685017895,-0.3058245649241726,0.37275934468888666,-0.7355186644060593,0.19982555108739522,-0.19263523987881417
Honolulu,HNL44,2024-12-16,0.8802083333333334,0.875,22.421875,21.541666666666668,3.2042566791666665,6.958333333333333,24,4,Hon_4,21.301826,-157.839045,78.69186880438593,0.7461972639433655,0,18.416322512746667,9.169076388259697,24.149999618530273,21,0.4156056764568498,0.700516947931778,1.5785792539511312,0.7793944325336699,-0.900953462409233,0.09482571685017895,-0.3058245649241726,0.37275934468888666,-0.7355186644060593,0.19982555108739522,-0.19263523987881417
Honolulu,HNL44,2024-12-21,1.1197916666666667,1.125,23.125,22.005208333333332,3.3775978091666667,5.291666666666667,24,5,Hon_5,21.301826,-157.839045,78.69186880438593,0.7461972639433655,0,18.416322512746667,9.169076388259697,24.149999618530273,21,0.4156056764568498,0.700516947931778,1.5785792539511312,0.7793944325336699,-0.900953462409233,0.09482571685017895,-0.3058245649241726,0.37275934468888666,-0.7355186644060593,0.19982555108739522,-0.19263523987881417
Honolulu,HNL44,2024-12-26,0.6979166666666666,0.71875,23.78125,23.083333333333332,1.6095112708333337,8,24,6,Hon_6,21.301826,-157.839045,78.69186880438593,0.7461972639433655,0,18.416322512746667,9.169076388259697,24.149999618530273,21,0.4156056764568498,0.700516947931778,1.5785792539511312,0.7793944325336699,-0.900953462409233,0.09482571685017895,-0.3058245649241726,0.37275934468888666,-0.7355186644060593,0.19982555108739522,-0.19263523987881417
Honolulu,HNL44,2025-01-03,0.9557291666666666,1.03125,22.786458333333332,21.830729166666668,3.27522905,7.458333333333333,24,7,Hon_7,21.301826,-157.839045,78.69186880438593,0.7461972639433655,0,18.416322512746667,9.169076388259697,24.149999618530273,21,0.4156056764568498,0.700516947931778,1.5785792539511312,0.7793944325336699,-0.900953462409233,0.09482571685017895,-0.3058245649241726,0.37275934468888666,-0.7355186644060593,0.19982555108739522,-0.19263523987881417
Honolulu,HNL45,2024-11-30,-0.3567708333333333,-0.3125,21.59375,21.950520833333332,6.923625725,14.75,24,1,Hon_1,21.308150326,-157.852493874,73.82379191635853,2.74234693877551,0,27.40326280347522,19.109290443637175,26.309999465942383,17,0.9336047075882924,0.9181931109902598,1.5707737842859446,0.585384677174854,-0.7259818891892091,0.8735220065216451,-0.3058245649241726,2.387062543593292,0.12175592715279719,1.7456367016944894,-0.1996723745149917
Honolulu,HNL45,2024-12-01,-0.234375,-0.125,21.463541666666668,21.697916666666668,1.70763501625,5.208333333333333,24,2,Hon_2,21.308150326,-157.852493874,73.82379191635853,2.74234693877551,0,27.40326280347522,19.109290443637175,26.309999465942383,17,0.9336047075882924,0.9181931109902598,1.5707737842859446,0.585384677174854,-0.7259818891892091,0.8735220065216451,-0.3058245649241726,2.387062543593292,0.12175592715279719,1.7456367016944894,-0.1996723745149917
Honolulu,HNL45,2024-12-07,-0.046875,0,22.588541666666668,22.635416666666668,5.9895923458333336,20.25,24,3,Hon_3,21.308150326,-157.852493874,73.82379191635853,2.74234693877551,0,27.40326280347522,19.109290443637175,26.309999465942383,17,0.9336047075882924,0.9181931109902598,1.5707737842859446,0.585384677174854,-0.7259818891892091,0.8735220065216451,-0.3058245649241726,2.387062543593292,0.12175592715279719,1.7456367016944894,-0.1996723745149917
Honolulu,HNL45,2024-12-16,-0.11458333333333331,-0.09375,21.427083333333332,21.541666666666668,3.2042566791666665,6.958333333333333,24,4,Hon_4,21.308150326,-157.852493874,73.82379191635853,2.74234693877551,0,27.40326280347522,19.109290443637175,26.309999465942383,17,0.9336047075882924,0.9181931109902598,1.5707737842859446,0.585384677174854,-0.7259818891892091,0.8735220065216451,-0.3058245649241726,2.387062543593292,0.12175592715279719,1.7456367016944894,-0.1996723745149917
Honolulu,HNL45,2024-12-21,0.03645833333333333,0.125,22.041666666666668,22.005208333333332,3.3775978091666667,5.291666666666667,24,5,Hon_5,21.308150326,-157.852493874,73.82379191635853,2.74234693877551,0,27.40326280347522,19.109290443637175,26.309999465942383,17,0.9336047075882924,0.9181931109902598,1.5707737842859446,0.585384677174854,-0.7259818891892091,0.8735220065216451,-0.3058245649241726,2.387062543593292,0.12175592715279719,1.7456367016944894,-0.1996723745149917
Honolulu,HNL45,2024-12-26,-0.06770833333333333,-0.125,23.015625,23.083333333333332,1.6095112708333337,8,24,6,Hon_6,21.308150326,-157.852493874,73.82379191635853,2.74234693877551,0,27.40326280347522,19.109290443637175,26.309999465942383,17,0.9336047075882924,0.9181931109902598,1.5707737842859446,0.585384677174854,-0.7259818891892091,0.8735220065216451,-0.3058245649241726,2.387062543593292,0.12175592715279719,1.7456367016944894,-0.1996723745149917
Honolulu,HNL45,2025-01-03,0.1953125,0.25,22.026041666666668,21.830729166666668,3.27522905,7.458333333333333,24,7,Hon_7,21.308150326,-157.852493874,73.82379191635853,2.74234693877551,0,27.40326280347522,19.109290443637175,26.309999465942383,17,0.9336047075882924,0.9181931109902598,1.5707737842859446,0.585384677174854,-0.7259818891892091,0.8735220065216451,-0.3058245649241726,2.387062543593292,0.12175592715279719,1.7456367016944894,-0.1996723745149917
Honolulu,HNL47,2024-11-30,0.2786458333333333,0.25,22.229166666666668,21.950520833333332,6.923625725,14.75,24,1,Hon_1,21.288078708,-157.824414177,94.57571988902708,3.4811438043928717,0,24.66792687556529,10.19526751719316,27.829999923706055,40,0.7233495590218509,0.8784864007367688,1.3083636851984597,1.4124210124272756,-0.661222992851457,0.6365118707954797,-0.3058245649241726,0.5807085963028151,-0.034621111731162627,1.1181939197714406,-0.43625201371434175
Honolulu,HNL47,2024-12-01,0.07291666666666667,0.0625,21.770833333333332,21.697916666666668,1.70763501625,5.208333333333333,24,2,Hon_2,21.288078708,-157.824414177,94.57571988902708,3.4811438043928717,0,24.66792687556529,10.19526751719316,27.829999923706055,40,0.7233495590218509,0.8784864007367688,1.3083636851984597,1.4124210124272756,-0.661222992851457,0.6365118707954797,-0.3058245649241726,0.5807085963028151,-0.034621111731162627,1.1181939197714406,-0.43625201371434175
Honolulu,HNL47,2024-12-07,0.15104166666666666,0.125,22.786458333333332,22.635416666666668,5.9895923458333336,20.25,24,3,Hon_3,21.288078708,-157.824414177,94.57571988902708,3.4811438043928717,0,24.66792687556529,10.19526751719316,27.829999923706055,40,0.7233495590218509,0.8784864007367688,1.3083636851984597,1.4124210124272756,-0.661222992851457,0.6365118707954797,-0.3058245649241726,0.5807085963028151,-0.034621111731162627,1.1181939197714406,-0.43625201371434175
Honolulu,HNL47,2024-12-16,0.09895833333333331,0.0625,21.640625,21.541666666666668,3.2042566791666665,6.958333333333333,24,4,Hon_4,21.288078708,-157.824414177,94.57571988902708,3.4811438043928717,0,24.66792687556529,10.19526751719316,27.829999923706055,40,0.7233495590218509,0.8784864007367688,1.3083636851984597,1.4124210124272756,-0.661222992851457,0.6365118707954797,-0.3058245649241726,0.5807085963028151,-0.034621111731162627,1.1181939197714406,-0.43625201371434175
Honolulu,HNL47,2024-12-21,0.171875,0.125,22.177083333333332,22.005208333333332,3.3775978091666667,5.291666666666667,24,5,Hon_5,21.288078708,-157.824414177,94.57571988902708,3.4811438043928717,0,24.66792687556529,10.19526751719316,27.829999923706055,40,0.7233495590218509,0.8784864007367688,1.3083636851984597,1.4124210124272756,-0.661222992851457,0.6365118707954797,-0.3058245649241726,0.5807085963028151,-0.034621111731162627,1.1181939197714406,-0.43625201371434175
Honolulu,HNL47,2024-12-26,0.21354166666666663,0.1875,23.296875,23.083333333333332,1.6095112708333337,8,24,6,Hon_6,21.288078708,-157.824414177,94.57571988902708,3.4811438043928717,0,24.66792687556529,10.19526751719316,27.829999923706055,40,0.7233495590218509,0.8784864007367688,1.3083636851984597,1.4124210124272756,-0.661222992851457,0.6365118707954797,-0.3058245649241726,0.5807085963028151,-0.034621111731162627,1.1181939197714406,-0.43625201371434175
Honolulu,HNL47,2025-01-03,0.16927083333333334,0.15625,22,21.830729166666668,3.27522905,7.458333333333333,24,7,Hon_7,21.288078708,-157.824414177,94.57571988902708,3.4811438043928717,0,24.66792687556529,10.19526751719316,27.829999923706055,40,0.7233495590218509,0.8784864007367688,1.3083636851984597,1.4124210124272756,-0.661222992851457,0.6365118707954797,-0.3058245649241726,0.5807085963028151,-0.034621111731162627,1.1181939197714406,-0.43625201371434175
Honolulu,HNL50,2024-11-30,-0.4244791666666667,-0.40625,21.526041666666668,21.950520833333332,6.923625725,14.75,24,1,Hon_1,21.292910827,-157.827396642,60.35120147874307,12.199477074166188,0,19.322326894900865,6.79206324672574,20.770000457763672,32,0.3871066575261748,0.07468036877373956,1.6953119953692175,0.048455200715733254,0.10297846323273542,0.1733287699457247,-0.3058245649241726,-0.10892295592911894,-3.200252470083061,0.11477886451700785,-0.08739314003785191
Honolulu,HNL50,2024-12-01,-0.5989583333333334,-0.625,21.098958333333332,21.697916666666668,1.70763501625,5.208333333333333,24,2,Hon_2,21.292910827,-157.827396642,60.35120147874307,12.199477074166188,0,19.322326894900865,6.79206324672574,20.770000457763672,32,0.3871066575261748,0.07468036877373956,1.6953119953692175,0.048455200715733254,0.10297846323273542,0.1733287699457247,-0.3058245649241726,-0.10892295592911894,-3.200252470083061,0.11477886451700785,-0.08739314003785191
Honolulu,HNL50,2024-12-07,-0.4322916666666667,-0.4375,22.203125,22.635416666666668,5.9895923458333336,20.25,24,3,Hon_3,21.292910827,-157.827396642,60.35120147874307,12.199477074166188,0,19.322326894900865,6.79206324672574,20.770000457763672,32,0.3871066575261748,0.07468036877373956,1.6953119953692175,0.048455200715733254,0.10297846323273542,0.1733287699457247,-0.3058245649241726,-0.10892295592911894,-3.200252470083061,0.11477886451700785,-0.08739314003785191
Honolulu,HNL50,2024-12-16,-0.328125,-0.25,21.213541666666668,21.541666666666668,3.2042566791666665,6.958333333333333,24,4,Hon_4,21.292910827,-157.827396642,60.35120147874307,12.199477074166188,0,19.322326894900865,6.79206324672574,20.770000457763672,32,0.3871066575261748,0.07468036877373956,1.6953119953692175,0.048455200715733254,0.10297846323273542,0.1733287699457247,-0.3058245649241726,-0.10892295592911894,-3.200252470083061,0.11477886451700785,-0.08739314003785191
Honolulu,HNL50,2024-12-21,-0.4635416666666667,-0.5,21.541666666666668,22.005208333333332,3.3775978091666667,5.291666666666667,24,5,Hon_5,21.292910827,-157.827396642,60.35120147874307,12.199477074166188,0,19.322326894900865,6.79206324672574,20.770000457763672,32,0.3871066575261748,0.07468036877373956,1.6953119953692175,0.048455200715733254,0.10297846323273542,0.1733287699457247,-0.3058245649241726,-0.10892295592911894,-3.200252470083061,0.11477886451700785,-0.08739314003785191
Honolulu,HNL50,2024-12-26,-0.4114583333333333,-0.3125,22.671875,23.083333333333332,1.6095112708333337,8,24,6,Hon_6,21.292910827,-157.827396642,60.35120147874307,12.199477074166188,0,19.322326894900865,6.79206324672574,20.770000457763672,32,0.3871066575261748,0.07468036877373956,1.6953119953692175,0.048455200715733254,0.10297846323273542,0.1733287699457247,-0.3058245649241726,-0.10892295592911894,-3.200252470083061,0.11477886451700785,-0.08739314003785191
Honolulu,HNL50,2025-01-03,-0.4557291666666667,-0.46875,21.375,21.830729166666668,3.27522905,7.458333333333333,24,7,Hon_7,21.292910827,-157.827396642,60.35120147874307,12.199477074166188,0,19.322326894900865,6.79206324672574,20.770000457763672,32,0.3871066575261748,0.07468036877373956,1.6953119953692175,0.048455200715733254,0.10297846323273542,0.1733287699457247,-0.3058245649241726,-0.10892295592911894,-3.200252470083061,0.11477886451700785,-0.08739314003785191
Honolulu,Hnl15a,2024-11-30,-0.12760416666666666,-0.125,21.822916666666668,21.950520833333332,6.923625725,14.75,24,1,Hon_1,21.293465603,-157.840659614,97.65936413788704,3.779718273949902,0,40.544886077574525,17.96909481097318,52.34000015258789,12,0.9675726851388232,0.8634335557154714,0.6619803800831309,1.5353149354477396,-0.6350515863079469,2.0122113660535668,-0.3058245649241726,2.1560112103466555,-0.09390376990611622,1.8470038381281058,-1.0190082782043206
Honolulu,Hnl15a,2024-12-01,-0.11979166666666669,-0.125,21.578125,21.697916666666668,1.70763501625,5.208333333333333,24,2,Hon_2,21.293465603,-157.840659614,97.65936413788704,3.779718273949902,0,40.544886077574525,17.96909481097318,52.34000015258789,12,0.9675726851388232,0.8634335557154714,0.6619803800831309,1.5353149354477396,-0.6350515863079469,2.0122113660535668,-0.3058245649241726,2.1560112103466555,-0.09390376990611622,1.8470038381281058,-1.0190082782043206
Honolulu,Hnl15a,2024-12-07,0.03125,0,22.666666666666668,22.635416666666668,5.9895923458333336,20.25,24,3,Hon_3,21.293465603,-157.840659614,97.65936413788704,3.779718273949902,0,40.544886077574525,17.96909481097318,52.34000015258789,12,0.9675726851388232,0.8634335557154714,0.6619803800831309,1.5353149354477396,-0.6350515863079469,2.0122113660535668,-0.3058245649241726,2.1560112103466555,-0.09390376990611622,1.8470038381281058,-1.0190082782043206
Honolulu,Hnl15a,2024-12-16,-0.28125,-0.1875,21.260416666666668,21.541666666666668,3.2042566791666665,6.958333333333333,24,4,Hon_4,21.293465603,-157.840659614,97.65936413788704,3.779718273949902,0,40.544886077574525,17.96909481097318,52.34000015258789,12,0.9675726851388232,0.8634335557154714,0.6619803800831309,1.5353149354477396,-0.6350515863079469,2.0122113660535668,-0.3058245649241726,2.1560112103466555,-0.09390376990611622,1.8470038381281058,-1.0190082782043206
Honolulu,Hnl15a,2024-12-21,-0.1875,-0.125,21.817708333333332,22.005208333333332,3.3775978091666667,5.291666666666667,24,5,Hon_5,21.293465603,-157.840659614,97.65936413788704,3.779718273949902,0,40.544886077574525,17.96909481097318,52.34000015258789,12,0.9675726851388232,0.8634335557154714,0.6619803800831309,1.5353149354477396,-0.6350515863079469,2.0122113660535668,-0.3058245649241726,2.1560112103466555,-0.09390376990611622,1.8470038381281058,-1.0190082782043206
Honolulu,Hnl15a,2024-12-26,-0.11458333333333331,0,22.96875,23.083333333333332,1.6095112708333337,8,24,6,Hon_6,21.293465603,-157.840659614,97.65936413788704,3.779718273949902,0,40.544886077574525,17.96909481097318,52.34000015258789,12,0.9675726851388232,0.8634335557154714,0.6619803800831309,1.5353149354477396,-0.6350515863079469,2.0122113660535668,-0.3058245649241726,2.1560112103466555,-0.09390376990611622,1.8470038381281058,-1.0190082782043206
Honolulu,Hnl15a,2025-01-03,-0.3828125,-0.28125,21.447916666666668,21.830729166666668,3.27522905,7.458333333333333,24,7,Hon_7,21.293465603,-157.840659614,97.65936413788704,3.779718273949902,0,40.544886077574525,17.96909481097318,52.34000015258789,12,0.9675726851388232,0.8634335557154714,0.6619803800831309,1.5353149354477396,-0.6350515863079469,2.0122113660535668,-0.3058245649241726,2.1560112103466555,-0.09390376990611622,1.8470038381281058,-1.0190082782043206
Honolulu,Hnl21a,2024-11-30,0.4713541666666667,0.4375,22.421875,21.950520833333332,6.923625725,14.75,24,1,Hon_1,21.276858497,-157.811028864,80.08095101507473,0.4941971687284785,0,31.98549764993435,4.611689956978353,6.75,81,0.5394410983674849,0.9745930866186104,1.5966678384651056,0.8347541785006691,-0.9230424137876172,1.2705613945569874,-0.3058245649241726,-0.5507577964945418,0.34387609589967905,0.5693748446670955,-0.17632721357638015
Honolulu,Hnl21a,2024-12-01,0.5,0.5,22.197916666666668,21.697916666666668,1.70763501625,5.208333333333333,24,2,Hon_2,21.276858497,-157.811028864,80.08095101507473,0.4941971687284785,0,31.98549764993435,4.611689956978353,6.75,81,0.5394410983674849,0.9745930866186104,1.5966678384651056,0.8347541785006691,-0.9230424137876172,1.2705613945569874,-0.3058245649241726,-0.5507577964945418,0.34387609589967905,0.5693748446670955,-0.17632721357638015
Honolulu,Hnl21a,2024-12-07,-0.11458333333333331,-0.0625,22.520833333333332,22.635416666666668,5.9895923458333336,20.25,24,3,Hon_3,21.276858497,-157.811028864,80.08095101507473,0.4941971687284785,0,31.98549764993435,4.611689956978353,6.75,81,0.5394410983674849,0.9745930866186104,1.5966678384651056,0.8347541785006691,-0.9230424137876172,1.2705613945569874,-0.3058245649241726,-0.5507577964945418,0.34387609589967905,0.5693748446670955,-0.17632721357638015
Honolulu,Hnl21a,2024-12-16,0.5104166666666666,0.53125,22.052083333333332,21.541666666666668,3.2042566791666665,6.958333333333333,24,4,Hon_4,21.276858497,-157.811028864,80.08095101507473,0.4941971687284785,0,31.98549764993435,4.611689956978353,6.75,81,0.5394410983674849,0.9745930866186104,1.5966678384651056,0.8347541785006691,-0.9230424137876172,1.2705613945569874,-0.3058245649241726,-0.5507577964945418,0.34387609589967905,0.5693748446670955,-0.17632721357638015
Honolulu,Hnl21a,2024-12-21,0.5677083333333334,0.53125,22.572916666666668,22.005208333333332,3.3775978091666667,5.291666666666667,24,5,Hon_5,21.276858497,-157.811028864,80.08095101507473,0.4941971687284785,0,31.98549764993435,4.611689956978353,6.75,81,0.5394410983674849,0.9745930866186104,1.5966678384651056,0.8347541785006691,-0.9230424137876172,1.2705613945569874,-0.3058245649241726,-0.5507577964945418,0.34387609589967905,0.5693748446670955,-0.17632721357638015
Honolulu,Hnl21a,2024-12-26,0.2916666666666667,0.25,23.375,23.083333333333332,1.6095112708333337,8,24,6,Hon_6,21.276858497,-157.811028864,80.08095101507473,0.4941971687284785,0,31.98549764993435,4.611689956978353,6.75,81,0.5394410983674849,0.9745930866186104,1.5966678384651056,0.8347541785006691,-0.9230424137876172,1.2705613945569874,-0.3058245649241726,-0.5507577964945418,0.34387609589967905,0.5693748446670955,-0.17632721357638015
Honolulu,Hnl21a,2025-01-03,0.7421875,0.75,22.572916666666668,21.830729166666668,3.27522905,7.458333333333333,24,7,Hon_7,21.276858497,-157.811028864,80.08095101507473,0.4941971687284785,0,31.98549764993435,4.611689956978353,6.75,81,0.5394410983674849,0.9745930866186104,1.5966678384651056,0.8347541785006691,-0.9230424137876172,1.2705613945569874,-0.3058245649241726,-0.5507577964945418,0.34387609589967905,0.5693748446670955,-0.17632721357638015
Honolulu,ID06,2024-11-30,3.8776041666666665,3.5625,25.828125,21.950520833333332,6.923625725,14.75,24,1,Hon_1,21.292148013,-157.854168527,20.039518133724265,19.283483138904824,6.231274303563461,0.04113919721286686,3.980000019073486,3.9800000190734863,1,0.02293804172835926,0.9993749740267088,0.13970573432459538,-1.5581052550371035,0.7239237267444703,-1.497338758149268,0.4034196786713319,-0.6787646035460605,0.44147466667257246,-0.9719720233597857,-1.4898725768200884
Honolulu,ID06,2024-12-01,0.18229166666666663,0.0625,21.880208333333332,21.697916666666668,1.70763501625,5.208333333333333,24,2,Hon_2,21.292148013,-157.854168527,20.039518133724265,19.283483138904824,6.231274303563461,0.04113919721286686,3.980000019073486,3.9800000190734863,1,0.02293804172835926,0.9993749740267088,0.13970573432459538,-1.5581052550371035,0.7239237267444703,-1.497338758149268,0.4034196786713319,-0.6787646035460605,0.44147466667257246,-0.9719720233597857,-1.4898725768200884
Honolulu,ID06,2024-12-07,0.05208333333333333,0.125,22.6875,22.635416666666668,5.9895923458333336,20.25,24,3,Hon_3,21.292148013,-157.854168527,20.039518133724265,19.283483138904824,6.231274303563461,0.04113919721286686,3.980000019073486,3.9800000190734863,1,0.02293804172835926,0.9993749740267088,0.13970573432459538,-1.5581052550371035,0.7239237267444703,-1.497338758149268,0.4034196786713319,-0.6787646035460605,0.44147466667257246,-0.9719720233597857,-1.4898725768200884
Honolulu,ID06,2024-12-16,0.08333333333333333,0.25,21.625,21.541666666666668,3.2042566791666665,6.958333333333333,24,4,Hon_4,21.292148013,-157.854168527,20.039518133724265,19.283483138904824,6.231274303563461,0.04113919721286686,3.980000019073486,3.9800000190734863,1,0.02293804172835926,0.9993749740267088,0.13970573432459538,-1.5581052550371035,0.7239237267444703,-1.497338758149268,0.4034196786713319,-0.6787646035460605,0.44147466667257246,-0.9719720233597857,-1.4898725768200884
Honolulu,ID06,2024-12-21,0,0.125,22.005208333333332,22.005208333333332,3.3775978091666667,5.291666666666667,24,5,Hon_5,21.292148013,-157.854168527,20.039518133724265,19.283483138904824,6.231274303563461,0.04113919721286686,3.980000019073486,3.9800000190734863,1,0.02293804172835926,0.9993749740267088,0.13970573432459538,-1.5581052550371035,0.7239237267444703,-1.497338758149268,0.4034196786713319,-0.6787646035460605,0.44147466667257246,-0.9719720233597857,-1.4898725768200884
Honolulu,ID06,2024-12-26,-0.20833333333333337,-0.21875,22.875,23.083333333333332,1.6095112708333337,8,24,6,Hon_6,21.292148013,-157.854168527,20.039518133724265,19.283483138904824,6.231274303563461,0.04113919721286686,3.980000019073486,3.9800000190734863,1,0.02293804172835926,0.9993749740267088,0.13970573432459538,-1.5581052550371035,0.7239237267444703,-1.497338758149268,0.4034196786713319,-0.6787646035460605,0.44147466667257246,-0.9719720233597857,-1.4898725768200884
Honolulu,ID06,2025-01-03,0.0703125,0.15625,21.901041666666668,21.830729166666668,3.27522905,7.458333333333333,24,7,Hon_7,21.292148013,-157.854168527,20.039518133724265,19.283483138904824,6.231274303563461,0.04113919721286686,3.980000019073486,3.9800000190734863,1,0.02293804172835926,0.9993749740267088,0.13970573432459538,-1.5581052550371035,0.7239237267444703,-1.497338758149268,0.4034196786713319,-0.6787646035460605,0.44147466667257246,-0.9719720233597857,-1.4898725768200884
Honolulu,ID07,2024-11-30,1.2526041666666667,1.375,23.203125,21.950520833333332,6.923625725,14.75,24,1,Hon_1,21.288479952,-157.838594776,59.80804795612525,10.996300548539354,27.876642428881233,20.901738138103017,19.226399779198896,38.25,19,0.8717586705719963,0.8515481440548673,0.4403832161734049,0.026808648192183742,-0.002485416657950723,0.3101808725702109,2.8670975711062754,2.4107937940401505,-0.14071211714860138,1.561075944057878,-1.2187924224414068
Honolulu,ID07,2024-12-01,1.1458333333333333,1.25,22.84375,21.697916666666668,1.70763501625,5.208333333333333,24,2,Hon_2,21.288479952,-157.838594776,59.80804795612525,10.996300548539354,27.876642428881233,20.901738138103017,19.226399779198896,38.25,19,0.8717586705719963,0.8515481440548673,0.4403832161734049,0.026808648192183742,-0.002485416657950723,0.3101808725702109,2.8670975711062754,2.4107937940401505,-0.14071211714860138,1.561075944057878,-1.2187924224414068
Honolulu,ID07,2024-12-07,1.109375,1.125,23.744791666666668,22.635416666666668,5.9895923458333336,20.25,24,3,Hon_3,21.288479952,-157.838594776,59.80804795612525,10.996300548539354,27.876642428881233,20.901738138103017,19.226399779198896,38.25,19,0.8717586705719963,0.8515481440548673,0.4403832161734049,0.026808648192183742,-0.002485416657950723,0.3101808725702109,2.8670975711062754,2.4107937940401505,-0.14071211714860138,1.561075944057878,-1.2187924224414068
Honolulu,ID07,2024-12-16,1.1822916666666667,1.15625,22.723958333333332,21.541666666666668,3.2042566791666665,6.958333333333333,24,4,Hon_4,21.288479952,-157.838594776,59.80804795612525,10.996300548539354,27.876642428881233,20.901738138103017,19.226399779198896,38.25,19,0.8717586705719963,0.8515481440548673,0.4403832161734049,0.026808648192183742,-0.002485416657950723,0.3101808725702109,2.8670975711062754,2.4107937940401505,-0.14071211714860138,1.561075944057878,-1.2187924224414068
Honolulu,ID07,2024-12-21,1.3854166666666667,1.4375,23.390625,22.005208333333332,3.3775978091666667,5.291666666666667,24,5,Hon_5,21.288479952,-157.838594776,59.80804795612525,10.996300548539354,27.876642428881233,20.901738138103017,19.226399779198896,38.25,19,0.8717586705719963,0.8515481440548673,0.4403832161734049,0.026808648192183742,-0.002485416657950723,0.3101808725702109,2.8670975711062754,2.4107937940401505,-0.14071211714860138,1.561075944057878,-1.2187924224414068
Honolulu,ID07,2024-12-26,0.9739583333333334,0.9375,24.057291666666668,23.083333333333332,1.6095112708333337,8,24,6,Hon_6,21.288479952,-157.838594776,59.80804795612525,10.996300548539354,27.876642428881233,20.901738138103017,19.226399779198896,38.25,19,0.8717586705719963,0.8515481440548673,0.4403832161734049,0.026808648192183742,-0.002485416657950723,0.3101808725702109,2.8670975711062754,2.4107937940401505,-0.14071211714860138,1.561075944057878,-1.2187924224414068
Honolulu,ID07,2025-01-03,1.1171875,1.25,22.947916666666668,21.830729166666668,3.27522905,7.458333333333333,24,7,Hon_7,21.288479952,-157.838594776,59.80804795612525,10.996300548539354,27.876642428881233,20.901738138103017,19.226399779198896,38.25,19,0.8717586705719963,0.8515481440548673,0.4403832161734049,0.026808648192183742,-0.002485416657950723,0.3101808725702109,2.8670975711062754,2.4107937940401505,-0.14071211714860138,1.561075944057878,-1.2187924224414068
Honolulu,ID22,2024-11-30,-0.3463541666666667,-0.21875,21.604166666666668,21.950520833333332,6.923625725,14.75,24,1,Hon_1,21.295181993,-157.81514378400001,27.576646057747467,19.89348470835858,3.138055298657397,8.17091825586904,10.413426892070875,13.550000190734863,6,0.20167531679961345,0.985681712125703,2.490914789321154,-1.2577245547560174,0.7773931311782749,-0.7929133826568558,0.05134919251808217,0.6249168119648749,0.3875464581891318,-0.4385847847180935,0.6298941236523773
Honolulu,ID22,2024-12-01,-0.375,-0.4375,21.322916666666668,21.697916666666668,1.70763501625,5.208333333333333,24,2,Hon_2,21.295181993,-157.81514378400001,27.576646057747467,19.89348470835858,3.138055298657397,8.17091825586904,10.413426892070875,13.550000190734863,6,0.20167531679961345,0.985681712125703,2.490914789321154,-1.2577245547560174,0.7773931311782749,-0.7929133826568558,0.05134919251808217,0.6249168119648749,0.3875464581891318,-0.4385847847180935,0.6298941236523773
Honolulu,ID22,2024-12-07,-0.3854166666666667,-0.375,22.25,22.635416666666668,5.9895923458333336,20.25,24,3,Hon_3,21.295181993,-157.81514378400001,27.576646057747467,19.89348470835858,3.138055298657397,8.17091825586904,10.413426892070875,13.550000190734863,6,0.20167531679961345,0.985681712125703,2.490914789321154,-1.2577245547560174,0.7773931311782749,-0.7929133826568558,0.05134919251808217,0.6249168119648749,0.3875464581891318,-0.4385847847180935,0.6298941236523773
Honolulu,ID22,2024-12-16,-0.3072916666666667,-0.3125,21.234375,21.541666666666668,3.2042566791666665,6.958333333333333,24,4,Hon_4,21.295181993,-157.81514378400001,27.576646057747467,19.89348470835858,3.138055298657397,8.17091825586904,10.413426892070875,13.550000190734863,6,0.20167531679961345,0.985681712125703,2.490914789321154,-1.2577245547560174,0.7773931311782749,-0.7929133826568558,0.05134919251808217,0.6249168119648749,0.3875464581891318,-0.4385847847180935,0.6298941236523773
Honolulu,ID22,2024-12-21,-0.4895833333333333,-0.5,21.515625,22.005208333333332,3.3775978091666667,5.291666666666667,24,5,Hon_5,21.295181993,-157.81514378400001,27.576646057747467,19.89348470835858,3.138055298657397,8.17091825586904,10.413426892070875,13.550000190734863,6,0.20167531679961345,0.985681712125703,2.490914789321154,-1.2577245547560174,0.7773931311782749,-0.7929133826568558,0.05134919251808217,0.6249168119648749,0.3875464581891318,-0.4385847847180935,0.6298941236523773
Honolulu,ID22,2024-12-26,-0.625,-0.625,22.458333333333332,23.083333333333332,1.6095112708333337,8,24,6,Hon_6,21.295181993,-157.81514378400001,27.576646057747467,19.89348470835858,3.138055298657397,8.17091825586904,10.413426892070875,13.550000190734863,6,0.20167531679961345,0.985681712125703,2.490914789321154,-1.2577245547560174,0.7773931311782749,-0.7929133826568558,0.05134919251808217,0.6249168119648749,0.3875464581891318,-0.4385847847180935,0.6298941236523773
Honolulu,ID22,2025-01-03,-0.5963541666666666,-0.65625,21.234375,21.830729166666668,3.27522905,7.458333333333333,24,7,Hon_7,21.295181993,-157.81514378400001,27.576646057747467,19.89348470835858,3.138055298657397,8.17091825586904,10.413426892070875,13.550000190734863,6,0.20167531679961345,0.985681712125703,2.490914789321154,-1.2577245547560174,0.7773931311782749,-0.7929133826568558,0.05134919251808217,0.6249168119648749,0.3875464581891318,-0.4385847847180935,0.6298941236523773
Honolulu,ID26,2024-11-30,0.8619791666666666,0.625,22.8125,21.950520833333332,6.923625725,14.75,24,1,Hon_1,21.296077264,-157.845905829,85.36181064711508,0.3632887189292543,0,41.18693593192288,20.83481159693637,33,36,1.9703957567516703,0.779086402670056,0.8117130937708954,1.0452147584919496,-0.9345171331926592,2.0678434080157193,-0.3058245649241726,2.7367253133791682,-0.4260883791907538,4.8396254320318945,-0.8840145736793243
Honolulu,ID26,2024-12-01,0.8541666666666666,0.875,22.552083333333332,21.697916666666668,1.70763501625,5.208333333333333,24,2,Hon_2,21.296077264,-157.845905829,85.36181064711508,0.3632887189292543,0,41.18693593192288,20.83481159693637,33,36,1.9703957567516703,0.779086402670056,0.8117130937708954,1.0452147584919496,-0.9345171331926592,2.0678434080157193,-0.3058245649241726,2.7367253133791682,-0.4260883791907538,4.8396254320318945,-0.8840145736793243
Honolulu,ID26,2024-12-07,0.9895833333333334,1,23.625,22.635416666666668,5.9895923458333336,20.25,24,3,Hon_3,21.296077264,-157.845905829,85.36181064711508,0.3632887189292543,0,41.18693593192288,20.83481159693637,33,36,1.9703957567516703,0.779086402670056,0.8117130937708954,1.0452147584919496,-0.9345171331926592,2.0678434080157193,-0.3058245649241726,2.7367253133791682,-0.4260883791907538,4.8396254320318945,-0.8840145736793243
Honolulu,ID26,2024-12-16,0.8697916666666666,0.875,22.411458333333332,21.541666666666668,3.2042566791666665,6.958333333333333,24,4,Hon_4,21.296077264,-157.845905829,85.36181064711508,0.3632887189292543,0,41.18693593192288,20.83481159693637,33,36,1.9703957567516703,0.779086402670056,0.8117130937708954,1.0452147584919496,-0.9345171331926592,2.0678434080157193,-0.3058245649241726,2.7367253133791682,-0.4260883791907538,4.8396254320318945,-0.8840145736793243
Honolulu,ID26,2024-12-21,1.1875,1.3125,23.192708333333332,22.005208333333332,3.3775978091666667,5.291666666666667,24,5,Hon_5,21.296077264,-157.845905829,85.36181064711508,0.3632887189292543,0,41.18693593192288,20.83481159693637,33,36,1.9703957567516703,0.779086402670056,0.8117130937708954,1.0452147584919496,-0.9345171331926592,2.0678434080157193,-0.3058245649241726,2.7367253133791682,-0.4260883791907538,4.8396254320318945,-0.8840145736793243
Honolulu,ID26,2024-12-26,0.828125,0.8125,23.911458333333332,23.083333333333332,1.6095112708333337,8,24,6,Hon_6,21.296077264,-157.845905829,85.36181064711508,0.3632887189292543,0,41.18693593192288,20.83481159693637,33,36,1.9703957567516703,0.779086402670056,0.8117130937708954,1.0452147584919496,-0.9345171331926592,2.0678434080157193,-0.3058245649241726,2.7367253133791682,-0.4260883791907538,4.8396254320318945,-0.8840145736793243
Honolulu,ID26,2025-01-03,1.0442708333333333,1,22.875,21.830729166666668,3.27522905,7.458333333333333,24,7,Hon_7,21.296077264,-157.845905829,85.36181064711508,0.3632887189292543,0,41.18693593192288,20.83481159693637,33,36,1.9703957567516703,0.779086402670056,0.8117130937708954,1.0452147584919496,-0.9345171331926592,2.0678434080157193,-0.3058245649241726,2.7367253133791682,-0.4260883791907538,4.8396254320318945,-0.8840145736793243
Honolulu,ID27,2024-11-30,0.2734375,0.25,22.223958333333332,21.950520833333332,6.923625725,14.75,24,1,Hon_1,21.299212947,-157.827035957,76.22052262587636,5.437902659947694,0,26.125731032484033,4.827993508967816,7.690000057220459,53,0.4059646383170109,0.9154570552796212,2.0715109266235827,0.6809027121833218,-0.4897042036116516,0.7628270182580026,-0.3058245649241726,-0.506925648184712,0.11098051192651065,0.17105479406987956,0.25177447482466436
Honolulu,ID27,2024-12-01,0.04166666666666666,0,21.739583333333332,21.697916666666668,1.70763501625,5.208333333333333,24,2,Hon_2,21.299212947,-157.827035957,76.22052262587636,5.437902659947694,0,26.125731032484033,4.827993508967816,7.690000057220459,53,0.4059646383170109,0.9154570552796212,2.0715109266235827,0.6809027121833218,-0.4897042036116516,0.7628270182580026,-0.3058245649241726,-0.506925648184712,0.11098051192651065,0.17105479406987956,0.25177447482466436
Honolulu,ID27,2024-12-07,0.02083333333333333,0,22.65625,22.635416666666668,5.9895923458333336,20.25,24,3,Hon_3,21.299212947,-157.827035957,76.22052262587636,5.437902659947694,0,26.125731032484033,4.827993508967816,7.690000057220459,53,0.4059646383170109,0.9154570552796212,2.0715109266235827,0.6809027121833218,-0.4897042036116516,0.7628270182580026,-0.3058245649241726,-0.506925648184712,0.11098051192651065,0.17105479406987956,0.25177447482466436
Honolulu,ID27,2024-12-16,0.11458333333333331,0.09375,21.65625,21.541666666666668,3.2042566791666665,6.958333333333333,24,4,Hon_4,21.299212947,-157.827035957,76.22052262587636,5.437902659947694,0,26.125731032484033,4.827993508967816,7.690000057220459,53,0.4059646383170109,0.9154570552796212,2.0715109266235827,0.6809027121833218,-0.4897042036116516,0.7628270182580026,-0.3058245649241726,-0.506925648184712,0.11098051192651065,0.17105479406987956,0.25177447482466436
Honolulu,ID27,2024-12-21,0.02083333333333333,-0.03125,22.026041666666668,22.005208333333332,3.3775978091666667,5.291666666666667,24,5,Hon_5,21.299212947,-157.827035957,76.22052262587636,5.437902659947694,0,26.125731032484033,4.827993508967816,7.690000057220459,53,0.4059646383170109,0.9154570552796212,2.0715109266235827,0.6809027121833218,-0.4897042036116516,0.7628270182580026,-0.3058245649241726,-0.506925648184712,0.11098051192651065,0.17105479406987956,0.25177447482466436
Honolulu,ID27,2024-12-26,0.01041666666666666,0,23.09375,23.083333333333332,1.6095112708333337,8,24,6,Hon_6,21.299212947,-157.827035957,76.22052262587636,5.437902659947694,0,26.125731032484033,4.827993508967816,7.690000057220459,53,0.4059646383170109,0.9154570552796212,2.0715109266235827,0.6809027121833218,-0.4897042036116516,0.7628270182580026,-0.3058245649241726,-0.506925648184712,0.11098051192651065,0.17105479406987956,0.25177447482466436
Honolulu,ID27,2025-01-03,0.01302083333333333,0,21.84375,21.830729166666668,3.27522905,7.458333333333333,24,7,Hon_7,21.299212947,-157.827035957,76.22052262587636,5.437902659947694,0,26.125731032484033,4.827993508967816,7.690000057220459,53,0.4059646383170109,0.9154570552796212,2.0715109266235827,0.6809027121833218,-0.4897042036116516,0.7628270182580026,-0.3058245649241726,-0.506925648184712,0.11098051192651065,0.17105479406987956,0.25177447482466436
Honolulu,ID41,2024-11-30,-0.4505208333333333,-0.5,21.5,21.950520833333332,6.923625725,14.75,24,1,Hon_1,21.299348096,-157.823310616,60.30171588951968,8.269022259072646,0,19.5905950238476,4.501811285383934,5.769999980926514,36,0.2736247753572016,0.9780471471376267,2.395638361788394,0.04648302827888666,-0.24154372923510403,0.19657354401676677,-0.3058245649241726,-0.5730238119395783,0.3574792313052942,-0.22387342690815862,0.5439962754815696
Honolulu,ID41,2024-12-01,-0.7395833333333334,-0.75,20.958333333333332,21.697916666666668,1.70763501625,5.208333333333333,24,2,Hon_2,21.299348096,-157.823310616,60.30171588951968,8.269022259072646,0,19.5905950238476,4.501811285383934,5.769999980926514,36,0.2736247753572016,0.9780471471376267,2.395638361788394,0.04648302827888666,-0.24154372923510403,0.19657354401676677,-0.3058245649241726,-0.5730238119395783,0.3574792313052942,-0.22387342690815862,0.5439962754815696
Honolulu,ID41,2024-12-07,-0.828125,-0.875,21.807291666666668,22.635416666666668,5.9895923458333336,20.25,24,3,Hon_3,21.299348096,-157.823310616,60.30171588951968,8.269022259072646,0,19.5905950238476,4.501811285383934,5.769999980926514,36,0.2736247753572016,0.9780471471376267,2.395638361788394,0.04648302827888666,-0.24154372923510403,0.19657354401676677,-0.3058245649241726,-0.5730238119395783,0.3574792313052942,-0.22387342690815862,0.5439962754815696
Honolulu,ID41,2024-12-16,-0.6875,-0.625,20.854166666666668,21.541666666666668,3.2042566791666665,6.958333333333333,24,4,Hon_4,21.299348096,-157.823310616,60.30171588951968,8.269022259072646,0,19.5905950238476,4.501811285383934,5.769999980926514,36,0.2736247753572016,0.9780471471376267,2.395638361788394,0.04648302827888666,-0.24154372923510403,0.19657354401676677,-0.3058245649241726,-0.5730238119395783,0.3574792313052942,-0.22387342690815862,0.5439962754815696
Honolulu,ID41,2024-12-21,-0.7552083333333334,-0.75,21.25,22.005208333333332,3.3775978091666667,5.291666666666667,24,5,Hon_5,21.299348096,-157.823310616,60.30171588951968,8.269022259072646,0,19.5905950238476,4.501811285383934,5.769999980926514,36,0.2736247753572016,0.9780471471376267,2.395638361788394,0.04648302827888666,-0.24154372923510403,0.19657354401676677,-0.3058245649241726,-0.5730238119395783,0.3574792313052942,-0.22387342690815862,0.5439962754815696
Honolulu,ID41,2024-12-26,-0.671875,-0.65625,22.411458333333332,23.083333333333332,1.6095112708333337,8,24,6,Hon_6,21.299348096,-157.823310616,60.30171588951968,8.269022259072646,0,19.5905950238476,4.501811285383934,5.769999980926514,36,0.2736247753572016,0.9780471471376267,2.395638361788394,0.04648302827888666,-0.24154372923510403,0.19657354401676677,-0.3058245649241726,-0.5730238119395783,0.3574792313052942,-0.22387342690815862,0.5439962754815696
Honolulu,ID41,2025-01-03,-0.7005208333333334,-0.6875,21.130208333333332,21.830729166666668,3.27522905,7.458333333333333,24,7,Hon_7,21.299348096,-157.823310616,60.30171588951968,8.269022259072646,0,19.5905950238476,4.501811285383934,5.769999980926514,36,0.2736247753572016,0.9780471471376267,2.395638361788394,0.04648302827888666,-0.24154372923510403,0.19657354401676677,-0.3058245649241726,-0.5730238119395783,0.3574792313052942,-0.22387342690815862,0.5439962754815696
Honolulu,ID46,2024-11-30,0.04427083333333333,0,21.994791666666668,21.950520833333332,6.923625725,14.75,24,1,Hon_1,21.287044128,-157.830554688,1.3195219123505977,0,41.99738612093972,0,0,0,0,0,0.9905006146774809,0.9809413197410238,-2.3041620595544896,-0.9663610372273023,-1.5009033684830844,4.474321983158355,-1.4852791036761963,0.4065247544747357,-1.0404236584899509,-0.7314444066713409
Honolulu,ID46,2024-12-01,-0.2760416666666667,-0.3125,21.421875,21.697916666666668,1.70763501625,5.208333333333333,24,2,Hon_2,21.287044128,-157.830554688,1.3195219123505977,0,41.99738612093972,0,0,0,0,0,0.9905006146774809,0.9809413197410238,-2.3041620595544896,-0.9663610372273023,-1.5009033684830844,4.474321983158355,-1.4852791036761963,0.4065247544747357,-1.0404236584899509,-0.7314444066713409
Honolulu,ID46,2024-12-07,-0.16666666666666666,-0.125,22.46875,22.635416666666668,5.9895923458333336,20.25,24,3,Hon_3,21.287044128,-157.830554688,1.3195219123505977,0,41.99738612093972,0,0,0,0,0,0.9905006146774809,0.9809413197410238,-2.3041620595544896,-0.9663610372273023,-1.5009033684830844,4.474321983158355,-1.4852791036761963,0.4065247544747357,-1.0404236584899509,-0.7314444066713409
Honolulu,ID46,2024-12-16,0.03125,0,21.572916666666668,21.541666666666668,3.2042566791666665,6.958333333333333,24,4,Hon_4,21.287044128,-157.830554688,1.3195219123505977,0,41.99738612093972,0,0,0,0,0,0.9905006146774809,0.9809413197410238,-2.3041620595544896,-0.9663610372273023,-1.5009033684830844,4.474321983158355,-1.4852791036761963,0.4065247544747357,-1.0404236584899509,-0.7314444066713409
Honolulu,ID46,2024-12-21,-0.08854166666666667,0,21.916666666666668,22.005208333333332,3.3775978091666667,5.291666666666667,24,5,Hon_5,21.287044128,-157.830554688,1.3195219123505977,0,41.99738612093972,0,0,0,0,0,0.9905006146774809,0.9809413197410238,-2.3041620595544896,-0.9663610372273023,-1.5009033684830844,4.474321983158355,-1.4852791036761963,0.4065247544747357,-1.0404236584899509,-0.7314444066713409
Honolulu,ID46,2024-12-26,-0.25,-0.15625,22.833333333333332,23.083333333333332,1.6095112708333337,8,24,6,Hon_6,21.287044128,-157.830554688,1.3195219123505977,0,41.99738612093972,0,0,0,0,0,0.9905006146774809,0.9809413197410238,-2.3041620595544896,-0.9663610372273023,-1.5009033684830844,4.474321983158355,-1.4852791036761963,0.4065247544747357,-1.0404236584899509,-0.7314444066713409
Honolulu,ID46,2025-01-03,-0.16927083333333334,-0.15625,21.661458333333332,21.830729166666668,3.27522905,7.458333333333333,24,7,Hon_7,21.287044128,-157.830554688,1.3195219123505977,0,41.99738612093972,0,0,0,0,0,0.9905006146774809,0.9809413197410238,-2.3041620595544896,-0.9663610372273023,-1.5009033684830844,4.474321983158355,-1.4852791036761963,0.4065247544747357,-1.0404236584899509,-0.7314444066713409
