region,sensor_id,night_date,dT_night,dT_night_median,temp_night,ref_night,wind_night,cloud_night,n_steps,night_no,night_id,latitude,longitude,imperv,tree,water,bldg,height,height_max,n_bldg,aspect,svf_point,coast_km,imperv_z,tree_z,bldg_z,water_z,height_z,svf_point_z,aspect_z,coast_km_z
Ewa,AD1,2024-11-25,0.8515625,0.65625,23.026041666666668,22.174479166666668,6.1163025125,11.541666666666666,24,1,Ewa_1,21.349836569,-158.030100611,56.14393262728085,1.7250725423296451,0.0,17.257474216998318,3.728926296777924,5.550000190734863,35,0.2130829640299334,0.999055221725652,1.506349162672769,-0.11928327239883302,-0.8150904005779674,-0.005585639962888526,-0.3057696310357218,-0.7296426429082712,0.4402153853643876,-0.40454211816615593,-0.2577553286002246
Ewa,AD1,2024-12-01,-1.1640625,-1.125,18.890625,20.0546875,1.8855149741666668,16.291666666666668,24,2,Ewa_2,21.349836569,-158.030100611,56.14393262728085,1.7250725423296451,0.0,17.257474216998318,3.728926296777924,5.550000190734863,35,0.2130829640299334,0.999055221725652,1.506349162672769,-0.11928327239883302,-0.8150904005779674,-0.005585639962888526,-0.3057696310357218,-0.7296426429082712,0.4402153853643876,-0.40454211816615593,-0.2577553286002246
Ewa,AD1,2024-12-21,-1.03125,-0.875,19.838541666666668,20.869791666666668,2.69098715,9.791666666666666,24,3,Ewa_3,21.349836569,-158.030100611,56.14393262728085,1.7250725423296451,0.0,17.257474216998318,3.728926296777924,5.550000190734863,35,0.2130829640299334,0.999055221725652,1.506349162672769,-0.11928327239883302,-0.8150904005779674,-0.005585639962888526,-0.3057696310357218,-0.7296426429082712,0.4402153853643876,-0.40454211816615593,-0.2577553286002246
Ewa,AD1,2024-12-25,-1.2786458333333333,-1.0625,21.078125,22.35677083333333,2.6112218825,15.416666666666666,24,4,Ewa_4,21.349836569,-158.030100611,56.14393262728085,1.7250725423296451,0.0,17.257474216998318,3.728926296777924,5.550000190734863,35,0.2130829640299334,0.999055221725652,1.506349162672769,-0.11928327239883302,-0.8150904005779674,-0.005585639962888526,-0.3057696310357218,-0.7296426429082712,0.4402153853643876,-0.40454211816615593,-0.2577553286002246
Ewa,AD3,2024-11-25,-0.2630208333333333,-0.1875,21.91145833333333,22.174479166666668,6.1163025125,11.541666666666666,24,1,Ewa_1,21.334759503,-158.06916051,72.32902917264467,2.152972697116611,0.0,18.42272346856656,4.312490378265007,5.320000171661377,35,0.2523859240151595,0.9870760749983069,3.576660864843138,0.5257594001669081,-0.7775860358257196,0.09538034394094215,-0.3057696310357218,-0.6113881476271209,0.3930378810680024,-0.28725434319815,1.6087642803358857
Ewa,AD3,2024-12-01,0.4973958333333333,0.5,20.55208333333333,20.0546875,1.8855149741666668,16.291666666666668,24,2,Ewa_2,21.334759503,-158.06916051,72.32902917264467,2.152972697116611,0.0,18.42272346856656,4.312490378265007,5.320000171661377,35,0.2523859240151595,0.9870760749983069,3.576660864843138,0.5257594001669081,-0.7775860358257196,0.09538034394094215,-0.3057696310357218,-0.6113881476271209,0.3930378810680024,-0.28725434319815,1.6087642803358857
Ewa,AD3,2024-12-21,0.3645833333333333,0.3125,21.234375,20.869791666666668,2.69098715,9.791666666666666,24,3,Ewa_3,21.334759503,-158.06916051,72.32902917264467,2.152972697116611,0.0,18.42272346856656,4.312490378265007,5.320000171661377,35,0.2523859240151595,0.9870760749983069,3.576660864843138,0.5257594001669081,-0.7775860358257196,0.09538034394094215,-0.3057696310357218,-0.6113881476271209,0.3930378810680024,-0.28725434319815,1.6087642803358857
Ewa,AD3,2024-12-25,0.1328125,0.125,22.48958333333333,22.35677083333333,2.6112218825,15.416666666666666,24,4,Ewa_4,21.334759503,-158.06916051,72.32902917264467,2.152972697116611,0.0,18.42272346856656,4.312490378265007,5.320000171661377,35,0.2523859240151595,0.9870760749983069,3.576660864843138,0.5257594001669081,-0.7775860358257196,0.09538034394094215,-0.3057696310357218,-0.6113881476271209,0.3930378810680024,-0.28725434319815,1.6087642803358857
Ewa,EWA03,2024-11-25,0.6901041666666666,0.59375,22.86458333333333,22.174479166666668,6.1163025125,11.541666666666666,24,1,Ewa_1,21.345918711,-158.065482453,71.06681549992027,3.853140835643943,0.0,17.476372689552324,4.395021003726286,5.409999847412109,50,0.3015313199998384,0.9360666101088062,4.7552250800829485,0.47545499336147656,-0.6285706047861477,0.013381374713770598,-0.3057696310357218,-0.5946639903858271,0.19214717459661876,-0.14059480032577382,2.671315980077222
Ewa,EWA03,2024-12-01,0.4713541666666667,0.40625,20.526041666666668,20.0546875,1.8855149741666668,16.291666666666668,24,2,Ewa_2,21.345918711,-158.065482453,71.06681549992027,3.853140835643943,0.0,17.476372689552324,4.395021003726286,5.409999847412109,50,0.3015313199998384,0.9360666101088062,4.7552250800829485,0.47545499336147656,-0.6285706047861477,0.013381374713770598,-0.3057696310357218,-0.5946639903858271,0.19214717459661876,-0.14059480032577382,2.671315980077222
Ewa,EWA03,2024-12-21,0.1354166666666666,0.15625,21.00520833333333,20.869791666666668,2.69098715,9.791666666666666,24,3,Ewa_3,21.345918711,-158.065482453,71.06681549992027,3.853140835643943,0.0,17.476372689552324,4.395021003726286,5.409999847412109,50,0.3015313199998384,0.9360666101088062,4.7552250800829485,0.47545499336147656,-0.6285706047861477,0.013381374713770598,-0.3057696310357218,-0.5946639903858271,0.19214717459661876,-0.14059480032577382,2.671315980077222
Ewa,EWA03,2024-12-25,0.2473958333333333,0.1875,22.604166666666668,22.35677083333333,2.6112218825,15.416666666666666,24,4,Ewa_4,21.345918711,-158.065482453,71.06681549992027,3.853140835643943,0.0,17.476372689552324,4.395021003726286,5.409999847412109,50,0.3015313199998384,0.9360666101088062,4.7552250800829485,0.47545499336147656,-0.6285706047861477,0.013381374713770598,-0.3057696310357218,-0.5946639903858271,0.19214717459661876,-0.14059480032577382,2.671315980077222
Ewa,EWA04,2024-11-25,1.1328125,1.0,23.307291666666668,22.174479166666668,6.1163025125,11.541666666666666,24,1,Ewa_1,21.339789015,-158.037005391,63.013742307814944,15.24845314792371,0.0,10.421198940600856,7.320022527381761,8.079999923706055,8,0.1726340769872723,0.9948680690397746,2.8285135074865746,0.15450690141505471,0.3701996565573967,-0.5979320916683581,-0.3057696310357218,-0.0019363194245876183,0.4237251111968069,-0.5252495652121097,0.9342611553157081
Ewa,EWA04,2024-12-01,-0.0807291666666666,-0.03125,19.97395833333333,20.0546875,1.8855149741666668,16.291666666666668,24,2,Ewa_2,21.339789015,-158.037005391,63.013742307814944,15.24845314792371,0.0,10.421198940600856,7.320022527381761,8.079999923706055,8,0.1726340769872723,0.9948680690397746,2.8285135074865746,0.15450690141505471,0.3701996565573967,-0.5979320916683581,-0.3057696310357218,-0.0019363194245876183,0.4237251111968069,-0.5252495652121097,0.9342611553157081
Ewa,EWA04,2024-12-21,0.0729166666666666,0.125,20.94270833333333,20.869791666666668,2.69098715,9.791666666666666,24,3,Ewa_3,21.339789015,-158.037005391,63.013742307814944,15.24845314792371,0.0,10.421198940600856,7.320022527381761,8.079999923706055,8,0.1726340769872723,0.9948680690397746,2.8285135074865746,0.15450690141505471,0.3701996565573967,-0.5979320916683581,-0.3057696310357218,-0.0019363194245876183,0.4237251111968069,-0.5252495652121097,0.9342611553157081
Ewa,EWA04,2024-12-25,-0.0078125,0.0,22.34895833333333,22.35677083333333,2.6112218825,15.416666666666666,24,4,Ewa_4,21.339789015,-158.037005391,63.013742307814944,15.24845314792371,0.0,10.421198940600856,7.320022527381761,8.079999923706055,8,0.1726340769872723,0.9948680690397746,2.8285135074865746,0.15450690141505471,0.3701996565573967,-0.5979320916683581,-0.3057696310357218,-0.0019363194245876183,0.4237251111968069,-0.5252495652121097,0.9342611553157081
Ewa,EWA05,2024-11-25,-0.7578125,-0.78125,21.416666666666668,22.174479166666668,6.1163025125,11.541666666666666,24,1,Ewa_1,21.370368751,-158.023791244,69.09224198380825,27.868329558865742,0.0,26.029936289909923,4.169947663616365,5.389999866485596,56,0.359729264516032,0.9815919667927684,0.3104181331200645,0.39676011659997396,1.4762998594888384,0.7545266392413408,-0.3057696310357218,-0.6402732646374509,0.3714398036491801,0.0330793306450652,-1.3359643322276311
Ewa,EWA05,2024-12-01,0.3619791666666667,0.375,20.416666666666668,20.0546875,1.8855149741666668,16.291666666666668,24,2,Ewa_2,21.370368751,-158.023791244,69.09224198380825,27.868329558865742,0.0,26.029936289909923,4.169947663616365,5.389999866485596,56,0.359729264516032,0.9815919667927684,0.3104181331200645,0.39676011659997396,1.4762998594888384,0.7545266392413408,-0.3057696310357218,-0.6402732646374509,0.3714398036491801,0.0330793306450652,-1.3359643322276311
Ewa,EWA05,2024-12-21,0.4635416666666667,0.34375,21.33333333333333,20.869791666666668,2.69098715,9.791666666666666,24,3,Ewa_3,21.370368751,-158.023791244,69.09224198380825,27.868329558865742,0.0,26.029936289909923,4.169947663616365,5.389999866485596,56,0.359729264516032,0.9815919667927684,0.3104181331200645,0.39676011659997396,1.4762998594888384,0.7545266392413408,-0.3057696310357218,-0.6402732646374509,0.3714398036491801,0.0330793306450652,-1.3359643322276311
Ewa,EWA05,2024-12-25,0.8463541666666666,0.96875,23.203125,22.35677083333333,2.6112218825,15.416666666666666,24,4,Ewa_4,21.370368751,-158.023791244,69.09224198380825,27.868329558865742,0.0,26.029936289909923,4.169947663616365,5.389999866485596,56,0.359729264516032,0.9815919667927684,0.3104181331200645,0.39676011659997396,1.4762998594888384,0.7545266392413408,-0.3057696310357218,-0.6402732646374509,0.3714398036491801,0.0330793306450652,-1.3359643322276311
Ewa,EWA07,2024-11-25,-0.8151041666666666,-0.78125,21.359375,22.174479166666668,6.1163025125,11.541666666666666,24,1,Ewa_1,21.329647578,-158.070178922,54.45415125621732,0.1882397983600804,0.0,6.652034532344885,3.9224145027597688,6.269999980926514,11,0.0989852301434485,0.9992723596657466,3.0269621835043767,-0.18662801072570082,-0.9497898979916295,-0.9245209244547288,-0.3057696310357218,-0.6904338381392533,0.4410705402710669,-0.7450322324340843,1.1131754438097194
Ewa,EWA07,2024-12-01,0.2109375,0.28125,20.265625,20.0546875,1.8855149741666668,16.291666666666668,24,2,Ewa_2,21.329647578,-158.070178922,54.45415125621732,0.1882397983600804,0.0,6.652034532344885,3.9224145027597688,6.269999980926514,11,0.0989852301434485,0.9992723596657466,3.0269621835043767,-0.18662801072570082,-0.9497898979916295,-0.9245209244547288,-0.3057696310357218,-0.6904338381392533,0.4410705402710669,-0.7450322324340843,1.1131754438097194
Ewa,EWA07,2024-12-21,0.0833333333333333,0.0625,20.953125,20.869791666666668,2.69098715,9.791666666666666,24,3,Ewa_3,21.329647578,-158.070178922,54.45415125621732,0.1882397983600804,0.0,6.652034532344885,3.9224145027597688,6.269999980926514,11,0.0989852301434485,0.9992723596657466,3.0269621835043767,-0.18662801072570082,-0.9497898979916295,-0.9245209244547288,-0.3057696310357218,-0.6904338381392533,0.4410705402710669,-0.7450322324340843,1.1131754438097194
Ewa,EWA07,2024-12-25,-0.0442708333333333,-0.03125,22.3125,22.35677083333333,2.6112218825,15.416666666666666,24,4,Ewa_4,21.329647578,-158.070178922,54.45415125621732,0.1882397983600804,0.0,6.652034532344885,3.9224145027597688,6.269999980926514,11,0.0989852301434485,0.9992723596657466,3.0269621835043767,-0.18662801072570082,-0.9497898979916295,-0.9245209244547288,-0.3057696310357218,-0.6904338381392533,0.4410705402710669,-0.7450322324340843,1.1131754438097194
Ewa,EWA08,2024-11-25,-1.3567708333333333,-1.34375,20.81770833333333,22.174479166666668,6.1163025125,11.541666666666666,24,1,Ewa_1,21.372199715,-158.022486748,68.14500701441143,11.542510767267506,0.0,25.290090411064465,4.093868845313797,5.650000095367432,57,0.3510710895005251,0.9594334867979586,0.1648671529213794,0.3590089067449748,0.04538319355765572,0.6904208121023896,-0.3057696310357218,-0.6556900158484413,0.2841730050240173,0.007241630806831567,-1.467187934140287
Ewa,EWA08,2024-12-01,-0.4036458333333333,-0.375,19.651041666666668,20.0546875,1.8855149741666668,16.291666666666668,24,2,Ewa_2,21.372199715,-158.022486748,68.14500701441143,11.542510767267506,0.0,25.290090411064465,4.093868845313797,5.650000095367432,57,0.3510710895005251,0.9594334867979586,0.1648671529213794,0.3590089067449748,0.04538319355765572,0.6904208121023896,-0.3057696310357218,-0.6556900158484413,0.2841730050240173,0.007241630806831567,-1.467187934140287
Ewa,EWA08,2024-12-21,-0.140625,-0.1875,20.729166666666668,20.869791666666668,2.69098715,9.791666666666666,24,3,Ewa_3,21.372199715,-158.022486748,68.14500701441143,11.542510767267506,0.0,25.290090411064465,4.093868845313797,5.650000095367432,57,0.3510710895005251,0.9594334867979586,0.1648671529213794,0.3590089067449748,0.04538319355765572,0.6904208121023896,-0.3057696310357218,-0.6556900158484413,0.2841730050240173,0.007241630806831567,-1.467187934140287
Ewa,EWA08,2024-12-25,0.3515625,0.53125,22.70833333333333,22.35677083333333,2.6112218825,15.416666666666666,24,4,Ewa_4,21.372199715,-158.022486748,68.14500701441143,11.542510767267506,0.0,25.290090411064465,4.093868845313797,5.650000095367432,57,0.3510710895005251,0.9594334867979586,0.1648671529213794,0.3590089067449748,0.04538319355765572,0.6904208121023896,-0.3057696310357218,-0.6556900158484413,0.2841730050240173,0.007241630806831567,-1.467187934140287
Ewa,EWA09,2024-11-25,-0.7890625,-0.75,21.385416666666668,22.174479166666668,6.1163025125,11.541666666666666,24,1,Ewa_1,21.330632881,-158.069245524,70.15201249243124,5.293349055100545,0.0,15.78526467062196,4.59084570849403,5.630000114440918,40,0.2720196991125588,0.9864686349597784,3.1230273020371238,0.43899633059304666,-0.502340002208831,-0.13314897901884692,-0.3057696310357218,-0.5549817132194891,0.3906455984054941,-0.22866329060918925,1.1997843478158992
Ewa,EWA09,2024-12-01,0.4661458333333333,0.46875,20.52083333333333,20.0546875,1.8855149741666668,16.291666666666668,24,2,Ewa_2,21.330632881,-158.069245524,70.15201249243124,5.293349055100545,0.0,15.78526467062196,4.59084570849403,5.630000114440918,40,0.2720196991125588,0.9864686349597784,3.1230273020371238,0.43899633059304666,-0.502340002208831,-0.13314897901884692,-0.3057696310357218,-0.5549817132194891,0.3906455984054941,-0.22866329060918925,1.1997843478158992
Ewa,EWA09,2024-12-21,0.53125,0.40625,21.401041666666668,20.869791666666668,2.69098715,9.791666666666666,24,3,Ewa_3,21.330632881,-158.069245524,70.15201249243124,5.293349055100545,0.0,15.78526467062196,4.59084570849403,5.630000114440918,40,0.2720196991125588,0.9864686349597784,3.1230273020371238,0.43899633059304666,-0.502340002208831,-0.13314897901884692,-0.3057696310357218,-0.5549817132194891,0.3906455984054941,-0.22866329060918925,1.1997843478158992
Ewa,EWA09,2024-12-25,0.0755208333333333,0.0,22.432291666666668,22.35677083333333,2.6112218825,15.416666666666666,24,4,Ewa_4,21.330632881,-158.069245524,70.15201249243124,5.293349055100545,0.0,15.78526467062196,4.59084570849403,5.630000114440918,40,0.2720196991125588,0.9864686349597784,3.1230273020371238,0.43899633059304666,-0.502340002208831,-0.13314897901884692,-0.3057696310357218,-0.5549817132194891,0.3906455984054941,-0.22866329060918925,1.1997843478158992
Ewa,EWA12,2024-11-25,-1.1640625,-1.09375,21.010416666666668,22.174479166666668,6.1163025125,11.541666666666666,24,1,Ewa_1,21.369170738,-158.024983689,69.44196428571429,33.501227326341294,0.0,14.96909087316843,4.246765625345321,5.75,34,0.2280551010350469,0.9958481308757826,0.4325414762191313,0.41069798886691045,1.9700090814186653,-0.20386843271986094,-0.3057696310357218,-0.6247067320475155,0.4275848912405259,-0.35986231195039003,-1.2258622570839326
Ewa,EWA12,2024-12-01,-0.3203125,-0.34375,19.734375,20.0546875,1.8855149741666668,16.291666666666668,24,2,Ewa_2,21.369170738,-158.024983689,69.44196428571429,33.501227326341294,0.0,14.96909087316843,4.246765625345321,5.75,34,0.2280551010350469,0.9958481308757826,0.4325414762191313,0.41069798886691045,1.9700090814186653,-0.20386843271986094,-0.3057696310357218,-0.6247067320475155,0.4275848912405259,-0.35986231195039003,-1.2258622570839326
Ewa,EWA12,2024-12-21,-0.28125,-0.21875,20.588541666666668,20.869791666666668,2.69098715,9.791666666666666,24,3,Ewa_3,21.369170738,-158.024983689,69.44196428571429,33.501227326341294,0.0,14.96909087316843,4.246765625345321,5.75,34,0.2280551010350469,0.9958481308757826,0.4325414762191313,0.41069798886691045,1.9700090814186653,-0.20386843271986094,-0.3057696310357218,-0.6247067320475155,0.4275848912405259,-0.35986231195039003,-1.2258622570839326
Ewa,EWA12,2024-12-25,0.3984375,0.5625,22.75520833333333,22.35677083333333,2.6112218825,15.416666666666666,24,4,Ewa_4,21.369170738,-158.024983689,69.44196428571429,33.501227326341294,0.0,14.96909087316843,4.246765625345321,5.75,34,0.2280551010350469,0.9958481308757826,0.4325414762191313,0.41069798886691045,1.9700090814186653,-0.20386843271986094,-0.3057696310357218,-0.6247067320475155,0.4275848912405259,-0.35986231195039003,-1.2258622570839326
Ewa,EWA13,2024-11-25,0.9817708333333334,0.84375,23.15625,22.174479166666668,6.1163025125,11.541666666666666,24,1,Ewa_1,21.334712141,-158.041695508,23.75590149291821,9.758586599483367,0.0,2.4395956088528554,3.1563036185217315,3.75,4,0.0422414825662187,0.9998868093691722,3.1873391406158524,-1.4100795369435803,-0.11097324130326591,-1.289518404584205,-0.3057696310357218,-0.8456799521805782,0.44349042911482756,-0.9143667532737664,1.2577656207170231
Ewa,EWA13,2024-12-01,-1.1119791666666667,-1.3125,18.94270833333333,20.0546875,1.8855149741666668,16.291666666666668,24,2,Ewa_2,21.334712141,-158.041695508,23.75590149291821,9.758586599483367,0.0,2.4395956088528554,3.1563036185217315,3.75,4,0.0422414825662187,0.9998868093691722,3.1873391406158524,-1.4100795369435803,-0.11097324130326591,-1.289518404584205,-0.3057696310357218,-0.8456799521805782,0.44349042911482756,-0.9143667532737664,1.2577656207170231
Ewa,EWA13,2024-12-21,-0.859375,-0.875,20.010416666666668,20.869791666666668,2.69098715,9.791666666666666,24,3,Ewa_3,21.334712141,-158.041695508,23.75590149291821,9.758586599483367,0.0,2.4395956088528554,3.1563036185217315,3.75,4,0.0422414825662187,0.9998868093691722,3.1873391406158524,-1.4100795369435803,-0.11097324130326591,-1.289518404584205,-0.3057696310357218,-0.8456799521805782,0.44349042911482756,-0.9143667532737664,1.2577656207170231
Ewa,EWA13,2024-12-25,-0.9348958333333334,-1.0,21.421875,22.35677083333333,2.6112218825,15.416666666666666,24,4,Ewa_4,21.334712141,-158.041695508,23.75590149291821,9.758586599483367,0.0,2.4395956088528554,3.1563036185217315,3.75,4,0.0422414825662187,0.9998868093691722,3.1873391406158524,-1.4100795369435803,-0.11097324130326591,-1.289518404584205,-0.3057696310357218,-0.8456799521805782,0.44349042911482756,-0.9143667532737664,1.2577656207170231
Ewa,EWA14,2024-11-25,0.3880208333333333,0.25,22.5625,22.174479166666668,6.1163025125,11.541666666666666,24,1,Ewa_1,21.329503,-158.090353,79.7500637592451,1.093540776637123,0.0,9.226647302470552,6.232839036419087,6.269999980926514,2,0.0714845475979341,0.0431330085921123,3.218595371657237,0.8215181538775699,-0.8704425602539914,-0.7014370553535424,-0.3057696310357218,-0.22224517509331296,-3.32449551964282,-0.8270996865667328,1.2859451301498406
Ewa,EWA14,2024-12-01,1.7734375,1.8125,21.828125,20.0546875,1.8855149741666668,16.291666666666668,24,2,Ewa_2,21.329503,-158.090353,79.7500637592451,1.093540776637123,0.0,9.226647302470552,6.232839036419087,6.269999980926514,2,0.0714845475979341,0.0431330085921123,3.218595371657237,0.8215181538775699,-0.8704425602539914,-0.7014370553535424,-0.3057696310357218,-0.22224517509331296,-3.32449551964282,-0.8270996865667328,1.2859451301498406
Ewa,EWA14,2024-12-21,1.546875,1.5,22.416666666666668,20.869791666666668,2.69098715,9.791666666666666,24,3,Ewa_3,21.329503,-158.090353,79.7500637592451,1.093540776637123,0.0,9.226647302470552,6.232839036419087,6.269999980926514,2,0.0714845475979341,0.0431330085921123,3.218595371657237,0.8215181538775699,-0.8704425602539914,-0.7014370553535424,-0.3057696310357218,-0.22224517509331296,-3.32449551964282,-0.8270996865667328,1.2859451301498406
Ewa,EWA14,2024-12-25,0.6067708333333334,0.59375,22.963541666666668,22.35677083333333,2.6112218825,15.416666666666666,24,4,Ewa_4,21.329503,-158.090353,79.7500637592451,1.093540776637123,0.0,9.226647302470552,6.232839036419087,6.269999980926514,2,0.0714845475979341,0.0431330085921123,3.218595371657237,0.8215181538775699,-0.8704425602539914,-0.7014370553535424,-0.3057696310357218,-0.22224517509331296,-3.32449551964282,-0.8270996865667328,1.2859451301498406
Ewa,EWA15,2024-11-25,0.2369791666666666,0.09375,22.41145833333333,22.174479166666668,6.1163025125,11.541666666666666,24,1,Ewa_1,21.337956344,-158.038274018,53.31293622717277,18.88386027536971,0.0,10.112454424370338,4.637304284075529,9.449999809265137,20,0.171700183312113,0.998596986624237,3.070264011624623,-0.23211012386873,0.6888338832697853,-0.6246840452217914,-0.3057696310357218,-0.5455672622942862,0.4384107168885929,-0.5280364879084487,1.1522148363825822
Ewa,EWA15,2024-12-01,-0.2786458333333333,-0.28125,19.776041666666668,20.0546875,1.8855149741666668,16.291666666666668,24,2,Ewa_2,21.337956344,-158.038274018,53.31293622717277,18.88386027536971,0.0,10.112454424370338,4.637304284075529,9.449999809265137,20,0.171700183312113,0.998596986624237,3.070264011624623,-0.23211012386873,0.6888338832697853,-0.6246840452217914,-0.3057696310357218,-0.5455672622942862,0.4384107168885929,-0.5280364879084487,1.1522148363825822
Ewa,EWA15,2024-12-21,-0.3072916666666667,-0.28125,20.5625,20.869791666666668,2.69098715,9.791666666666666,24,3,Ewa_3,21.337956344,-158.038274018,53.31293622717277,18.88386027536971,0.0,10.112454424370338,4.637304284075529,9.449999809265137,20,0.171700183312113,0.998596986624237,3.070264011624623,-0.23211012386873,0.6888338832697853,-0.6246840452217914,-0.3057696310357218,-0.5455672622942862,0.4384107168885929,-0.5280364879084487,1.1522148363825822
Ewa,EWA15,2024-12-25,-0.5703125,-0.5,21.78645833333333,22.35677083333333,2.6112218825,15.416666666666666,24,4,Ewa_4,21.337956344,-158.038274018,53.31293622717277,18.88386027536971,0.0,10.112454424370338,4.637304284075529,9.449999809265137,20,0.171700183312113,0.998596986624237,3.070264011624623,-0.23211012386873,0.6888338832697853,-0.6246840452217914,-0.3057696310357218,-0.5455672622942862,0.4384107168885929,-0.5280364879084487,1.1522148363825822
Ewa,EWA16,2024-11-25,-2.0494791666666665,-2.25,20.125,22.174479166666668,6.1163025125,11.541666666666666,24,1,Ewa_1,21.334465376,-158.076492749,18.061266775047017,19.119428680737105,0.0,0.0,0.0,0.0,0,0.0,0.9999688820238548,3.6720683982185114,-1.6370341545700962,0.7094808573364404,-1.500903368482522,-0.3057696310357218,-1.485279103676021,0.4438136560613735,-1.0404236584891484,1.694780328884843
Ewa,EWA16,2024-12-01,-1.0338541666666667,-1.0625,19.02083333333333,20.0546875,1.8855149741666668,16.291666666666668,24,2,Ewa_2,21.334465376,-158.076492749,18.061266775047017,19.119428680737105,0.0,0.0,0.0,0.0,0,0.0,0.9999688820238548,3.6720683982185114,-1.6370341545700962,0.7094808573364404,-1.500903368482522,-0.3057696310357218,-1.485279103676021,0.4438136560613735,-1.0404236584891484,1.694780328884843
Ewa,EWA16,2024-12-21,-1.1614583333333333,-1.125,19.70833333333333,20.869791666666668,2.69098715,9.791666666666666,24,3,Ewa_3,21.334465376,-158.076492749,18.061266775047017,19.119428680737105,0.0,0.0,0.0,0.0,0,0.0,0.9999688820238548,3.6720683982185114,-1.6370341545700962,0.7094808573364404,-1.500903368482522,-0.3057696310357218,-1.485279103676021,0.4438136560613735,-1.0404236584891484,1.694780328884843
Ewa,EWA16,2024-12-25,-1.3619791666666667,-1.34375,20.994791666666668,22.35677083333333,2.6112218825,15.416666666666666,24,4,Ewa_4,21.334465376,-158.076492749,18.061266775047017,19.119428680737105,0.0,0.0,0.0,0.0,0,0.0,0.9999688820238548,3.6720683982185114,-1.6370341545700962,0.7094808573364404,-1.500903368482522,-0.3057696310357218,-1.485279103676021,0.4438136560613735,-1.0404236584891484,1.694780328884843
Ewa,EWA17,2024-11-25,0.7890625,0.71875,22.963541666666668,22.174479166666668,6.1163025125,11.541666666666666,24,1,Ewa_1,21.338117657,-158.060792231,37.83861304098413,8.54152707316295,17.13091477617179,12.199294782675462,5.352407805968296,6.170000076293945,25,0.2322178663098933,0.9784486006770436,3.814057254643843,-0.8488255544000567,-0.2176454261334951,-0.4438644568436563,1.6436359580247446,-0.40065737366695814,0.3590602768093263,-0.3474398003384314,1.822792446330956
Ewa,EWA17,2024-12-01,-1.2317708333333333,-1.21875,18.822916666666668,20.0546875,1.8855149741666668,16.291666666666668,24,2,Ewa_2,21.338117657,-158.060792231,37.83861304098413,8.54152707316295,17.13091477617179,12.199294782675462,5.352407805968296,6.170000076293945,25,0.2322178663098933,0.9784486006770436,3.814057254643843,-0.8488255544000567,-0.2176454261334951,-0.4438644568436563,1.6436359580247446,-0.40065737366695814,0.3590602768093263,-0.3474398003384314,1.822792446330956
Ewa,EWA17,2024-12-21,-1.0729166666666667,-1.125,19.796875,20.869791666666668,2.69098715,9.791666666666666,24,3,Ewa_3,21.338117657,-158.060792231,37.83861304098413,8.54152707316295,17.13091477617179,12.199294782675462,5.352407805968296,6.170000076293945,25,0.2322178663098933,0.9784486006770436,3.814057254643843,-0.8488255544000567,-0.2176454261334951,-0.4438644568436563,1.6436359580247446,-0.40065737366695814,0.3590602768093263,-0.3474398003384314,1.822792446330956
Ewa,EWA17,2024-12-25,-1.1276041666666667,-1.1875,21.229166666666668,22.35677083333333,2.6112218825,15.416666666666666,24,4,Ewa_4,21.338117657,-158.060792231,37.83861304098413,8.54152707316295,17.13091477617179,12.199294782675462,5.352407805968296,6.170000076293945,25,0.2322178663098933,0.9784486006770436,3.814057254643843,-0.8488255544000567,-0.2176454261334951,-0.4438644568436563,1.6436359580247446,-0.40065737366695814,0.3590602768093263,-0.3474398003384314,1.822792446330956
Ewa,EWA18,2024-11-25,-1.0859375,-1.09375,21.088541666666668,22.174479166666668,6.1163025125,11.541666666666666,24,1,Ewa_1,21.341560585,-158.024799561,68.43985202194158,12.54621955884228,0.0,12.66707590583644,5.021415631835447,6.039999961853027,34,0.256679959375054,0.9974255889019532,2.111466954425961,0.37075969310061063,0.13335572687678796,-0.403332372151885,-0.3057696310357218,-0.4677302346188312,0.43379739823296043,-0.2744400957932401,0.28779741248673335
Ewa,EWA18,2024-12-01,0.2838541666666667,0.25,20.338541666666668,20.0546875,1.8855149741666668,16.291666666666668,24,2,Ewa_2,21.341560585,-158.024799561,68.43985202194158,12.54621955884228,0.0,12.66707590583644,5.021415631835447,6.039999961853027,34,0.256679959375054,0.9974255889019532,2.111466954425961,0.37075969310061063,0.13335572687678796,-0.403332372151885,-0.3057696310357218,-0.4677302346188312,0.43379739823296043,-0.2744400957932401,0.28779741248673335
Ewa,EWA18,2024-12-21,0.484375,0.28125,21.354166666666668,20.869791666666668,2.69098715,9.791666666666666,24,3,Ewa_3,21.341560585,-158.024799561,68.43985202194158,12.54621955884228,0.0,12.66707590583644,5.021415631835447,6.039999961853027,34,0.256679959375054,0.9974255889019532,2.111466954425961,0.37075969310061063,0.13335572687678796,-0.403332372151885,-0.3057696310357218,-0.4677302346188312,0.43379739823296043,-0.2744400957932401,0.28779741248673335
Ewa,EWA18,2024-12-25,0.4609375,0.375,22.81770833333333,22.35677083333333,2.6112218825,15.416666666666666,24,4,Ewa_4,21.341560585,-158.024799561,68.43985202194158,12.54621955884228,0.0,12.66707590583644,5.021415631835447,6.039999961853027,34,0.256679959375054,0.9974255889019532,2.111466954425961,0.37075969310061063,0.13335572687678796,-0.403332372151885,-0.3057696310357218,-0.4677302346188312,0.43379739823296043,-0.2744400957932401,0.28779741248673335
Ewa,EWA19,2024-11-25,1.0026041666666667,0.96875,23.17708333333333,22.174479166666668,6.1163025125,11.541666666666666,24,1,Ewa_1,21.340979836,-158.042379912,62.13096983995409,13.2827445478893,0.0,16.258529512836233,3.774307506988028,5.0,38,0.2201343661703486,0.9750624877273556,3.0779193098940945,0.11932478740415435,0.19791027664580377,-0.09214174354802718,-0.3057696310357218,-0.7204465112769888,0.3457247394903542,-0.38349934510873696,1.1591165818140763
Ewa,EWA19,2024-12-01,-1.0859375,-1.1875,18.96875,20.0546875,1.8855149741666668,16.291666666666668,24,2,Ewa_2,21.340979836,-158.042379912,62.13096983995409,13.2827445478893,0.0,16.258529512836233,3.774307506988028,5.0,38,0.2201343661703486,0.9750624877273556,3.0779193098940945,0.11932478740415435,0.19791027664580377,-0.09214174354802718,-0.3057696310357218,-0.7204465112769888,0.3457247394903542,-0.38349934510873696,1.1591165818140763
Ewa,EWA19,2024-12-21,-0.7604166666666666,-0.78125,20.109375,20.869791666666668,2.69098715,9.791666666666666,24,3,Ewa_3,21.340979836,-158.042379912,62.13096983995409,13.2827445478893,0.0,16.258529512836233,3.774307506988028,5.0,38,0.2201343661703486,0.9750624877273556,3.0779193098940945,0.11932478740415435,0.19791027664580377,-0.09214174354802718,-0.3057696310357218,-0.7204465112769888,0.3457247394903542,-0.38349934510873696,1.1591165818140763
Ewa,EWA19,2024-12-25,-0.7057291666666666,-0.625,21.651041666666668,22.35677083333333,2.6112218825,15.416666666666666,24,4,Ewa_4,21.340979836,-158.042379912,62.13096983995409,13.2827445478893,0.0,16.258529512836233,3.774307506988028,5.0,38,0.2201343661703486,0.9750624877273556,3.0779193098940945,0.11932478740415435,0.19791027664580377,-0.09214174354802718,-0.3057696310357218,-0.7204465112769888,0.3457247394903542,-0.38349934510873696,1.1591165818140763
Ewa,EWA20,2024-11-25,-0.8307291666666666,-0.90625,21.34375,22.174479166666668,6.1163025125,11.541666666666666,24,1,Ewa_1,21.357972046,-158.02559248,50.70166485934809,40.74263110884267,0.0,19.258384337260622,4.859869487652163,5.78000020980835,30,0.267839997396014,0.9844411181454578,0.5186005463227259,-0.3361800289925592,2.6046997814312642,0.1677883044730539,-0.3057696310357218,-0.5004662414277647,0.3826606237327775,-0.24113634389952082,-1.1482744514859773
Ewa,EWA20,2024-12-01,0.1588541666666666,0.15625,20.213541666666668,20.0546875,1.8855149741666668,16.291666666666668,24,2,Ewa_2,21.357972046,-158.02559248,50.70166485934809,40.74263110884267,0.0,19.258384337260622,4.859869487652163,5.78000020980835,30,0.267839997396014,0.9844411181454578,0.5186005463227259,-0.3361800289925592,2.6046997814312642,0.1677883044730539,-0.3057696310357218,-0.5004662414277647,0.3826606237327775,-0.24113634389952082,-1.1482744514859773
Ewa,EWA20,2024-12-21,0.1458333333333333,0.125,21.015625,20.869791666666668,2.69098715,9.791666666666666,24,3,Ewa_3,21.357972046,-158.02559248,50.70166485934809,40.74263110884267,0.0,19.258384337260622,4.859869487652163,5.78000020980835,30,0.267839997396014,0.9844411181454578,0.5186005463227259,-0.3361800289925592,2.6046997814312642,0.1677883044730539,-0.3057696310357218,-0.5004662414277647,0.3826606237327775,-0.24113634389952082,-1.1482744514859773
Ewa,EWA20,2024-12-25,0.4453125,0.5,22.80208333333333,22.35677083333333,2.6112218825,15.416666666666666,24,4,Ewa_4,21.357972046,-158.02559248,50.70166485934809,40.74263110884267,0.0,19.258384337260622,4.859869487652163,5.78000020980835,30,0.267839997396014,0.9844411181454578,0.5186005463227259,-0.3361800289925592,2.6046997814312642,0.1677883044730539,-0.3057696310357218,-0.5004662414277647,0.3826606237327775,-0.24113634389952082,-1.1482744514859773
Ewa,EWA21,2024-11-25,-0.5651041666666666,-0.59375,21.609375,22.174479166666668,6.1163025125,11.541666666666666,24,1,Ewa_1,21.355951408,-158.025926473,70.09697588362894,6.1337756371407615,0.0,27.510945754423023,4.319050938950412,5.769999980926514,60,0.3972788489112844,0.9846882504622028,0.7045489606138954,0.4368028953465354,-0.42867874098303504,0.8828524695769576,-0.3057696310357218,-0.6100587035827977,0.3836339055699887,0.14513468745147376,-0.9806299556541692
Ewa,EWA21,2024-12-01,0.5338541666666666,0.40625,20.588541666666668,20.0546875,1.8855149741666668,16.291666666666668,24,2,Ewa_2,21.355951408,-158.025926473,70.09697588362894,6.1337756371407615,0.0,27.510945754423023,4.319050938950412,5.769999980926514,60,0.3972788489112844,0.9846882504622028,0.7045489606138954,0.4368028953465354,-0.42867874098303504,0.8828524695769576,-0.3057696310357218,-0.6100587035827977,0.3836339055699887,0.14513468745147376,-0.9806299556541692
Ewa,EWA21,2024-12-21,0.65625,0.625,21.526041666666668,20.869791666666668,2.69098715,9.791666666666666,24,3,Ewa_3,21.355951408,-158.025926473,70.09697588362894,6.1337756371407615,0.0,27.510945754423023,4.319050938950412,5.769999980926514,60,0.3972788489112844,0.9846882504622028,0.7045489606138954,0.4368028953465354,-0.42867874098303504,0.8828524695769576,-0.3057696310357218,-0.6100587035827977,0.3836339055699887,0.14513468745147376,-0.9806299556541692
Ewa,EWA21,2024-12-25,0.9088541666666666,0.875,23.265625,22.35677083333333,2.6112218825,15.416666666666666,24,4,Ewa_4,21.355951408,-158.025926473,70.09697588362894,6.1337756371407615,0.0,27.510945754423023,4.319050938950412,5.769999980926514,60,0.3972788489112844,0.9846882504622028,0.7045489606138954,0.4368028953465354,-0.42867874098303504,0.8828524695769576,-0.3057696310357218,-0.6100587035827977,0.3836339055699887,0.14513468745147376,-0.9806299556541692
Ewa,EWA23,2024-11-25,0.7369791666666666,0.59375,22.91145833333333,22.174479166666668,6.1163025125,11.541666666666666,24,1,Ewa_1,21.356789859,-158.054716378,31.95228526775747,0.1211618786468131,0.0,0.0,0.0,0.0,0,0.0,0.9999903756597128,3.3952474584973493,-1.083419928786269,-0.9556691077549464,-1.500903368482522,-0.3057696310357218,-1.485279103676021,0.4438983045026287,-1.0404236584891484,1.445208386837659
Ewa,EWA23,2024-12-01,-1.5755208333333333,-1.5625,18.479166666666668,20.0546875,1.8855149741666668,16.291666666666668,24,2,Ewa_2,21.356789859,-158.054716378,31.95228526775747,0.1211618786468131,0.0,0.0,0.0,0.0,0,0.0,0.9999903756597128,3.3952474584973493,-1.083419928786269,-0.9556691077549464,-1.500903368482522,-0.3057696310357218,-1.485279103676021,0.4438983045026287,-1.0404236584891484,1.445208386837659
Ewa,EWA23,2024-12-21,-1.7916666666666667,-1.65625,19.078125,20.869791666666668,2.69098715,9.791666666666666,24,3,Ewa_3,21.356789859,-158.054716378,31.95228526775747,0.1211618786468131,0.0,0.0,0.0,0.0,0,0.0,0.9999903756597128,3.3952474584973493,-1.083419928786269,-0.9556691077549464,-1.500903368482522,-0.3057696310357218,-1.485279103676021,0.4438983045026287,-1.0404236584891484,1.445208386837659
Ewa,EWA23,2024-12-25,-1.0963541666666667,-0.84375,21.260416666666668,22.35677083333333,2.6112218825,15.416666666666666,24,4,Ewa_4,21.356789859,-158.054716378,31.95228526775747,0.1211618786468131,0.0,0.0,0.0,0.0,0,0.0,0.9999903756597128,3.3952474584973493,-1.083419928786269,-0.9556691077549464,-1.500903368482522,-0.3057696310357218,-1.485279103676021,0.4438983045026287,-1.0404236584891484,1.445208386837659
Ewa,EWA24,2024-11-25,1.3567708333333333,1.34375,23.53125,22.174479166666668,6.1163025125,11.541666666666666,24,1,Ewa_1,21.356265014,-158.058572142,62.33186715114426,2.949147138530209,0.0,1.0766926773054484,5.0,5.0,1,0.0315007954841657,0.9997975833643528,3.7992157852669113,0.12733137161934072,-0.7078033626409931,-1.4076105940997976,-0.3057696310357218,-0.47206993751379733,0.44313903011108147,-0.9464190793569708,1.8094119038800647
Ewa,EWA24,2024-12-01,0.8776041666666666,0.875,20.932291666666668,20.0546875,1.8855149741666668,16.291666666666668,24,2,Ewa_2,21.356265014,-158.058572142,62.33186715114426,2.949147138530209,0.0,1.0766926773054484,5.0,5.0,1,0.0315007954841657,0.9997975833643528,3.7992157852669113,0.12733137161934072,-0.7078033626409931,-1.4076105940997976,-0.3057696310357218,-0.47206993751379733,0.44313903011108147,-0.9464190793569708,1.8094119038800647
Ewa,EWA24,2024-12-21,0.7760416666666666,0.65625,21.64583333333333,20.869791666666668,2.69098715,9.791666666666666,24,3,Ewa_3,21.356265014,-158.058572142,62.33186715114426,2.949147138530209,0.0,1.0766926773054484,5.0,5.0,1,0.0315007954841657,0.9997975833643528,3.7992157852669113,0.12733137161934072,-0.7078033626409931,-1.4076105940997976,-0.3057696310357218,-0.47206993751379733,0.44313903011108147,-0.9464190793569708,1.8094119038800647
Ewa,EWA24,2024-12-25,0.7213541666666666,0.6875,23.078125,22.35677083333333,2.6112218825,15.416666666666666,24,4,Ewa_4,21.356265014,-158.058572142,62.33186715114426,2.949147138530209,0.0,1.0766926773054484,5.0,5.0,1,0.0315007954841657,0.9997975833643528,3.7992157852669113,0.12733137161934072,-0.7078033626409931,-1.4076105940997976,-0.3057696310357218,-0.47206993751379733,0.44313903011108147,-0.9464190793569708,1.8094119038800647
Ewa,EWA25,2024-11-25,-0.0755208333333333,-0.0625,22.09895833333333,22.174479166666668,6.1163025125,11.541666666666666,24,1,Ewa_1,21.332712275,-158.053561879,88.49992029332059,3.7690124677146777,0.0,11.77615682476165,5.0,5.0,2,0.0607857930936454,0.993692405349244,3.050968626218705,1.1702359281267192,-0.6359442431490534,-0.4805283209828763,-0.3057696310357218,-0.47206993751379733,0.41909499186748067,-0.8590268775775025,1.134818801194079
Ewa,EWA25,2024-12-01,0.9505208333333334,0.84375,21.00520833333333,20.0546875,1.8855149741666668,16.291666666666668,24,2,Ewa_2,21.332712275,-158.053561879,88.49992029332059,3.7690124677146777,0.0,11.77615682476165,5.0,5.0,2,0.0607857930936454,0.993692405349244,3.050968626218705,1.1702359281267192,-0.6359442431490534,-0.4805283209828763,-0.3057696310357218,-0.47206993751379733,0.41909499186748067,-0.8590268775775025,1.134818801194079
Ewa,EWA25,2024-12-21,0.8645833333333334,0.75,21.734375,20.869791666666668,2.69098715,9.791666666666666,24,3,Ewa_3,21.332712275,-158.053561879,88.49992029332059,3.7690124677146777,0.0,11.77615682476165,5.0,5.0,2,0.0607857930936454,0.993692405349244,3.050968626218705,1.1702359281267192,-0.6359442431490534,-0.4805283209828763,-0.3057696310357218,-0.47206993751379733,0.41909499186748067,-0.8590268775775025,1.134818801194079
Ewa,EWA25,2024-12-25,0.7109375,0.75,23.06770833333333,22.35677083333333,2.6112218825,15.416666666666666,24,4,Ewa_4,21.332712275,-158.053561879,88.49992029332059,3.7690124677146777,0.0,11.77615682476165,5.0,5.0,2,0.0607857930936454,0.993692405349244,3.050968626218705,1.1702359281267192,-0.6359442431490534,-0.4805283209828763,-0.3057696310357218,-0.47206993751379733,0.41909499186748067,-0.8590268775775025,1.134818801194079
Ewa,EWA26,2024-11-25,0.7578125,0.65625,22.932291666666668,22.174479166666668,6.1163025125,11.541666666666666,24,1,Ewa_1,21.310330316,-158.100173382,98.975782521298,2.891389588447193,0.0,42.55236893489774,9.909624012218323,10.359999656677246,3,0.2787496309503876,0.96922266184353,1.4344187965528503,1.5877421289717606,-0.7128656656134893,2.1861548220020923,-0.3057696310357218,0.5228252728041541,0.3227257382263149,-0.2085798482617938,-0.322605195748265
Ewa,EWA26,2024-12-01,2.184895833333333,2.1875,22.23958333333333,20.0546875,1.8855149741666668,16.291666666666668,24,2,Ewa_2,21.310330316,-158.100173382,98.975782521298,2.891389588447193,0.0,42.55236893489774,9.909624012218323,10.359999656677246,3,0.2787496309503876,0.96922266184353,1.4344187965528503,1.5877421289717606,-0.7128656656134893,2.1861548220020923,-0.3057696310357218,0.5228252728041541,0.3227257382263149,-0.2085798482617938,-0.322605195748265
Ewa,EWA26,2024-12-21,2.317708333333333,2.40625,23.1875,20.869791666666668,2.69098715,9.791666666666666,24,3,Ewa_3,21.310330316,-158.100173382,98.975782521298,2.891389588447193,0.0,42.55236893489774,9.909624012218323,10.359999656677246,3,0.2787496309503876,0.96922266184353,1.4344187965528503,1.5877421289717606,-0.7128656656134893,2.1861548220020923,-0.3057696310357218,0.5228252728041541,0.3227257382263149,-0.2085798482617938,-0.322605195748265
Ewa,EWA26,2024-12-25,1.1640625,1.09375,23.52083333333333,22.35677083333333,2.6112218825,15.416666666666666,24,4,Ewa_4,21.310330316,-158.100173382,98.975782521298,2.891389588447193,0.0,42.55236893489774,9.909624012218323,10.359999656677246,3,0.2787496309503876,0.96922266184353,1.4344187965528503,1.5877421289717606,-0.7128656656134893,2.1861548220020923,-0.3057696310357218,0.5228252728041541,0.3227257382263149,-0.2085798482617938,-0.322605195748265
Ewa,EWA28,2024-11-25,-1.0703125,-1.0,21.104166666666668,22.174479166666668,6.1163025125,11.541666666666666,24,1,Ewa_1,21.333629188,-158.067358943,42.97415304203716,25.164295284884837,0.0,3.704863486998928,4.617242762125163,5.829999923706055,6,0.0790822763793894,0.9993187038474124,3.439383060101129,-0.6441531610001907,1.2392981043376885,-1.179886052495585,-0.3057696310357218,-0.5496325658797412,0.44125305768064677,-0.8044265671904252,1.4849994800142494
Ewa,EWA28,2024-12-01,-0.1223958333333333,0.0,19.932291666666668,20.0546875,1.8855149741666668,16.291666666666668,24,2,Ewa_2,21.333629188,-158.067358943,42.97415304203716,25.164295284884837,0.0,3.704863486998928,4.617242762125163,5.829999923706055,6,0.0790822763793894,0.9993187038474124,3.439383060101129,-0.6441531610001907,1.2392981043376885,-1.179886052495585,-0.3057696310357218,-0.5496325658797412,0.44125305768064677,-0.8044265671904252,1.4849994800142494
Ewa,EWA28,2024-12-21,-0.5416666666666666,-0.40625,20.328125,20.869791666666668,2.69098715,9.791666666666666,24,3,Ewa_3,21.333629188,-158.067358943,42.97415304203716,25.164295284884837,0.0,3.704863486998928,4.617242762125163,5.829999923706055,6,0.0790822763793894,0.9993187038474124,3.439383060101129,-0.6441531610001907,1.2392981043376885,-1.179886052495585,-0.3057696310357218,-0.5496325658797412,0.44125305768064677,-0.8044265671904252,1.4849994800142494
Ewa,EWA28,2024-12-25,-0.5390625,-0.46875,21.81770833333333,22.35677083333333,2.6112218825,15.416666666666666,24,4,Ewa_4,21.333629188,-158.067358943,42.97415304203716,25.164295284884837,0.0,3.704863486998928,4.617242762125163,5.829999923706055,6,0.0790822763793894,0.9993187038474124,3.439383060101129,-0.6441531610001907,1.2392981043376885,-1.179886052495585,-0.3057696310357218,-0.5496325658797412,0.44125305768064677,-0.8044265671904252,1.4849994800142494
Ewa,EWA29,2024-11-25,-0.6067708333333334,-0.6875,21.56770833333333,22.174479166666668,6.1163025125,11.541666666666666,24,1,Ewa_1,21.329299422,-158.072430847,58.74601148691768,0.1723037651563497,0.0,0.0,0.0,0.0,0,0.0,0.999939294058476,3.031520381898172,-0.015579726538444104,-0.9511866509380597,-1.500903368482522,-0.3057696310357218,-1.485279103676021,0.44369712970139563,-1.0404236584891484,1.117284953829163
Ewa,EWA29,2024-12-01,0.6901041666666666,0.625,20.744791666666668,20.0546875,1.8855149741666668,16.291666666666668,24,2,Ewa_2,21.329299422,-158.072430847,58.74601148691768,0.1723037651563497,0.0,0.0,0.0,0.0,0,0.0,0.999939294058476,3.031520381898172,-0.015579726538444104,-0.9511866509380597,-1.500903368482522,-0.3057696310357218,-1.485279103676021,0.44369712970139563,-1.0404236584891484,1.117284953829163
Ewa,EWA29,2024-12-21,0.609375,0.46875,21.479166666666668,20.869791666666668,2.69098715,9.791666666666666,24,3,Ewa_3,21.329299422,-158.072430847,58.74601148691768,0.1723037651563497,0.0,0.0,0.0,0.0,0,0.0,0.999939294058476,3.031520381898172,-0.015579726538444104,-0.9511866509380597,-1.500903368482522,-0.3057696310357218,-1.485279103676021,0.44369712970139563,-1.0404236584891484,1.117284953829163
Ewa,EWA29,2024-12-25,0.0598958333333333,0.0,22.416666666666668,22.35677083333333,2.6112218825,15.416666666666666,24,4,Ewa_4,21.329299422,-158.072430847,58.74601148691768,0.1723037651563497,0.0,0.0,0.0,0.0,0,0.0,0.999939294058476,3.031520381898172,-0.015579726538444104,-0.9511866509380597,-1.500903368482522,-0.3057696310357218,-1.485279103676021,0.44369712970139563,-1.0404236584891484,1.117284953829163
Ewa,EWA31,2024-11-25,-0.4036458333333333,-0.1875,21.77083333333333,22.174479166666668,6.1163025125,11.541666666666666,24,1,Ewa_1,21.328747314,-158.073549188,41.38568423736376,4.687051621337244,0.0,0.2609617024116739,5.0,5.0,1,0.0297520174331791,0.9996412953389524,3.000099333108825,-0.7074601768207012,-0.5554804366065035,-1.4782916783143,-0.3057696310357218,-0.47206993751379733,0.44252352057959143,-0.9516377775565517,1.0889568505598957
Ewa,EWA31,2024-12-01,0.5651041666666666,0.5625,20.619791666666668,20.0546875,1.8855149741666668,16.291666666666668,24,2,Ewa_2,21.328747314,-158.073549188,41.38568423736376,4.687051621337244,0.0,0.2609617024116739,5.0,5.0,1,0.0297520174331791,0.9996412953389524,3.000099333108825,-0.7074601768207012,-0.5554804366065035,-1.4782916783143,-0.3057696310357218,-0.47206993751379733,0.44252352057959143,-0.9516377775565517,1.0889568505598957
Ewa,EWA31,2024-12-21,0.46875,0.375,21.338541666666668,20.869791666666668,2.69098715,9.791666666666666,24,3,Ewa_3,21.328747314,-158.073549188,41.38568423736376,4.687051621337244,0.0,0.2609617024116739,5.0,5.0,1,0.0297520174331791,0.9996412953389524,3.000099333108825,-0.7074601768207012,-0.5554804366065035,-1.4782916783143,-0.3057696310357218,-0.47206993751379733,0.44252352057959143,-0.9516377775565517,1.0889568505598957
Ewa,EWA31,2024-12-25,0.0598958333333333,0.03125,22.416666666666668,22.35677083333333,2.6112218825,15.416666666666666,24,4,Ewa_4,21.328747314,-158.073549188,41.38568423736376,4.687051621337244,0.0,0.2609617024116739,5.0,5.0,1,0.0297520174331791,0.9996412953389524,3.000099333108825,-0.7074601768207012,-0.5554804366065035,-1.4782916783143,-0.3057696310357218,-0.47206993751379733,0.44252352057959143,-0.9516377775565517,1.0889568505598957
Ewa,EWA32,2024-11-25,0.3046875,0.28125,22.479166666666668,22.174479166666668,6.1163025125,11.541666666666666,24,1,Ewa_1,21.333229395,-158.080909574,78.37199655381474,5.4039405725945295,0.0,26.14334752616401,13.043393802002957,15.260000228881836,5,0.3369863380514051,0.8942501077638796,3.642075205208571,0.7665965072457723,-0.492646935814256,0.7643534441405785,-0.3057696310357218,1.157858127934565,0.027461136104894097,-0.03479004210191768,1.6677395297486692
Ewa,EWA32,2024-12-01,1.5494791666666667,1.5,21.604166666666668,20.0546875,1.8855149741666668,16.291666666666668,24,2,Ewa_2,21.333229395,-158.080909574,78.37199655381474,5.4039405725945295,0.0,26.14334752616401,13.043393802002957,15.260000228881836,5,0.3369863380514051,0.8942501077638796,3.642075205208571,0.7665965072457723,-0.492646935814256,0.7643534441405785,-0.3057696310357218,1.157858127934565,0.027461136104894097,-0.03479004210191768,1.6677395297486692
Ewa,EWA32,2024-12-21,2.0260416666666665,1.96875,22.89583333333333,20.869791666666668,2.69098715,9.791666666666666,24,3,Ewa_3,21.333229395,-158.080909574,78.37199655381474,5.4039405725945295,0.0,26.14334752616401,13.043393802002957,15.260000228881836,5,0.3369863380514051,0.8942501077638796,3.642075205208571,0.7665965072457723,-0.492646935814256,0.7643534441405785,-0.3057696310357218,1.157858127934565,0.027461136104894097,-0.03479004210191768,1.6677395297486692
Ewa,EWA32,2024-12-25,0.8776041666666666,0.875,23.234375,22.35677083333333,2.6112218825,15.416666666666666,24,4,Ewa_4,21.333229395,-158.080909574,78.37199655381474,5.4039405725945295,0.0,26.14334752616401,13.043393802002957,15.260000228881836,5,0.3369863380514051,0.8942501077638796,3.642075205208571,0.7665965072457723,-0.492646935814256,0.7643534441405785,-0.3057696310357218,1.157858127934565,0.027461136104894097,-0.03479004210191768,1.6677395297486692
Ewa,EWA33,2024-11-25,0.9557291666666666,0.78125,23.13020833333333,22.174479166666668,6.1163025125,11.541666666666666,24,1,Ewa_1,21.342920264,-158.041422452,33.35459387058711,31.524234693877556,0.0,1.8602179546138284,4.370994388989252,5.96999979019165,6,0.0700022681330908,0.9998152480273932,2.855538394671342,-1.0275321627543594,1.7967306846456126,-1.3397200544315733,-0.3057696310357218,-0.5995327876425093,0.44320859889886344,-0.8315231004871497,0.9586258351881999
Ewa,EWA33,2024-12-01,-0.3098958333333333,-0.3125,19.744791666666668,20.0546875,1.8855149741666668,16.291666666666668,24,2,Ewa_2,21.342920264,-158.041422452,33.35459387058711,31.524234693877556,0.0,1.8602179546138284,4.370994388989252,5.96999979019165,6,0.0700022681330908,0.9998152480273932,2.855538394671342,-1.0275321627543594,1.7967306846456126,-1.3397200544315733,-0.3057696310357218,-0.5995327876425093,0.44320859889886344,-0.8315231004871497,0.9586258351881999
Ewa,EWA33,2024-12-21,-0.328125,-0.21875,20.541666666666668,20.869791666666668,2.69098715,9.791666666666666,24,3,Ewa_3,21.342920264,-158.041422452,33.35459387058711,31.524234693877556,0.0,1.8602179546138284,4.370994388989252,5.96999979019165,6,0.0700022681330908,0.9998152480273932,2.855538394671342,-1.0275321627543594,1.7967306846456126,-1.3397200544315733,-0.3057696310357218,-0.5995327876425093,0.44320859889886344,-0.8315231004871497,0.9586258351881999
Ewa,EWA33,2024-12-25,-0.1276041666666666,-0.25,22.229166666666668,22.35677083333333,2.6112218825,15.416666666666666,24,4,Ewa_4,21.342920264,-158.041422452,33.35459387058711,31.524234693877556,0.0,1.8602179546138284,4.370994388989252,5.96999979019165,6,0.0700022681330908,0.9998152480273932,2.855538394671342,-1.0275321627543594,1.7967306846456126,-1.3397200544315733,-0.3057696310357218,-0.5995327876425093,0.44320859889886344,-0.8315231004871497,0.9586258351881999
Ewa,EWA35,2024-11-25,-1.1432291666666667,-1.125,21.03125,22.174479166666668,6.1163025125,11.541666666666666,24,1,Ewa_1,21.369949853,-158.027661941,33.481089355188466,13.192384961255142,0.0,2.547193717735916,4.821562388035908,5.0,3,0.0561094498505842,0.999531826927381,0.7009771990559863,-1.022490797370714,0.1899904877462719,-1.2801952928851854,-0.3057696310357218,-0.5082288623198205,0.44209240085338913,-0.8729820070174096,-0.983850129205472
Ewa,EWA35,2024-12-01,-1.2161458333333333,-1.25,18.838541666666668,20.0546875,1.8855149741666668,16.291666666666668,24,2,Ewa_2,21.369949853,-158.027661941,33.481089355188466,13.192384961255142,0.0,2.547193717735916,4.821562388035908,5.0,3,0.0561094498505842,0.999531826927381,0.7009771990559863,-1.022490797370714,0.1899904877462719,-1.2801952928851854,-0.3057696310357218,-0.5082288623198205,0.44209240085338913,-0.8729820070174096,-0.983850129205472
Ewa,EWA35,2024-12-21,-0.5885416666666666,-0.5625,20.28125,20.869791666666668,2.69098715,9.791666666666666,24,3,Ewa_3,21.369949853,-158.027661941,33.481089355188466,13.192384961255142,0.0,2.547193717735916,4.821562388035908,5.0,3,0.0561094498505842,0.999531826927381,0.7009771990559863,-1.022490797370714,0.1899904877462719,-1.2801952928851854,-0.3057696310357218,-0.5082288623198205,0.44209240085338913,-0.8729820070174096,-0.983850129205472
Ewa,EWA35,2024-12-25,-0.0026041666666666,0.0,22.354166666666668,22.35677083333333,2.6112218825,15.416666666666666,24,4,Ewa_4,21.369949853,-158.027661941,33.481089355188466,13.192384961255142,0.0,2.547193717735916,4.821562388035908,5.0,3,0.0561094498505842,0.999531826927381,0.7009771990559863,-1.022490797370714,0.1899904877462719,-1.2801952928851854,-0.3057696310357218,-0.5082288623198205,0.44209240085338913,-0.8729820070174096,-0.983850129205472
Ewa,EWA36,2024-11-25,0.6536458333333334,0.59375,22.828125,22.174479166666668,6.1163025125,11.541666666666666,24,1,Ewa_1,21.354431079,-158.061945848,5.710275305451877,0.0063783645873198,0.0,2.4459786325508097,9.040455753345194,9.149999618530272,2,0.08557379985915,0.999317979932941,4.179182349533296,-2.1292719687873007,-0.9657295920307122,-1.2889653312678497,-0.3057696310357218,0.3466954234386512,0.4412502066864265,-0.7850545823480651,2.1519762830505047
Ewa,EWA36,2024-12-01,-0.7369791666666666,-0.75,19.31770833333333,20.0546875,1.8855149741666668,16.291666666666668,24,2,Ewa_2,21.354431079,-158.061945848,5.710275305451877,0.0063783645873198,0.0,2.4459786325508097,9.040455753345194,9.149999618530272,2,0.08557379985915,0.999317979932941,4.179182349533296,-2.1292719687873007,-0.9657295920307122,-1.2889653312678497,-0.3057696310357218,0.3466954234386512,0.4412502066864265,-0.7850545823480651,2.1519762830505047
Ewa,EWA36,2024-12-21,-0.515625,-0.6875,20.354166666666668,20.869791666666668,2.69098715,9.791666666666666,24,3,Ewa_3,21.354431079,-158.061945848,5.710275305451877,0.0063783645873198,0.0,2.4459786325508097,9.040455753345194,9.149999618530272,2,0.08557379985915,0.999317979932941,4.179182349533296,-2.1292719687873007,-0.9657295920307122,-1.2889653312678497,-0.3057696310357218,0.3466954234386512,0.4412502066864265,-0.7850545823480651,2.1519762830505047
Ewa,EWA36,2024-12-25,-0.4973958333333333,-0.65625,21.859375,22.35677083333333,2.6112218825,15.416666666666666,24,4,Ewa_4,21.354431079,-158.061945848,5.710275305451877,0.0063783645873198,0.0,2.4459786325508097,9.040455753345194,9.149999618530272,2,0.08557379985915,0.999317979932941,4.179182349533296,-2.1292719687873007,-0.9657295920307122,-1.2889653312678497,-0.3057696310357218,0.3466954234386512,0.4412502066864265,-0.7850545823480651,2.1519762830505047
Ewa,EWA37,2024-11-25,-1.5963541666666667,-1.6875,20.578125,22.174479166666668,6.1163025125,11.541666666666666,24,1,Ewa_1,21.342016468,-158.020941334,75.31966455151303,0.5901492918208499,0.0,25.729680124897637,5.376675044995235,6.210000038146973,66,0.5005276988181931,0.9310872836132178,2.005012831118981,0.6449485215940206,-0.914563548873695,0.7285101804597914,-0.3057696310357218,-0.39573981586304935,0.17253708028142964,0.45324959478005616,0.19182215021280666
Ewa,EWA37,2024-12-01,-0.2630208333333333,-0.21875,19.791666666666668,20.0546875,1.8855149741666668,16.291666666666668,24,2,Ewa_2,21.342016468,-158.020941334,75.31966455151303,0.5901492918208499,0.0,25.729680124897637,5.376675044995235,6.210000038146973,66,0.5005276988181931,0.9310872836132178,2.005012831118981,0.6449485215940206,-0.914563548873695,0.7285101804597914,-0.3057696310357218,-0.39573981586304935,0.17253708028142964,0.45324959478005616,0.19182215021280666
Ewa,EWA37,2024-12-21,-0.0364583333333333,-0.15625,20.83333333333333,20.869791666666668,2.69098715,9.791666666666666,24,3,Ewa_3,21.342016468,-158.020941334,75.31966455151303,0.5901492918208499,0.0,25.729680124897637,5.376675044995235,6.210000038146973,66,0.5005276988181931,0.9310872836132178,2.005012831118981,0.6449485215940206,-0.914563548873695,0.7285101804597914,-0.3057696310357218,-0.39573981586304935,0.17253708028142964,0.45324959478005616,0.19182215021280666
Ewa,EWA37,2024-12-25,-0.0286458333333333,-0.03125,22.328125,22.35677083333333,2.6112218825,15.416666666666666,24,4,Ewa_4,21.342016468,-158.020941334,75.31966455151303,0.5901492918208499,0.0,25.729680124897637,5.376675044995235,6.210000038146973,66,0.5005276988181931,0.9310872836132178,2.005012831118981,0.6449485215940206,-0.914563548873695,0.7285101804597914,-0.3057696310357218,-0.39573981586304935,0.17253708028142964,0.45324959478005616,0.19182215021280666
Ewa,EWA38,2024-11-25,0.8723958333333334,0.71875,23.046875,22.174479166666668,6.1163025125,11.541666666666666,24,1,Ewa_1,21.335000101,-158.044283328,12.124689233122968,11.669269754247283,0.0,2.4302279300802545,3.38287702597598,4.28000020980835,7,0.059870260985785,0.9980028575268588,3.219213486254167,-1.8736311889346116,0.05649329770258601,-1.2903300909276185,-0.3057696310357218,-0.7997667015323278,0.4360708567397741,-0.861759005739938,1.2865024003495549
Ewa,EWA38,2024-12-01,-1.1223958333333333,-1.25,18.932291666666668,20.0546875,1.8855149741666668,16.291666666666668,24,2,Ewa_2,21.335000101,-158.044283328,12.124689233122968,11.669269754247283,0.0,2.4302279300802545,3.38287702597598,4.28000020980835,7,0.059870260985785,0.9980028575268588,3.219213486254167,-1.8736311889346116,0.05649329770258601,-1.2903300909276185,-0.3057696310357218,-0.7997667015323278,0.4360708567397741,-0.861759005739938,1.2865024003495549
Ewa,EWA38,2024-12-21,-0.828125,-0.96875,20.041666666666668,20.869791666666668,2.69098715,9.791666666666666,24,3,Ewa_3,21.335000101,-158.044283328,12.124689233122968,11.669269754247283,0.0,2.4302279300802545,3.38287702597598,4.28000020980835,7,0.059870260985785,0.9980028575268588,3.219213486254167,-1.8736311889346116,0.05649329770258601,-1.2903300909276185,-0.3057696310357218,-0.7997667015323278,0.4360708567397741,-0.861759005739938,1.2865024003495549
Ewa,EWA38,2024-12-25,-0.7526041666666666,-0.84375,21.604166666666668,22.35677083333333,2.6112218825,15.416666666666666,24,4,Ewa_4,21.335000101,-158.044283328,12.124689233122968,11.669269754247283,0.0,2.4302279300802545,3.38287702597598,4.28000020980835,7,0.059870260985785,0.9980028575268588,3.219213486254167,-1.8736311889346116,0.05649329770258601,-1.2903300909276185,-0.3057696310357218,-0.7997667015323278,0.4360708567397741,-0.861759005739938,1.2865024003495549
Ewa,EWA39,2024-11-25,1.0755208333333333,0.90625,23.25,22.174479166666668,6.1163025125,11.541666666666666,24,1,Ewa_1,21.3376646,-158.053484081,39.11546187940436,0.2198852772466539,0.0,8.856019590409744,4.485728126610904,5.480000019073486,19,0.157178616786223,0.9960060301359196,3.584572167250284,-0.797937876041847,-0.9470162519210584,-0.7335510357400413,-0.3057696310357218,-0.5762829327172475,0.42820674630191385,-0.571371703055393,1.615896830018951
Ewa,EWA39,2024-12-01,-0.1640625,-0.15625,19.890625,20.0546875,1.8855149741666668,16.291666666666668,24,2,Ewa_2,21.3376646,-158.053484081,39.11546187940436,0.2198852772466539,0.0,8.856019590409744,4.485728126610904,5.480000019073486,19,0.157178616786223,0.9960060301359196,3.584572167250284,-0.797937876041847,-0.9470162519210584,-0.7335510357400413,-0.3057696310357218,-0.5762829327172475,0.42820674630191385,-0.571371703055393,1.615896830018951
Ewa,EWA39,2024-12-21,-0.0052083333333333,-0.125,20.86458333333333,20.869791666666668,2.69098715,9.791666666666666,24,3,Ewa_3,21.3376646,-158.053484081,39.11546187940436,0.2198852772466539,0.0,8.856019590409744,4.485728126610904,5.480000019073486,19,0.157178616786223,0.9960060301359196,3.584572167250284,-0.797937876041847,-0.9470162519210584,-0.7335510357400413,-0.3057696310357218,-0.5762829327172475,0.42820674630191385,-0.571371703055393,1.615896830018951
Ewa,EWA39,2024-12-25,-0.1276041666666666,-0.03125,22.229166666666668,22.35677083333333,2.6112218825,15.416666666666666,24,4,Ewa_4,21.3376646,-158.053484081,39.11546187940436,0.2198852772466539,0.0,8.856019590409744,4.485728126610904,5.480000019073486,19,0.157178616786223,0.9960060301359196,3.584572167250284,-0.797937876041847,-0.9470162519210584,-0.7335510357400413,-0.3057696310357218,-0.5762829327172475,0.42820674630191385,-0.571371703055393,1.615896830018951
Ewa,EWA40,2024-11-25,-0.4817708333333333,-0.1875,21.69270833333333,22.174479166666668,6.1163025125,11.541666666666666,24,1,Ewa_1,21.3289547,-158.075093612,62.29550020729024,10.114832535885167,0.0,19.692176626456,5.000000000000001,5.0,3,0.0879106278679055,0.9921843979587526,3.0463033517737843,0.12588199931619157,-0.07974918730176414,0.20537534023348095,-0.3057696310357218,-0.47206993751379717,0.4131560024917611,-0.7780810272333136,1.1306127552042966
Ewa,EWA40,2024-12-01,0.3203125,0.34375,20.375,20.0546875,1.8855149741666668,16.291666666666668,24,2,Ewa_2,21.3289547,-158.075093612,62.29550020729024,10.114832535885167,0.0,19.692176626456,5.000000000000001,5.0,3,0.0879106278679055,0.9921843979587526,3.0463033517737843,0.12588199931619157,-0.07974918730176414,0.20537534023348095,-0.3057696310357218,-0.47206993751379717,0.4131560024917611,-0.7780810272333136,1.1306127552042966
Ewa,EWA40,2024-12-21,0.0260416666666666,0.0,20.89583333333333,20.869791666666668,2.69098715,9.791666666666666,24,3,Ewa_3,21.3289547,-158.075093612,62.29550020729024,10.114832535885167,0.0,19.692176626456,5.000000000000001,5.0,3,0.0879106278679055,0.9921843979587526,3.0463033517737843,0.12588199931619157,-0.07974918730176414,0.20537534023348095,-0.3057696310357218,-0.47206993751379717,0.4131560024917611,-0.7780810272333136,1.1306127552042966
Ewa,EWA40,2024-12-25,-0.1953125,-0.125,22.16145833333333,22.35677083333333,2.6112218825,15.416666666666666,24,4,Ewa_4,21.3289547,-158.075093612,62.29550020729024,10.114832535885167,0.0,19.692176626456,5.000000000000001,5.0,3,0.0879106278679055,0.9921843979587526,3.0463033517737843,0.12588199931619157,-0.07974918730176414,0.20537534023348095,-0.3057696310357218,-0.47206993751379717,0.4131560024917611,-0.7780810272333136,1.1306127552042966
Ewa,EWA42,2024-11-25,-1.0182291666666667,-1.0,21.15625,22.174479166666668,6.1163025125,11.541666666666666,24,1,Ewa_1,21.336057076,-158.037618593,12.082057172026545,0.8513216210183975,0.0,0.0,0.0,0.0,0,0.0,0.9999613823802308,3.211485501468632,-1.8753302519305937,-0.8916724557346996,-1.500903368482522,-0.3057696310357218,-1.485279103676021,0.443784120195644,-1.0404236584891484,1.2795351233329397
Ewa,EWA42,2024-12-01,0.0859375,0.0,20.140625,20.0546875,1.8855149741666668,16.291666666666668,24,2,Ewa_2,21.336057076,-158.037618593,12.082057172026545,0.8513216210183975,0.0,0.0,0.0,0.0,0,0.0,0.9999613823802308,3.211485501468632,-1.8753302519305937,-0.8916724557346996,-1.500903368482522,-0.3057696310357218,-1.485279103676021,0.443784120195644,-1.0404236584891484,1.2795351233329397
Ewa,EWA42,2024-12-21,0.0104166666666666,0.0,20.88020833333333,20.869791666666668,2.69098715,9.791666666666666,24,3,Ewa_3,21.336057076,-158.037618593,12.082057172026545,0.8513216210183975,0.0,0.0,0.0,0.0,0,0.0,0.9999613823802308,3.211485501468632,-1.8753302519305937,-0.8916724557346996,-1.500903368482522,-0.3057696310357218,-1.485279103676021,0.443784120195644,-1.0404236584891484,1.2795351233329397
Ewa,EWA42,2024-12-25,0.0182291666666666,0.0,22.375,22.35677083333333,2.6112218825,15.416666666666666,24,4,Ewa_4,21.336057076,-158.037618593,12.082057172026545,0.8513216210183975,0.0,0.0,0.0,0.0,0,0.0,0.9999613823802308,3.211485501468632,-1.8753302519305937,-0.8916724557346996,-1.500903368482522,-0.3057696310357218,-1.485279103676021,0.443784120195644,-1.0404236584891484,1.2795351233329397
Ewa,EWA45,2024-11-25,1.2838541666666667,1.125,23.45833333333333,22.174479166666668,6.1163025125,11.541666666666666,24,1,Ewa_1,21.348297007,-158.032308791,76.29790357063084,2.763963274674828,0.0,29.2108571431327,3.4362863619038606,5.599999904632568,57,0.3187774265573553,0.993974386230978,1.7796683963949071,0.6839353703614188,-0.724034259261539,1.0301456136655793,-0.3057696310357218,-0.7889437357881746,0.42020551789761423,-0.08912902101162946,-0.011340400496909861
Ewa,EWA45,2024-12-01,-0.2005208333333333,-0.21875,19.854166666666668,20.0546875,1.8855149741666668,16.291666666666668,24,2,Ewa_2,21.348297007,-158.032308791,76.29790357063084,2.763963274674828,0.0,29.2108571431327,3.4362863619038606,5.599999904632568,57,0.3187774265573553,0.993974386230978,1.7796683963949071,0.6839353703614188,-0.724034259261539,1.0301456136655793,-0.3057696310357218,-0.7889437357881746,0.42020551789761423,-0.08912902101162946,-0.011340400496909861
Ewa,EWA45,2024-12-21,-0.109375,-0.125,20.760416666666668,20.869791666666668,2.69098715,9.791666666666666,24,3,Ewa_3,21.348297007,-158.032308791,76.29790357063084,2.763963274674828,0.0,29.2108571431327,3.4362863619038606,5.599999904632568,57,0.3187774265573553,0.993974386230978,1.7796683963949071,0.6839353703614188,-0.724034259261539,1.0301456136655793,-0.3057696310357218,-0.7889437357881746,0.42020551789761423,-0.08912902101162946,-0.011340400496909861
Ewa,EWA45,2024-12-25,0.0494791666666666,0.0625,22.40625,22.35677083333333,2.6112218825,15.416666666666666,24,4,Ewa_4,21.348297007,-158.032308791,76.29790357063084,2.763963274674828,0.0,29.2108571431327,3.4362863619038606,5.599999904632568,57,0.3187774265573553,0.993974386230978,1.7796683963949071,0.6839353703614188,-0.724034259261539,1.0301456136655793,-0.3057696310357218,-0.7889437357881746,0.42020551789761423,-0.08912902101162946,-0.011340400496909861
Ewa,EWA46,2024-11-25,1.0338541666666667,1.0,23.20833333333333,22.174479166666668,6.1163025125,11.541666666666666,24,1,Ewa_1,21.319870001,-158.116895423,17.602781233055847,0.0,0.0,4.922430211772277,7.086557394267173,10.220000267028809,4,0.1028453435025333,0.998218592278902,0.4507037096079975,-1.655306689337487,-0.9662886395312319,-1.074386888115211,-0.3057696310357218,-0.049246121994784564,0.43692048546734974,-0.7335128937587908,-1.209487831567787
Ewa,EWA46,2024-12-01,1.1901041666666667,1.375,21.244791666666668,20.0546875,1.8855149741666668,16.291666666666668,24,2,Ewa_2,21.319870001,-158.116895423,17.602781233055847,0.0,0.0,4.922430211772277,7.086557394267173,10.220000267028809,4,0.1028453435025333,0.998218592278902,0.4507037096079975,-1.655306689337487,-0.9662886395312319,-1.074386888115211,-0.3057696310357218,-0.049246121994784564,0.43692048546734974,-0.7335128937587908,-1.209487831567787
Ewa,EWA46,2024-12-21,1.3229166666666667,1.0625,22.19270833333333,20.869791666666668,2.69098715,9.791666666666666,24,3,Ewa_3,21.319870001,-158.116895423,17.602781233055847,0.0,0.0,4.922430211772277,7.086557394267173,10.220000267028809,4,0.1028453435025333,0.998218592278902,0.4507037096079975,-1.655306689337487,-0.9662886395312319,-1.074386888115211,-0.3057696310357218,-0.049246121994784564,0.43692048546734974,-0.7335128937587908,-1.209487831567787
Ewa,EWA46,2024-12-25,-0.4817708333333333,-0.375,21.875,22.35677083333333,2.6112218825,15.416666666666666,24,4,Ewa_4,21.319870001,-158.116895423,17.602781233055847,0.0,0.0,4.922430211772277,7.086557394267173,10.220000267028809,4,0.1028453435025333,0.998218592278902,0.4507037096079975,-1.655306689337487,-0.9662886395312319,-1.074386888115211,-0.3057696310357218,-0.049246121994784564,0.43692048546734974,-0.7335128937587908,-1.209487831567787
Ewa,EWA48,2024-11-25,-1.2265625,-1.28125,20.947916666666668,22.174479166666668,6.1163025125,11.541666666666666,24,1,Ewa_1,21.337463633,-158.018168167,51.03844313287605,2.831542361531839,0.0,12.696203863650666,5.801854518602259,6.679999828338623,54,0.3739950842407626,0.994967046152918,2.4051571883699743,-0.3227580295000214,-0.7181111234674633,-0.4008085061928512,-0.3057696310357218,-0.30958066787851607,0.42411491301548765,0.07565134695725387,0.5525781119509071
Ewa,EWA48,2024-12-01,-0.0234375,-0.0625,20.03125,20.0546875,1.8855149741666668,16.291666666666668,24,2,Ewa_2,21.337463633,-158.018168167,51.03844313287605,2.831542361531839,0.0,12.696203863650666,5.801854518602259,6.679999828338623,54,0.3739950842407626,0.994967046152918,2.4051571883699743,-0.3227580295000214,-0.7181111234674633,-0.4008085061928512,-0.3057696310357218,-0.30958066787851607,0.42411491301548765,0.07565134695725387,0.5525781119509071
Ewa,EWA48,2024-12-21,0.0989583333333333,0.0,20.96875,20.869791666666668,2.69098715,9.791666666666666,24,3,Ewa_3,21.337463633,-158.018168167,51.03844313287605,2.831542361531839,0.0,12.696203863650666,5.801854518602259,6.679999828338623,54,0.3739950842407626,0.994967046152918,2.4051571883699743,-0.3227580295000214,-0.7181111234674633,-0.4008085061928512,-0.3057696310357218,-0.30958066787851607,0.42411491301548765,0.07565134695725387,0.5525781119509071
Ewa,EWA48,2024-12-25,0.0911458333333333,0.125,22.447916666666668,22.35677083333333,2.6112218825,15.416666666666666,24,4,Ewa_4,21.337463633,-158.018168167,51.03844313287605,2.831542361531839,0.0,12.696203863650666,5.801854518602259,6.679999828338623,54,0.3739950842407626,0.994967046152918,2.4051571883699743,-0.3227580295000214,-0.7181111234674633,-0.4008085061928512,-0.3057696310357218,-0.30958066787851607,0.42411491301548765,0.07565134695725387,0.5525781119509071
Ewa,EWA50,2024-11-25,0.6901041666666666,0.53125,22.86458333333333,22.174479166666668,6.1163025125,11.541666666666666,24,1,Ewa_1,21.344363191,-158.035842688,33.54369860393957,25.505388686945984,0.0,8.21484047125055,4.61826299602094,6.639999866485596,12,0.1266250323752028,0.9981424350095692,2.348498363245884,-1.0199955612731997,1.2691940770836094,-0.789107630637977,-0.3057696310357218,-0.549425823812775,0.43662055509810693,-0.6625496177522188,0.5014965245732523
Ewa,EWA50,2024-12-01,-1.3619791666666667,-1.3125,18.69270833333333,20.0546875,1.8855149741666668,16.291666666666668,24,2,Ewa_2,21.344363191,-158.035842688,33.54369860393957,25.505388686945984,0.0,8.21484047125055,4.61826299602094,6.639999866485596,12,0.1266250323752028,0.9981424350095692,2.348498363245884,-1.0199955612731997,1.2691940770836094,-0.789107630637977,-0.3057696310357218,-0.549425823812775,0.43662055509810693,-0.6625496177522188,0.5014965245732523
Ewa,EWA50,2024-12-21,-1.2604166666666667,-1.28125,19.609375,20.869791666666668,2.69098715,9.791666666666666,24,3,Ewa_3,21.344363191,-158.035842688,33.54369860393957,25.505388686945984,0.0,8.21484047125055,4.61826299602094,6.639999866485596,12,0.1266250323752028,0.9981424350095692,2.348498363245884,-1.0199955612731997,1.2691940770836094,-0.789107630637977,-0.3057696310357218,-0.549425823812775,0.43662055509810693,-0.6625496177522188,0.5014965245732523
Ewa,EWA50,2024-12-25,-1.2317708333333333,-1.25,21.125,22.35677083333333,2.6112218825,15.416666666666666,24,4,Ewa_4,21.344363191,-158.035842688,33.54369860393957,25.505388686945984,0.0,8.21484047125055,4.61826299602094,6.639999866485596,12,0.1266250323752028,0.9981424350095692,2.348498363245884,-1.0199955612731997,1.2691940770836094,-0.789107630637977,-0.3057696310357218,-0.549425823812775,0.43662055509810693,-0.6625496177522188,0.5014965245732523
Honolulu,HNL01,2024-12-16,-1.953125,-2.0,19.588541666666668,21.541666666666668,3.204256679166667,6.958333333333333,24,4,Hon_4,21.292930695,-157.813130937,28.079635006221483,22.630320420851262,0.0,16.717752453185803,8.567061119762263,11.739999771118164,18,0.3471855750877093,0.9877695514325046,2.4437457959243583,-1.2377609713381061,1.0172016257302974,-0.052351204364068676,-0.3057696310357218,0.2507658670470046,0.3957690010883559,-0.004353509616601941,0.5873682320117126
Honolulu,HNL01,2024-12-21,-2.1197916666666665,-2.21875,19.885416666666668,22.00520833333333,3.3775978091666663,5.291666666666667,24,5,Hon_5,21.292930695,-157.813130937,28.079635006221483,22.630320420851262,0.0,16.717752453185803,8.567061119762263,11.739999771118164,18,0.3471855750877093,0.9877695514325046,2.4437457959243583,-1.2377609713381061,1.0172016257302974,-0.052351204364068676,-0.3057696310357218,0.2507658670470046,0.3957690010883559,-0.004353509616601941,0.5873682320117126
Honolulu,HNL01,2024-12-26,-1.5729166666666667,-1.5,21.510416666666668,23.08333333333333,1.6095112708333332,8.0,24,6,Hon_6,21.292930695,-157.813130937,28.079635006221483,22.630320420851262,0.0,16.717752453185803,8.567061119762263,11.739999771118164,18,0.3471855750877093,0.9877695514325046,2.4437457959243583,-1.2377609713381061,1.0172016257302974,-0.052351204364068676,-0.3057696310357218,0.2507658670470046,0.3957690010883559,-0.004353509616601941,0.5873682320117126
Honolulu,HNL01,2025-01-03,-1.8463541666666667,-2.0,19.984375,21.830729166666668,3.27522905,7.458333333333333,24,7,Hon_7,21.292930695,-157.813130937,28.079635006221483,22.630320420851262,0.0,16.717752453185803,8.567061119762263,11.739999771118164,18,0.3471855750877093,0.9877695514325046,2.4437457959243583,-1.2377609713381061,1.0172016257302974,-0.052351204364068676,-0.3057696310357218,0.2507658670470046,0.3957690010883559,-0.004353509616601941,0.5873682320117126
Honolulu,HNL03,2024-11-30,-0.4661458333333333,-0.1875,21.484375,21.95052083333333,6.923625725,14.75,24,1,Hon_1,21.285501833,-157.817752579,61.15080377647359,2.3994646612707924,0.0,15.335942823339945,6.320589183944096,10.5600004196167,10,0.1855027866100559,0.9958161666359492,1.537517268821793,0.08026113799226303,-0.7559816394993409,-0.172081612821666,-0.3057696310357218,-0.2044633243324275,0.4274590063927654,-0.486846800663765,-0.2296552694450896
Honolulu,HNL03,2024-12-01,-0.703125,-0.75,20.994791666666668,21.697916666666668,1.70763501625,5.208333333333333,24,2,Hon_2,21.285501833,-157.817752579,61.15080377647359,2.3994646612707924,0.0,15.335942823339945,6.320589183944096,10.5600004196167,10,0.1855027866100559,0.9958161666359492,1.537517268821793,0.08026113799226303,-0.7559816394993409,-0.172081612821666,-0.3057696310357218,-0.2044633243324275,0.4274590063927654,-0.486846800663765,-0.2296552694450896
Honolulu,HNL03,2024-12-07,-0.4791666666666667,-0.5,22.15625,22.635416666666668,5.9895923458333336,20.25,24,3,Hon_3,21.285501833,-157.817752579,61.15080377647359,2.3994646612707924,0.0,15.335942823339945,6.320589183944096,10.5600004196167,10,0.1855027866100559,0.9958161666359492,1.537517268821793,0.08026113799226303,-0.7559816394993409,-0.172081612821666,-0.3057696310357218,-0.2044633243324275,0.4274590063927654,-0.486846800663765,-0.2296552694450896
Honolulu,HNL03,2024-12-16,-0.9427083333333334,-1.09375,20.59895833333333,21.541666666666668,3.204256679166667,6.958333333333333,24,4,Hon_4,21.285501833,-157.817752579,61.15080377647359,2.3994646612707924,0.0,15.335942823339945,6.320589183944096,10.5600004196167,10,0.1855027866100559,0.9958161666359492,1.537517268821793,0.08026113799226303,-0.7559816394993409,-0.172081612821666,-0.3057696310357218,-0.2044633243324275,0.4274590063927654,-0.486846800663765,-0.2296552694450896
Honolulu,HNL03,2024-12-21,-0.5572916666666666,-0.53125,21.447916666666668,22.00520833333333,3.3775978091666663,5.291666666666667,24,5,Hon_5,21.285501833,-157.817752579,61.15080377647359,2.3994646612707924,0.0,15.335942823339945,6.320589183944096,10.5600004196167,10,0.1855027866100559,0.9958161666359492,1.537517268821793,0.08026113799226303,-0.7559816394993409,-0.172081612821666,-0.3057696310357218,-0.2044633243324275,0.4274590063927654,-0.486846800663765,-0.2296552694450896
Honolulu,HNL03,2024-12-26,-0.3385416666666667,-0.25,22.744791666666668,23.08333333333333,1.6095112708333332,8.0,24,6,Hon_6,21.285501833,-157.817752579,61.15080377647359,2.3994646612707924,0.0,15.335942823339945,6.320589183944096,10.5600004196167,10,0.1855027866100559,0.9958161666359492,1.537517268821793,0.08026113799226303,-0.7559816394993409,-0.172081612821666,-0.3057696310357218,-0.2044633243324275,0.4274590063927654,-0.486846800663765,-0.2296552694450896
Honolulu,HNL03,2025-01-03,-0.7994791666666666,-0.8125,21.03125,21.830729166666668,3.27522905,7.458333333333333,24,7,Hon_7,21.285501833,-157.817752579,61.15080377647359,2.3994646612707924,0.0,15.335942823339945,6.320589183944096,10.5600004196167,10,0.1855027866100559,0.9958161666359492,1.537517268821793,0.08026113799226303,-0.7559816394993409,-0.172081612821666,-0.3057696310357218,-0.2044633243324275,0.4274590063927654,-0.486846800663765,-0.2296552694450896
Honolulu,HNL04,2024-11-30,-0.6848958333333334,-0.59375,21.265625,21.95052083333333,6.923625725,14.75,24,1,Hon_1,21.290175,-157.812344,80.80885401715945,10.1330016266386,0.0,24.686368182784243,4.888071501575653,16.989999771118164,41,0.35124428265908,0.0796178302840727,2.3004124000919868,0.863715300847773,-0.07815671251714361,0.6381097647441618,-0.3057696310357218,-0.4947513336254618,-3.1808072527484734,0.007758473309640907,0.4581439255190921
Honolulu,HNL04,2024-12-01,-0.671875,-0.625,21.026041666666668,21.697916666666668,1.70763501625,5.208333333333333,24,2,Hon_2,21.290175,-157.812344,80.80885401715945,10.1330016266386,0.0,24.686368182784243,4.888071501575653,16.989999771118164,41,0.35124428265908,0.0796178302840727,2.3004124000919868,0.863715300847773,-0.07815671251714361,0.6381097647441618,-0.3057696310357218,-0.4947513336254618,-3.1808072527484734,0.007758473309640907,0.4581439255190921
Honolulu,HNL04,2024-12-07,-0.96875,-1.0625,21.666666666666668,22.635416666666668,5.9895923458333336,20.25,24,3,Hon_3,21.290175,-157.812344,80.80885401715945,10.1330016266386,0.0,24.686368182784243,4.888071501575653,16.989999771118164,41,0.35124428265908,0.0796178302840727,2.3004124000919868,0.863715300847773,-0.07815671251714361,0.6381097647441618,-0.3057696310357218,-0.4947513336254618,-3.1808072527484734,0.007758473309640907,0.4581439255190921
Honolulu,HNL04,2024-12-16,-1.453125,-1.625,20.088541666666668,21.541666666666668,3.204256679166667,6.958333333333333,24,4,Hon_4,21.290175,-157.812344,80.80885401715945,10.1330016266386,0.0,24.686368182784243,4.888071501575653,16.989999771118164,41,0.35124428265908,0.0796178302840727,2.3004124000919868,0.863715300847773,-0.07815671251714361,0.6381097647441618,-0.3057696310357218,-0.4947513336254618,-3.1808072527484734,0.007758473309640907,0.4581439255190921
Honolulu,HNL04,2024-12-21,-1.3489583333333333,-1.71875,20.65625,22.00520833333333,3.3775978091666663,5.291666666666667,24,5,Hon_5,21.290175,-157.812344,80.80885401715945,10.1330016266386,0.0,24.686368182784243,4.888071501575653,16.989999771118164,41,0.35124428265908,0.0796178302840727,2.3004124000919868,0.863715300847773,-0.07815671251714361,0.6381097647441618,-0.3057696310357218,-0.4947513336254618,-3.1808072527484734,0.007758473309640907,0.4581439255190921
Honolulu,HNL04,2024-12-26,-0.734375,-0.5,22.34895833333333,23.08333333333333,1.6095112708333332,8.0,24,6,Hon_6,21.290175,-157.812344,80.80885401715945,10.1330016266386,0.0,24.686368182784243,4.888071501575653,16.989999771118164,41,0.35124428265908,0.0796178302840727,2.3004124000919868,0.863715300847773,-0.07815671251714361,0.6381097647441618,-0.3057696310357218,-0.4947513336254618,-3.1808072527484734,0.007758473309640907,0.4581439255190921
Honolulu,HNL04,2025-01-03,-1.2473958333333333,-1.4375,20.58333333333333,21.830729166666668,3.27522905,7.458333333333333,24,7,Hon_7,21.290175,-157.812344,80.80885401715945,10.1330016266386,0.0,24.686368182784243,4.888071501575653,16.989999771118164,41,0.35124428265908,0.0796178302840727,2.3004124000919868,0.863715300847773,-0.07815671251714361,0.6381097647441618,-0.3057696310357218,-0.4947513336254618,-3.1808072527484734,0.007758473309640907,0.4581439255190921
Honolulu,HNL05,2024-11-30,-0.0651041666666666,0.0,21.885416666666668,21.95052083333333,6.923625725,14.75,24,1,Hon_1,21.28474937,-157.811280959,80.39028123206428,0.9372907833072974,0.0,30.756797020926918,4.678631365212077,6.559999942779541,76,0.5170562756604155,0.9365867190352346,1.9892112683469585,0.8470334536184829,-0.884137476408662,1.1640975047374613,-0.3057696310357218,-0.53719266681063,0.19419552091624032,0.5025741240760857,0.17757602160574937
Honolulu,HNL05,2024-12-01,0.015625,0.0,21.713541666666668,21.697916666666668,1.70763501625,5.208333333333333,24,2,Hon_2,21.28474937,-157.811280959,80.39028123206428,0.9372907833072974,0.0,30.756797020926918,4.678631365212077,6.559999942779541,76,0.5170562756604155,0.9365867190352346,1.9892112683469585,0.8470334536184829,-0.884137476408662,1.1640975047374613,-0.3057696310357218,-0.53719266681063,0.19419552091624032,0.5025741240760857,0.17757602160574937
Honolulu,HNL05,2024-12-07,0.1875,0.25,22.822916666666668,22.635416666666668,5.9895923458333336,20.25,24,3,Hon_3,21.28474937,-157.811280959,80.39028123206428,0.9372907833072974,0.0,30.756797020926918,4.678631365212077,6.559999942779541,76,0.5170562756604155,0.9365867190352346,1.9892112683469585,0.8470334536184829,-0.884137476408662,1.1640975047374613,-0.3057696310357218,-0.53719266681063,0.19419552091624032,0.5025741240760857,0.17757602160574937
Honolulu,HNL05,2024-12-16,-0.1666666666666666,-0.03125,21.375,21.541666666666668,3.204256679166667,6.958333333333333,24,4,Hon_4,21.28474937,-157.811280959,80.39028123206428,0.9372907833072974,0.0,30.756797020926918,4.678631365212077,6.559999942779541,76,0.5170562756604155,0.9365867190352346,1.9892112683469585,0.8470334536184829,-0.884137476408662,1.1640975047374613,-0.3057696310357218,-0.53719266681063,0.19419552091624032,0.5025741240760857,0.17757602160574937
Honolulu,HNL05,2024-12-21,-0.34375,-0.3125,21.66145833333333,22.00520833333333,3.3775978091666663,5.291666666666667,24,5,Hon_5,21.28474937,-157.811280959,80.39028123206428,0.9372907833072974,0.0,30.756797020926918,4.678631365212077,6.559999942779541,76,0.5170562756604155,0.9365867190352346,1.9892112683469585,0.8470334536184829,-0.884137476408662,1.1640975047374613,-0.3057696310357218,-0.53719266681063,0.19419552091624032,0.5025741240760857,0.17757602160574937
Honolulu,HNL05,2024-12-26,-0.046875,0.15625,23.03645833333333,23.08333333333333,1.6095112708333332,8.0,24,6,Hon_6,21.28474937,-157.811280959,80.39028123206428,0.9372907833072974,0.0,30.756797020926918,4.678631365212077,6.559999942779541,76,0.5170562756604155,0.9365867190352346,1.9892112683469585,0.8470334536184829,-0.884137476408662,1.1640975047374613,-0.3057696310357218,-0.53719266681063,0.19419552091624032,0.5025741240760857,0.17757602160574937
Honolulu,HNL05,2025-01-03,-0.3046875,-0.25,21.526041666666668,21.830729166666668,3.27522905,7.458333333333333,24,7,Hon_7,21.28474937,-157.811280959,80.39028123206428,0.9372907833072974,0.0,30.756797020926918,4.678631365212077,6.559999942779541,76,0.5170562756604155,0.9365867190352346,1.9892112683469585,0.8470334536184829,-0.884137476408662,1.1640975047374613,-0.3057696310357218,-0.53719266681063,0.19419552091624032,0.5025741240760857,0.17757602160574937
Honolulu,HNL08,2024-11-30,3.7526041666666665,3.4375,25.703125,21.95052083333333,6.923625725,14.75,24,1,Hon_1,21.278628084,-157.81447177,44.16706520006377,24.968908447335693,3.75968621448388,8.807303754076171,8.330418190490951,12.579999923706056,3,0.1158523019691649,0.9374968775571004,1.3327683270500417,-0.596610704617991,1.2221729429156751,-0.7377721432331356,0.12206235665374668,0.20281211003797017,0.19778000055849215,-0.6946975674264754,-0.41424965410960846
Honolulu,HNL08,2024-12-01,1.0677083333333333,1.125,22.765625,21.697916666666668,1.70763501625,5.208333333333333,24,2,Hon_2,21.278628084,-157.81447177,44.16706520006377,24.968908447335693,3.75968621448388,8.807303754076171,8.330418190490951,12.579999923706056,3,0.1158523019691649,0.9374968775571004,1.3327683270500417,-0.596610704617991,1.2221729429156751,-0.7377721432331356,0.12206235665374668,0.20281211003797017,0.19778000055849215,-0.6946975674264754,-0.41424965410960846
Honolulu,HNL08,2024-12-07,1.0625,1.0625,23.697916666666668,22.635416666666668,5.9895923458333336,20.25,24,3,Hon_3,21.278628084,-157.81447177,44.16706520006377,24.968908447335693,3.75968621448388,8.807303754076171,8.330418190490951,12.579999923706056,3,0.1158523019691649,0.9374968775571004,1.3327683270500417,-0.596610704617991,1.2221729429156751,-0.7377721432331356,0.12206235665374668,0.20281211003797017,0.19778000055849215,-0.6946975674264754,-0.41424965410960846
Honolulu,HNL08,2024-12-16,1.3854166666666667,1.5,22.92708333333333,21.541666666666668,3.204256679166667,6.958333333333333,24,4,Hon_4,21.278628084,-157.81447177,44.16706520006377,24.968908447335693,3.75968621448388,8.807303754076171,8.330418190490951,12.579999923706056,3,0.1158523019691649,0.9374968775571004,1.3327683270500417,-0.596610704617991,1.2221729429156751,-0.7377721432331356,0.12206235665374668,0.20281211003797017,0.19778000055849215,-0.6946975674264754,-0.41424965410960846
Honolulu,HNL08,2024-12-21,1.234375,1.28125,23.23958333333333,22.00520833333333,3.3775978091666663,5.291666666666667,24,5,Hon_5,21.278628084,-157.81447177,44.16706520006377,24.968908447335693,3.75968621448388,8.807303754076171,8.330418190490951,12.579999923706056,3,0.1158523019691649,0.9374968775571004,1.3327683270500417,-0.596610704617991,1.2221729429156751,-0.7377721432331356,0.12206235665374668,0.20281211003797017,0.19778000055849215,-0.6946975674264754,-0.41424965410960846
Honolulu,HNL08,2024-12-26,0.8645833333333334,0.625,23.947916666666668,23.08333333333333,1.6095112708333332,8.0,24,6,Hon_6,21.278628084,-157.81447177,44.16706520006377,24.968908447335693,3.75968621448388,8.807303754076171,8.330418190490951,12.579999923706056,3,0.1158523019691649,0.9374968775571004,1.3327683270500417,-0.596610704617991,1.2221729429156751,-0.7377721432331356,0.12206235665374668,0.20281211003797017,0.19778000055849215,-0.6946975674264754,-0.41424965410960846
Honolulu,HNL08,2025-01-03,1.2994791666666667,1.59375,23.13020833333333,21.830729166666668,3.27522905,7.458333333333333,24,7,Hon_7,21.278628084,-157.81447177,44.16706520006377,24.968908447335693,3.75968621448388,8.807303754076171,8.330418190490951,12.579999923706056,3,0.1158523019691649,0.9374968775571004,1.3327683270500417,-0.596610704617991,1.2221729429156751,-0.7377721432331356,0.12206235665374668,0.20281211003797017,0.19778000055849215,-0.6946975674264754,-0.41424965410960846
Honolulu,HNL09,2024-11-30,0.4244791666666667,0.46875,22.375,21.95052083333333,6.923625725,14.75,24,1,Hon_1,21.283978395,-157.81569285,90.57097288676236,0.2708559046587215,0.0,40.805524689940775,6.3106894585076425,19.36000061035156,56,0.7382228533201217,0.9738122208194832,1.587867708187148,1.252775892973612,-0.942548805530288,2.0347950612629577,-0.3057696310357218,-0.2064694228433684,0.3408008101187292,1.1625787598782353,-0.18426109894628914
Honolulu,HNL09,2024-12-01,0.375,0.375,22.072916666666668,21.697916666666668,1.70763501625,5.208333333333333,24,2,Hon_2,21.283978395,-157.81569285,90.57097288676236,0.2708559046587215,0.0,40.805524689940775,6.3106894585076425,19.36000061035156,56,0.7382228533201217,0.9738122208194832,1.587867708187148,1.252775892973612,-0.942548805530288,2.0347950612629577,-0.3057696310357218,-0.2064694228433684,0.3408008101187292,1.1625787598782353,-0.18426109894628914
Honolulu,HNL09,2024-12-07,0.5416666666666666,0.625,23.17708333333333,22.635416666666668,5.9895923458333336,20.25,24,3,Hon_3,21.283978395,-157.81569285,90.57097288676236,0.2708559046587215,0.0,40.805524689940775,6.3106894585076425,19.36000061035156,56,0.7382228533201217,0.9738122208194832,1.587867708187148,1.252775892973612,-0.942548805530288,2.0347950612629577,-0.3057696310357218,-0.2064694228433684,0.3408008101187292,1.1625787598782353,-0.18426109894628914
Honolulu,HNL09,2024-12-16,0.25,0.375,21.791666666666668,21.541666666666668,3.204256679166667,6.958333333333333,24,4,Hon_4,21.283978395,-157.81569285,90.57097288676236,0.2708559046587215,0.0,40.805524689940775,6.3106894585076425,19.36000061035156,56,0.7382228533201217,0.9738122208194832,1.587867708187148,1.252775892973612,-0.942548805530288,2.0347950612629577,-0.3057696310357218,-0.2064694228433684,0.3408008101187292,1.1625787598782353,-0.18426109894628914
Honolulu,HNL09,2024-12-21,0.2604166666666667,0.1875,22.265625,22.00520833333333,3.3775978091666663,5.291666666666667,24,5,Hon_5,21.283978395,-157.81569285,90.57097288676236,0.2708559046587215,0.0,40.805524689940775,6.3106894585076425,19.36000061035156,56,0.7382228533201217,0.9738122208194832,1.587867708187148,1.252775892973612,-0.942548805530288,2.0347950612629577,-0.3057696310357218,-0.2064694228433684,0.3408008101187292,1.1625787598782353,-0.18426109894628914
Honolulu,HNL09,2024-12-26,0.4739583333333333,0.53125,23.557291666666668,23.08333333333333,1.6095112708333332,8.0,24,6,Hon_6,21.283978395,-157.81569285,90.57097288676236,0.2708559046587215,0.0,40.805524689940775,6.3106894585076425,19.36000061035156,56,0.7382228533201217,0.9738122208194832,1.587867708187148,1.252775892973612,-0.942548805530288,2.0347950612629577,-0.3057696310357218,-0.2064694228433684,0.3408008101187292,1.1625787598782353,-0.18426109894628914
Honolulu,HNL09,2025-01-03,0.1119791666666666,0.15625,21.94270833333333,21.830729166666668,3.27522905,7.458333333333333,24,7,Hon_7,21.283978395,-157.81569285,90.57097288676236,0.2708559046587215,0.0,40.805524689940775,6.3106894585076425,19.36000061035156,56,0.7382228533201217,0.9738122208194832,1.587867708187148,1.252775892973612,-0.942548805530288,2.0347950612629577,-0.3057696310357218,-0.2064694228433684,0.3408008101187292,1.1625787598782353,-0.18426109894628914
Honolulu,HNL12,2024-11-30,-0.5182291666666666,-0.5,21.432291666666668,21.95052083333333,6.923625725,14.75,24,1,Hon_1,21.281415362,-157.832955799,13.56791935175142,11.50953018422898,0.0,1.482449588515972,5.570000171661377,5.570000171661377,1,0.0358107946261993,0.9973689882736548,0.3113714390274325,-1.8161125321729295,0.0424925289898093,-1.3724527549413394,-0.3057696310357218,-0.35656405778552774,0.43357448783328817,-0.9335571928814189,-1.335104865429684
Honolulu,HNL12,2024-12-01,-0.3020833333333333,-0.3125,21.39583333333333,21.697916666666668,1.70763501625,5.208333333333333,24,2,Hon_2,21.281415362,-157.832955799,13.56791935175142,11.50953018422898,0.0,1.482449588515972,5.570000171661377,5.570000171661377,1,0.0358107946261993,0.9973689882736548,0.3113714390274325,-1.8161125321729295,0.0424925289898093,-1.3724527549413394,-0.3057696310357218,-0.35656405778552774,0.43357448783328817,-0.9335571928814189,-1.335104865429684
Honolulu,HNL12,2024-12-07,-0.3802083333333333,-0.375,22.25520833333333,22.635416666666668,5.9895923458333336,20.25,24,3,Hon_3,21.281415362,-157.832955799,13.56791935175142,11.50953018422898,0.0,1.482449588515972,5.570000171661377,5.570000171661377,1,0.0358107946261993,0.9973689882736548,0.3113714390274325,-1.8161125321729295,0.0424925289898093,-1.3724527549413394,-0.3057696310357218,-0.35656405778552774,0.43357448783328817,-0.9335571928814189,-1.335104865429684
Honolulu,HNL12,2024-12-16,-0.0989583333333333,0.09375,21.44270833333333,21.541666666666668,3.204256679166667,6.958333333333333,24,4,Hon_4,21.281415362,-157.832955799,13.56791935175142,11.50953018422898,0.0,1.482449588515972,5.570000171661377,5.570000171661377,1,0.0358107946261993,0.9973689882736548,0.3113714390274325,-1.8161125321729295,0.0424925289898093,-1.3724527549413394,-0.3057696310357218,-0.35656405778552774,0.43357448783328817,-0.9335571928814189,-1.335104865429684
Honolulu,HNL12,2024-12-21,-0.2864583333333333,-0.125,21.71875,22.00520833333333,3.3775978091666663,5.291666666666667,24,5,Hon_5,21.281415362,-157.832955799,13.56791935175142,11.50953018422898,0.0,1.482449588515972,5.570000171661377,5.570000171661377,1,0.0358107946261993,0.9973689882736548,0.3113714390274325,-1.8161125321729295,0.0424925289898093,-1.3724527549413394,-0.3057696310357218,-0.35656405778552774,0.43357448783328817,-0.9335571928814189,-1.335104865429684
Honolulu,HNL12,2024-12-26,-0.5260416666666666,-0.5,22.557291666666668,23.08333333333333,1.6095112708333332,8.0,24,6,Hon_6,21.281415362,-157.832955799,13.56791935175142,11.50953018422898,0.0,1.482449588515972,5.570000171661377,5.570000171661377,1,0.0358107946261993,0.9973689882736548,0.3113714390274325,-1.8161125321729295,0.0424925289898093,-1.3724527549413394,-0.3057696310357218,-0.35656405778552774,0.43357448783328817,-0.9335571928814189,-1.335104865429684
Honolulu,HNL12,2025-01-03,-0.4765625,-0.40625,21.354166666666668,21.830729166666668,3.27522905,7.458333333333333,24,7,Hon_7,21.281415362,-157.832955799,13.56791935175142,11.50953018422898,0.0,1.482449588515972,5.570000171661377,5.570000171661377,1,0.0358107946261993,0.9973689882736548,0.3113714390274325,-1.8161125321729295,0.0424925289898093,-1.3724527549413394,-0.3057696310357218,-0.35656405778552774,0.43357448783328817,-0.9335571928814189,-1.335104865429684
Honolulu,HNL14,2024-11-30,-1.1171875,-1.125,20.83333333333333,21.95052083333333,6.923625725,14.75,24,1,Hon_1,21.284504221,-157.827586404,16.172532517214997,11.44514936079319,40.28756336276979,11.837789344922731,4.111529033631097,4.519999980926514,5,0.0791405076626738,0.981744309803401,0.8180940614710849,-1.7123079838008164,0.036849712883822924,-0.47518801458048093,4.278737513804652,-0.6521113229125935,0.37203977651888687,-0.8042527935700027,-0.8782617194961089
Honolulu,HNL14,2024-12-01,-1.1822916666666667,-1.25,20.515625,21.697916666666668,1.70763501625,5.208333333333333,24,2,Hon_2,21.284504221,-157.827586404,16.172532517214997,11.44514936079319,40.28756336276979,11.837789344922731,4.111529033631097,4.519999980926514,5,0.0791405076626738,0.981744309803401,0.8180940614710849,-1.7123079838008164,0.036849712883822924,-0.47518801458048093,4.278737513804652,-0.6521113229125935,0.37203977651888687,-0.8042527935700027,-0.8782617194961089
Honolulu,HNL14,2024-12-07,-0.9322916666666666,-0.9375,21.703125,22.635416666666668,5.9895923458333336,20.25,24,3,Hon_3,21.284504221,-157.827586404,16.172532517214997,11.44514936079319,40.28756336276979,11.837789344922731,4.111529033631097,4.519999980926514,5,0.0791405076626738,0.981744309803401,0.8180940614710849,-1.7123079838008164,0.036849712883822924,-0.47518801458048093,4.278737513804652,-0.6521113229125935,0.37203977651888687,-0.8042527935700027,-0.8782617194961089
Honolulu,HNL14,2024-12-16,-0.9010416666666666,-0.875,20.640625,21.541666666666668,3.204256679166667,6.958333333333333,24,4,Hon_4,21.284504221,-157.827586404,16.172532517214997,11.44514936079319,40.28756336276979,11.837789344922731,4.111529033631097,4.519999980926514,5,0.0791405076626738,0.981744309803401,0.8180940614710849,-1.7123079838008164,0.036849712883822924,-0.47518801458048093,4.278737513804652,-0.6521113229125935,0.37203977651888687,-0.8042527935700027,-0.8782617194961089
Honolulu,HNL14,2024-12-21,-1.15625,-1.0625,20.84895833333333,22.00520833333333,3.3775978091666663,5.291666666666667,24,5,Hon_5,21.284504221,-157.827586404,16.172532517214997,11.44514936079319,40.28756336276979,11.837789344922731,4.111529033631097,4.519999980926514,5,0.0791405076626738,0.981744309803401,0.8180940614710849,-1.7123079838008164,0.036849712883822924,-0.47518801458048093,4.278737513804652,-0.6521113229125935,0.37203977651888687,-0.8042527935700027,-0.8782617194961089
Honolulu,HNL14,2024-12-26,-0.8072916666666666,-0.75,22.276041666666668,23.08333333333333,1.6095112708333332,8.0,24,6,Hon_6,21.284504221,-157.827586404,16.172532517214997,11.44514936079319,40.28756336276979,11.837789344922731,4.111529033631097,4.519999980926514,5,0.0791405076626738,0.981744309803401,0.8180940614710849,-1.7123079838008164,0.036849712883822924,-0.47518801458048093,4.278737513804652,-0.6521113229125935,0.37203977651888687,-0.8042527935700027,-0.8782617194961089
Honolulu,HNL14,2025-01-03,-1.0338541666666667,-1.03125,20.796875,21.830729166666668,3.27522905,7.458333333333333,24,7,Hon_7,21.284504221,-157.827586404,16.172532517214997,11.44514936079319,40.28756336276979,11.837789344922731,4.111529033631097,4.519999980926514,5,0.0791405076626738,0.981744309803401,0.8180940614710849,-1.7123079838008164,0.036849712883822924,-0.47518801458048093,4.278737513804652,-0.6521113229125935,0.37203977651888687,-0.8042527935700027,-0.8782617194961089
Honolulu,HNL17,2024-11-30,-0.0442708333333333,-0.125,21.90625,21.95052083333333,6.923625725,14.75,24,1,Hon_1,21.263002712,-157.817143746,55.31534978636567,39.84317725432697,0.0,17.773329693588245,5.141240055773835,7.159999847412109,19,0.2187653748793403,0.9903635433942526,0.54684879819983,-0.15230570687415512,2.525864929281312,0.03911196930481521,-0.3057696310357218,-0.44344879368593465,0.4059849262878361,-0.38758468480155644,-1.122806829392402
Honolulu,HNL17,2024-12-01,0.1614583333333333,0.25,21.859375,21.697916666666668,1.70763501625,5.208333333333333,24,2,Hon_2,21.263002712,-157.817143746,55.31534978636567,39.84317725432697,0.0,17.773329693588245,5.141240055773835,7.159999847412109,19,0.2187653748793403,0.9903635433942526,0.54684879819983,-0.15230570687415512,2.525864929281312,0.03911196930481521,-0.3057696310357218,-0.44344879368593465,0.4059849262878361,-0.38758468480155644,-1.122806829392402
Honolulu,HNL17,2024-12-07,-0.0572916666666666,0.0,22.578125,22.635416666666668,5.9895923458333336,20.25,24,3,Hon_3,21.263002712,-157.817143746,55.31534978636567,39.84317725432697,0.0,17.773329693588245,5.141240055773835,7.159999847412109,19,0.2187653748793403,0.9903635433942526,0.54684879819983,-0.15230570687415512,2.525864929281312,0.03911196930481521,-0.3057696310357218,-0.44344879368593465,0.4059849262878361,-0.38758468480155644,-1.122806829392402
Honolulu,HNL17,2024-12-16,-0.1197916666666666,-0.03125,21.421875,21.541666666666668,3.204256679166667,6.958333333333333,24,4,Hon_4,21.263002712,-157.817143746,55.31534978636567,39.84317725432697,0.0,17.773329693588245,5.141240055773835,7.159999847412109,19,0.2187653748793403,0.9903635433942526,0.54684879819983,-0.15230570687415512,2.525864929281312,0.03911196930481521,-0.3057696310357218,-0.44344879368593465,0.4059849262878361,-0.38758468480155644,-1.122806829392402
Honolulu,HNL17,2024-12-21,0.0208333333333333,0.0,22.026041666666668,22.00520833333333,3.3775978091666663,5.291666666666667,24,5,Hon_5,21.263002712,-157.817143746,55.31534978636567,39.84317725432697,0.0,17.773329693588245,5.141240055773835,7.159999847412109,19,0.2187653748793403,0.9903635433942526,0.54684879819983,-0.15230570687415512,2.525864929281312,0.03911196930481521,-0.3057696310357218,-0.44344879368593465,0.4059849262878361,-0.38758468480155644,-1.122806829392402
Honolulu,HNL17,2024-12-26,0.0625,0.03125,23.14583333333333,23.08333333333333,1.6095112708333332,8.0,24,6,Hon_6,21.263002712,-157.817143746,55.31534978636567,39.84317725432697,0.0,17.773329693588245,5.141240055773835,7.159999847412109,19,0.2187653748793403,0.9903635433942526,0.54684879819983,-0.15230570687415512,2.525864929281312,0.03911196930481521,-0.3057696310357218,-0.44344879368593465,0.4059849262878361,-0.38758468480155644,-1.122806829392402
Honolulu,HNL17,2025-01-03,0.1171875,0.15625,21.947916666666668,21.830729166666668,3.27522905,7.458333333333333,24,7,Hon_7,21.263002712,-157.817143746,55.31534978636567,39.84317725432697,0.0,17.773329693588245,5.141240055773835,7.159999847412109,19,0.2187653748793403,0.9903635433942526,0.54684879819983,-0.15230570687415512,2.525864929281312,0.03911196930481521,-0.3057696310357218,-0.44344879368593465,0.4059849262878361,-0.38758468480155644,-1.122806829392402
Honolulu,HNL18,2024-11-30,-0.2630208333333333,-0.25,21.6875,21.95052083333333,6.923625725,14.75,24,1,Hon_1,21.303836,-157.841841,92.37590914890902,8.59200713875964,0.0,23.55033063088596,7.813103681141392,29.81999969482422,48,0.5938174033013531,0.942328100361006,1.7283686144436758,1.324710027384407,-0.21322097624331393,0.539674902825358,-0.3057696310357218,0.09798254950563293,0.216806817724673,0.7316444502913361,-0.05759046460355635
Honolulu,HNL18,2024-12-01,0.0833333333333333,0.0625,21.78125,21.697916666666668,1.70763501625,5.208333333333333,24,2,Hon_2,21.303836,-157.841841,92.37590914890902,8.59200713875964,0.0,23.55033063088596,7.813103681141392,29.81999969482422,48,0.5938174033013531,0.942328100361006,1.7283686144436758,1.324710027384407,-0.21322097624331393,0.539674902825358,-0.3057696310357218,0.09798254950563293,0.216806817724673,0.7316444502913361,-0.05759046460355635
Honolulu,HNL18,2024-12-07,-0.0989583333333333,-0.125,22.53645833333333,22.635416666666668,5.9895923458333336,20.25,24,3,Hon_3,21.303836,-157.841841,92.37590914890902,8.59200713875964,0.0,23.55033063088596,7.813103681141392,29.81999969482422,48,0.5938174033013531,0.942328100361006,1.7283686144436758,1.324710027384407,-0.21322097624331393,0.539674902825358,-0.3057696310357218,0.09798254950563293,0.216806817724673,0.7316444502913361,-0.05759046460355635
Honolulu,HNL18,2024-12-16,0.2135416666666666,0.25,21.75520833333333,21.541666666666668,3.204256679166667,6.958333333333333,24,4,Hon_4,21.303836,-157.841841,92.37590914890902,8.59200713875964,0.0,23.55033063088596,7.813103681141392,29.81999969482422,48,0.5938174033013531,0.942328100361006,1.7283686144436758,1.324710027384407,-0.21322097624331393,0.539674902825358,-0.3057696310357218,0.09798254950563293,0.216806817724673,0.7316444502913361,-0.05759046460355635
Honolulu,HNL18,2024-12-21,0.203125,0.21875,22.20833333333333,22.00520833333333,3.3775978091666663,5.291666666666667,24,5,Hon_5,21.303836,-157.841841,92.37590914890902,8.59200713875964,0.0,23.55033063088596,7.813103681141392,29.81999969482422,48,0.5938174033013531,0.942328100361006,1.7283686144436758,1.324710027384407,-0.21322097624331393,0.539674902825358,-0.3057696310357218,0.09798254950563293,0.216806817724673,0.7316444502913361,-0.05759046460355635
Honolulu,HNL18,2024-12-26,0.0677083333333333,-0.09375,23.151041666666668,23.08333333333333,1.6095112708333332,8.0,24,6,Hon_6,21.303836,-157.841841,92.37590914890902,8.59200713875964,0.0,23.55033063088596,7.813103681141392,29.81999969482422,48,0.5938174033013531,0.942328100361006,1.7283686144436758,1.324710027384407,-0.21322097624331393,0.539674902825358,-0.3057696310357218,0.09798254950563293,0.216806817724673,0.7316444502913361,-0.05759046460355635
Honolulu,HNL18,2025-01-03,0.4869791666666667,0.40625,22.31770833333333,21.830729166666668,3.27522905,7.458333333333333,24,7,Hon_7,21.303836,-157.841841,92.37590914890902,8.59200713875964,0.0,23.55033063088596,7.813103681141392,29.81999969482422,48,0.5938174033013531,0.942328100361006,1.7283686144436758,1.324710027384407,-0.21322097624331393,0.539674902825358,-0.3057696310357218,0.09798254950563293,0.216806817724673,0.7316444502913361,-0.05759046460355635
Honolulu,HNL20,2024-11-30,-0.1796875,-0.1875,21.77083333333333,21.95052083333333,6.923625725,14.75,24,1,Hon_1,21.295581247,-157.8129178,37.77983289750622,52.25656237042707,0.0,10.716383801294658,13.785903404952125,32.18000030517578,7,0.3061786026462161,0.9784793741280748,2.67234598521144,-0.8511681849019211,3.6138666932351575,-0.5723550489426461,-0.3057696310357218,1.308321635068879,0.3591814719704912,-0.12672639343107792,0.7934660555730325
Honolulu,HNL20,2024-12-01,-0.625,-0.625,21.072916666666668,21.697916666666668,1.70763501625,5.208333333333333,24,2,Hon_2,21.295581247,-157.8129178,37.77983289750622,52.25656237042707,0.0,10.716383801294658,13.785903404952125,32.18000030517578,7,0.3061786026462161,0.9784793741280748,2.67234598521144,-0.8511681849019211,3.6138666932351575,-0.5723550489426461,-0.3057696310357218,1.308321635068879,0.3591814719704912,-0.12672639343107792,0.7934660555730325
Honolulu,HNL20,2024-12-07,-1.03125,-1.0,21.604166666666668,22.635416666666668,5.9895923458333336,20.25,24,3,Hon_3,21.295581247,-157.8129178,37.77983289750622,52.25656237042707,0.0,10.716383801294658,13.785903404952125,32.18000030517578,7,0.3061786026462161,0.9784793741280748,2.67234598521144,-0.8511681849019211,3.6138666932351575,-0.5723550489426461,-0.3057696310357218,1.308321635068879,0.3591814719704912,-0.12672639343107792,0.7934660555730325
Honolulu,HNL20,2024-12-16,-0.7447916666666666,-0.71875,20.796875,21.541666666666668,3.204256679166667,6.958333333333333,24,4,Hon_4,21.295581247,-157.8129178,37.77983289750622,52.25656237042707,0.0,10.716383801294658,13.785903404952125,32.18000030517578,7,0.3061786026462161,0.9784793741280748,2.67234598521144,-0.8511681849019211,3.6138666932351575,-0.5723550489426461,-0.3057696310357218,1.308321635068879,0.3591814719704912,-0.12672639343107792,0.7934660555730325
Honolulu,HNL20,2024-12-21,-0.9114583333333334,-0.90625,21.09375,22.00520833333333,3.3775978091666663,5.291666666666667,24,5,Hon_5,21.295581247,-157.8129178,37.77983289750622,52.25656237042707,0.0,10.716383801294658,13.785903404952125,32.18000030517578,7,0.3061786026462161,0.9784793741280748,2.67234598521144,-0.8511681849019211,3.6138666932351575,-0.5723550489426461,-0.3057696310357218,1.308321635068879,0.3591814719704912,-0.12672639343107792,0.7934660555730325
Honolulu,HNL20,2024-12-26,-0.7864583333333334,-0.71875,22.296875,23.08333333333333,1.6095112708333332,8.0,24,6,Hon_6,21.295581247,-157.8129178,37.77983289750622,52.25656237042707,0.0,10.716383801294658,13.785903404952125,32.18000030517578,7,0.3061786026462161,0.9784793741280748,2.67234598521144,-0.8511681849019211,3.6138666932351575,-0.5723550489426461,-0.3057696310357218,1.308321635068879,0.3591814719704912,-0.12672639343107792,0.7934660555730325
Honolulu,HNL20,2025-01-03,-0.6536458333333334,-0.59375,21.17708333333333,21.830729166666668,3.27522905,7.458333333333333,24,7,Hon_7,21.295581247,-157.8129178,37.77983289750622,52.25656237042707,0.0,10.716383801294658,13.785903404952125,32.18000030517578,7,0.3061786026462161,0.9784793741280748,2.67234598521144,-0.8511681849019211,3.6138666932351575,-0.5723550489426461,-0.3057696310357218,1.308321635068879,0.3591814719704912,-0.12672639343107792,0.7934660555730325
Honolulu,HNL21,2024-11-30,0.8359375,0.5,22.78645833333333,21.95052083333333,6.923625725,14.75,24,1,Hon_1,21.281589967,-157.829816609,74.0764351512447,8.861526683466778,0.0,26.73665888494444,9.660907645827436,27.32999992370605,15,0.4374796916824175,0.013843974245485,0.4590624318252035,0.5954007161352325,-0.1895982708073024,0.8157624152426521,-0.3057696310357218,0.47242493236379235,-3.4398445987696955,0.2651019215284295,-1.2019519040513127
Honolulu,HNL21,2024-12-01,1.0052083333333333,1.125,22.703125,21.697916666666668,1.70763501625,5.208333333333333,24,2,Hon_2,21.281589967,-157.829816609,74.0764351512447,8.861526683466778,0.0,26.73665888494444,9.660907645827436,27.32999992370605,15,0.4374796916824175,0.013843974245485,0.4590624318252035,0.5954007161352325,-0.1895982708073024,0.8157624152426521,-0.3057696310357218,0.47242493236379235,-3.4398445987696955,0.2651019215284295,-1.2019519040513127
Honolulu,HNL21,2024-12-07,0.9947916666666666,1.0,23.63020833333333,22.635416666666668,5.9895923458333336,20.25,24,3,Hon_3,21.281589967,-157.829816609,74.0764351512447,8.861526683466778,0.0,26.73665888494444,9.660907645827436,27.32999992370605,15,0.4374796916824175,0.013843974245485,0.4590624318252035,0.5954007161352325,-0.1895982708073024,0.8157624152426521,-0.3057696310357218,0.47242493236379235,-3.4398445987696955,0.2651019215284295,-1.2019519040513127
Honolulu,HNL21,2024-12-16,1.15625,1.1875,22.697916666666668,21.541666666666668,3.204256679166667,6.958333333333333,24,4,Hon_4,21.281589967,-157.829816609,74.0764351512447,8.861526683466778,0.0,26.73665888494444,9.660907645827436,27.32999992370605,15,0.4374796916824175,0.013843974245485,0.4590624318252035,0.5954007161352325,-0.1895982708073024,0.8157624152426521,-0.3057696310357218,0.47242493236379235,-3.4398445987696955,0.2651019215284295,-1.2019519040513127
Honolulu,HNL21,2024-12-21,1.0989583333333333,1.15625,23.104166666666668,22.00520833333333,3.3775978091666663,5.291666666666667,24,5,Hon_5,21.281589967,-157.829816609,74.0764351512447,8.861526683466778,0.0,26.73665888494444,9.660907645827436,27.32999992370605,15,0.4374796916824175,0.013843974245485,0.4590624318252035,0.5954007161352325,-0.1895982708073024,0.8157624152426521,-0.3057696310357218,0.47242493236379235,-3.4398445987696955,0.2651019215284295,-1.2019519040513127
Honolulu,HNL21,2024-12-26,0.609375,0.40625,23.69270833333333,23.08333333333333,1.6095112708333332,8.0,24,6,Hon_6,21.281589967,-157.829816609,74.0764351512447,8.861526683466778,0.0,26.73665888494444,9.660907645827436,27.32999992370605,15,0.4374796916824175,0.013843974245485,0.4590624318252035,0.5954007161352325,-0.1895982708073024,0.8157624152426521,-0.3057696310357218,0.47242493236379235,-3.4398445987696955,0.2651019215284295,-1.2019519040513127
Honolulu,HNL21,2025-01-03,1.0598958333333333,1.1875,22.890625,21.830729166666668,3.27522905,7.458333333333333,24,7,Hon_7,21.281589967,-157.829816609,74.0764351512447,8.861526683466778,0.0,26.73665888494444,9.660907645827436,27.32999992370605,15,0.4374796916824175,0.013843974245485,0.4590624318252035,0.5954007161352325,-0.1895982708073024,0.8157624152426521,-0.3057696310357218,0.47242493236379235,-3.4398445987696955,0.2651019215284295,-1.2019519040513127
Honolulu,HNL22,2024-11-30,0.4140625,0.375,22.36458333333333,21.95052083333333,6.923625725,14.75,24,1,Hon_1,21.273844414,-157.818926801,52.92974350804524,5.220883534136546,0.0,26.78921265725468,11.916112576561494,35.54999923706055,18,0.591728126137047,0.8523299234081465,0.7269279876977373,-0.24738192993803376,-0.508691421575689,0.8203160704559209,-0.3057696310357218,0.9294237938425903,-0.13763323351605145,0.7254096356619786,-0.9604538184874261
Honolulu,HNL22,2024-12-01,0.1979166666666666,0.25,21.89583333333333,21.697916666666668,1.70763501625,5.208333333333333,24,2,Hon_2,21.273844414,-157.818926801,52.92974350804524,5.220883534136546,0.0,26.78921265725468,11.916112576561494,35.54999923706055,18,0.591728126137047,0.8523299234081465,0.7269279876977373,-0.24738192993803376,-0.508691421575689,0.8203160704559209,-0.3057696310357218,0.9294237938425903,-0.13763323351605145,0.7254096356619786,-0.9604538184874261
Honolulu,HNL22,2024-12-07,0.109375,0.125,22.744791666666668,22.635416666666668,5.9895923458333336,20.25,24,3,Hon_3,21.273844414,-157.818926801,52.92974350804524,5.220883534136546,0.0,26.78921265725468,11.916112576561494,35.54999923706055,18,0.591728126137047,0.8523299234081465,0.7269279876977373,-0.24738192993803376,-0.508691421575689,0.8203160704559209,-0.3057696310357218,0.9294237938425903,-0.13763323351605145,0.7254096356619786,-0.9604538184874261
Honolulu,HNL22,2024-12-16,-0.0833333333333333,-0.125,21.45833333333333,21.541666666666668,3.204256679166667,6.958333333333333,24,4,Hon_4,21.273844414,-157.818926801,52.92974350804524,5.220883534136546,0.0,26.78921265725468,11.916112576561494,35.54999923706055,18,0.591728126137047,0.8523299234081465,0.7269279876977373,-0.24738192993803376,-0.508691421575689,0.8203160704559209,-0.3057696310357218,0.9294237938425903,-0.13763323351605145,0.7254096356619786,-0.9604538184874261
Honolulu,HNL22,2024-12-21,0.0104166666666666,-0.09375,22.015625,22.00520833333333,3.3775978091666663,5.291666666666667,24,5,Hon_5,21.273844414,-157.818926801,52.92974350804524,5.220883534136546,0.0,26.78921265725468,11.916112576561494,35.54999923706055,18,0.591728126137047,0.8523299234081465,0.7269279876977373,-0.24738192993803376,-0.508691421575689,0.8203160704559209,-0.3057696310357218,0.9294237938425903,-0.13763323351605145,0.7254096356619786,-0.9604538184874261
Honolulu,HNL22,2024-12-26,0.171875,0.09375,23.25520833333333,23.08333333333333,1.6095112708333332,8.0,24,6,Hon_6,21.273844414,-157.818926801,52.92974350804524,5.220883534136546,0.0,26.78921265725468,11.916112576561494,35.54999923706055,18,0.591728126137047,0.8523299234081465,0.7269279876977373,-0.24738192993803376,-0.508691421575689,0.8203160704559209,-0.3057696310357218,0.9294237938425903,-0.13763323351605145,0.7254096356619786,-0.9604538184874261
Honolulu,HNL22,2025-01-03,-0.0859375,-0.09375,21.744791666666668,21.830729166666668,3.27522905,7.458333333333333,24,7,Hon_7,21.273844414,-157.818926801,52.92974350804524,5.220883534136546,0.0,26.78921265725468,11.916112576561494,35.54999923706055,18,0.591728126137047,0.8523299234081465,0.7269279876977373,-0.24738192993803376,-0.508691421575689,0.8203160704559209,-0.3057696310357218,0.9294237938425903,-0.13763323351605145,0.7254096356619786,-0.9604538184874261
Honolulu,HNL26,2024-11-30,0.4609375,0.375,22.41145833333333,21.95052083333333,6.923625725,14.75,24,1,Hon_1,21.292615219,-157.855026541,28.63341948246705,21.780441922010013,20.469980550330007,0.1782848884208227,3.9800000190734863,3.9800000190734863,1,0.0234635125679061,0.9995207675967877,0.1567183615474301,-1.2156903820412395,0.9427119279373533,-1.4854554210580828,2.0236036110912634,-0.6787646035458047,0.44204884586333376,-0.9704039148602205,-1.4745345954534896
Honolulu,HNL26,2024-12-01,1.0208333333333333,1.0,22.71875,21.697916666666668,1.70763501625,5.208333333333333,24,2,Hon_2,21.292615219,-157.855026541,28.63341948246705,21.780441922010013,20.469980550330007,0.1782848884208227,3.9800000190734863,3.9800000190734863,1,0.0234635125679061,0.9995207675967877,0.1567183615474301,-1.2156903820412395,0.9427119279373533,-1.4854554210580828,2.0236036110912634,-0.6787646035458047,0.44204884586333376,-0.9704039148602205,-1.4745345954534896
Honolulu,HNL26,2024-12-07,0.9322916666666666,1.0,23.56770833333333,22.635416666666668,5.9895923458333336,20.25,24,3,Hon_3,21.292615219,-157.855026541,28.63341948246705,21.780441922010013,20.469980550330007,0.1782848884208227,3.9800000190734863,3.9800000190734863,1,0.0234635125679061,0.9995207675967877,0.1567183615474301,-1.2156903820412395,0.9427119279373533,-1.4854554210580828,2.0236036110912634,-0.6787646035458047,0.44204884586333376,-0.9704039148602205,-1.4745345954534896
Honolulu,HNL26,2024-12-16,1.1510416666666667,1.25,22.69270833333333,21.541666666666668,3.204256679166667,6.958333333333333,24,4,Hon_4,21.292615219,-157.855026541,28.63341948246705,21.780441922010013,20.469980550330007,0.1782848884208227,3.9800000190734863,3.9800000190734863,1,0.0234635125679061,0.9995207675967877,0.1567183615474301,-1.2156903820412395,0.9427119279373533,-1.4854554210580828,2.0236036110912634,-0.6787646035458047,0.44204884586333376,-0.9704039148602205,-1.4745345954534896
Honolulu,HNL26,2024-12-21,1.25,1.375,23.25520833333333,22.00520833333333,3.3775978091666663,5.291666666666667,24,5,Hon_5,21.292615219,-157.855026541,28.63341948246705,21.780441922010013,20.469980550330007,0.1782848884208227,3.9800000190734863,3.9800000190734863,1,0.0234635125679061,0.9995207675967877,0.1567183615474301,-1.2156903820412395,0.9427119279373533,-1.4854554210580828,2.0236036110912634,-0.6787646035458047,0.44204884586333376,-0.9704039148602205,-1.4745345954534896
Honolulu,HNL26,2024-12-26,0.796875,0.59375,23.88020833333333,23.08333333333333,1.6095112708333332,8.0,24,6,Hon_6,21.292615219,-157.855026541,28.63341948246705,21.780441922010013,20.469980550330007,0.1782848884208227,3.9800000190734863,3.9800000190734863,1,0.0234635125679061,0.9995207675967877,0.1567183615474301,-1.2156903820412395,0.9427119279373533,-1.4854554210580828,2.0236036110912634,-0.6787646035458047,0.44204884586333376,-0.9704039148602205,-1.4745345954534896
Honolulu,HNL26,2025-01-03,1.2630208333333333,1.46875,23.09375,21.830729166666668,3.27522905,7.458333333333333,24,7,Hon_7,21.292615219,-157.855026541,28.63341948246705,21.780441922010013,20.469980550330007,0.1782848884208227,3.9800000190734863,3.9800000190734863,1,0.0234635125679061,0.9995207675967877,0.1567183615474301,-1.2156903820412395,0.9427119279373533,-1.4854554210580828,2.0236036110912634,-0.6787646035458047,0.44204884586333376,-0.9704039148602205,-1.4745345954534896
Honolulu,HNL30,2024-11-30,-0.9296875,-0.875,21.02083333333333,21.95052083333333,6.923625725,14.75,24,1,Hon_1,21.309360017,-157.850490472,55.43291010017227,23.931760204081638,0.0,21.381679161762484,6.831700625455576,20.489999771118164,34,0.4183942143412449,0.9662078155288708,1.797707741408789,-0.1476204448003124,1.1312695263545882,0.3517665827557644,-0.3057696310357218,-0.10089076483846388,0.3108523612487964,0.2081470974543681,0.0049232332184752136
Honolulu,HNL30,2024-12-01,-0.6510416666666666,-0.75,21.046875,21.697916666666668,1.70763501625,5.208333333333333,24,2,Hon_2,21.309360017,-157.850490472,55.43291010017227,23.931760204081638,0.0,21.381679161762484,6.831700625455576,20.489999771118164,34,0.4183942143412449,0.9662078155288708,1.797707741408789,-0.1476204448003124,1.1312695263545882,0.3517665827557644,-0.3057696310357218,-0.10089076483846388,0.3108523612487964,0.2081470974543681,0.0049232332184752136
Honolulu,HNL30,2024-12-07,-0.7239583333333334,-0.625,21.91145833333333,22.635416666666668,5.9895923458333336,20.25,24,3,Hon_3,21.309360017,-157.850490472,55.43291010017227,23.931760204081638,0.0,21.381679161762484,6.831700625455576,20.489999771118164,34,0.4183942143412449,0.9662078155288708,1.797707741408789,-0.1476204448003124,1.1312695263545882,0.3517665827557644,-0.3057696310357218,-0.10089076483846388,0.3108523612487964,0.2081470974543681,0.0049232332184752136
Honolulu,HNL30,2024-12-16,-0.484375,-0.375,21.057291666666668,21.541666666666668,3.204256679166667,6.958333333333333,24,4,Hon_4,21.309360017,-157.850490472,55.43291010017227,23.931760204081638,0.0,21.381679161762484,6.831700625455576,20.489999771118164,34,0.4183942143412449,0.9662078155288708,1.797707741408789,-0.1476204448003124,1.1312695263545882,0.3517665827557644,-0.3057696310357218,-0.10089076483846388,0.3108523612487964,0.2081470974543681,0.0049232332184752136
Honolulu,HNL30,2024-12-21,-0.796875,-0.78125,21.20833333333333,22.00520833333333,3.3775978091666663,5.291666666666667,24,5,Hon_5,21.309360017,-157.850490472,55.43291010017227,23.931760204081638,0.0,21.381679161762484,6.831700625455576,20.489999771118164,34,0.4183942143412449,0.9662078155288708,1.797707741408789,-0.1476204448003124,1.1312695263545882,0.3517665827557644,-0.3057696310357218,-0.10089076483846388,0.3108523612487964,0.2081470974543681,0.0049232332184752136
Honolulu,HNL30,2024-12-26,-0.5208333333333334,-0.53125,22.5625,23.08333333333333,1.6095112708333332,8.0,24,6,Hon_6,21.309360017,-157.850490472,55.43291010017227,23.931760204081638,0.0,21.381679161762484,6.831700625455576,20.489999771118164,34,0.4183942143412449,0.9662078155288708,1.797707741408789,-0.1476204448003124,1.1312695263545882,0.3517665827557644,-0.3057696310357218,-0.10089076483846388,0.3108523612487964,0.2081470974543681,0.0049232332184752136
Honolulu,HNL30,2025-01-03,-0.3515625,-0.375,21.479166666666668,21.830729166666668,3.27522905,7.458333333333333,24,7,Hon_7,21.309360017,-157.850490472,55.43291010017227,23.931760204081638,0.0,21.381679161762484,6.831700625455576,20.489999771118164,34,0.4183942143412449,0.9662078155288708,1.797707741408789,-0.1476204448003124,1.1312695263545882,0.3517665827557644,-0.3057696310357218,-0.10089076483846388,0.3108523612487964,0.2081470974543681,0.0049232332184752136
Honolulu,HNL31,2024-11-30,-0.0963541666666666,0.0,21.854166666666668,21.95052083333333,6.923625725,14.75,24,1,Hon_1,21.273462023,-157.812278011,79.93048691049393,0.9662606033548058,0.0,33.4040633631136,4.084907631189428,5.989999771118164,76,0.4764441250911521,0.9791156360403536,1.3705720034486109,0.8287087586013715,-0.8815983450582429,1.3934766273025705,-0.3057696310357218,-0.657505932706592,0.3616872638923511,0.381379466505128,-0.3801672001420087
Honolulu,HNL31,2024-12-01,-0.2916666666666667,-0.25,21.40625,21.697916666666668,1.70763501625,5.208333333333333,24,2,Hon_2,21.273462023,-157.812278011,79.93048691049393,0.9662606033548058,0.0,33.4040633631136,4.084907631189428,5.989999771118164,76,0.4764441250911521,0.9791156360403536,1.3705720034486109,0.8287087586013715,-0.8815983450582429,1.3934766273025705,-0.3057696310357218,-0.657505932706592,0.3616872638923511,0.381379466505128,-0.3801672001420087
Honolulu,HNL31,2024-12-07,0.0520833333333333,0.0625,22.6875,22.635416666666668,5.9895923458333336,20.25,24,3,Hon_3,21.273462023,-157.812278011,79.93048691049393,0.9662606033548058,0.0,33.4040633631136,4.084907631189428,5.989999771118164,76,0.4764441250911521,0.9791156360403536,1.3705720034486109,0.8287087586013715,-0.8815983450582429,1.3934766273025705,-0.3057696310357218,-0.657505932706592,0.3616872638923511,0.381379466505128,-0.3801672001420087
Honolulu,HNL31,2024-12-16,-0.21875,-0.15625,21.322916666666668,21.541666666666668,3.204256679166667,6.958333333333333,24,4,Hon_4,21.273462023,-157.812278011,79.93048691049393,0.9662606033548058,0.0,33.4040633631136,4.084907631189428,5.989999771118164,76,0.4764441250911521,0.9791156360403536,1.3705720034486109,0.8287087586013715,-0.8815983450582429,1.3934766273025705,-0.3057696310357218,-0.657505932706592,0.3616872638923511,0.381379466505128,-0.3801672001420087
Honolulu,HNL31,2024-12-21,-0.375,-0.375,21.63020833333333,22.00520833333333,3.3775978091666663,5.291666666666667,24,5,Hon_5,21.273462023,-157.812278011,79.93048691049393,0.9662606033548058,0.0,33.4040633631136,4.084907631189428,5.989999771118164,76,0.4764441250911521,0.9791156360403536,1.3705720034486109,0.8287087586013715,-0.8815983450582429,1.3934766273025705,-0.3057696310357218,-0.657505932706592,0.3616872638923511,0.381379466505128,-0.3801672001420087
Honolulu,HNL31,2024-12-26,0.0416666666666666,0.25,23.125,23.08333333333333,1.6095112708333332,8.0,24,6,Hon_6,21.273462023,-157.812278011,79.93048691049393,0.9662606033548058,0.0,33.4040633631136,4.084907631189428,5.989999771118164,76,0.4764441250911521,0.9791156360403536,1.3705720034486109,0.8287087586013715,-0.8815983450582429,1.3934766273025705,-0.3057696310357218,-0.657505932706592,0.3616872638923511,0.381379466505128,-0.3801672001420087
Honolulu,HNL31,2025-01-03,-0.3567708333333333,-0.375,21.47395833333333,21.830729166666668,3.27522905,7.458333333333333,24,7,Hon_7,21.273462023,-157.812278011,79.93048691049393,0.9662606033548058,0.0,33.4040633631136,4.084907631189428,5.989999771118164,76,0.4764441250911521,0.9791156360403536,1.3705720034486109,0.8287087586013715,-0.8815983450582429,1.3934766273025705,-0.3057696310357218,-0.657505932706592,0.3616872638923511,0.381379466505128,-0.3801672001420087
Honolulu,HNL32,2024-11-30,-0.1744791666666666,-0.125,21.776041666666668,21.95052083333333,6.923625725,14.75,24,1,Hon_1,21.297909011,-157.844893264,76.63530537394355,9.190051020408164,0.0,21.81299199634585,4.88910871523448,9.649999618530272,54,0.3806352983006547,0.9881062531539206,1.0394878876315672,0.6973822200806858,-0.1608039447833394,0.38913877986762785,-0.3057696310357218,-0.4945411507481834,0.3970950343418302,0.09546705378159394,-0.6786608973625503
Honolulu,HNL32,2024-12-01,-0.0625,-0.0625,21.635416666666668,21.697916666666668,1.70763501625,5.208333333333333,24,2,Hon_2,21.297909011,-157.844893264,76.63530537394355,9.190051020408164,0.0,21.81299199634585,4.88910871523448,9.649999618530272,54,0.3806352983006547,0.9881062531539206,1.0394878876315672,0.6973822200806858,-0.1608039447833394,0.38913877986762785,-0.3057696310357218,-0.4945411507481834,0.3970950343418302,0.09546705378159394,-0.6786608973625503
Honolulu,HNL32,2024-12-07,0.0677083333333333,-0.125,22.703125,22.635416666666668,5.9895923458333336,20.25,24,3,Hon_3,21.297909011,-157.844893264,76.63530537394355,9.190051020408164,0.0,21.81299199634585,4.88910871523448,9.649999618530272,54,0.3806352983006547,0.9881062531539206,1.0394878876315672,0.6973822200806858,-0.1608039447833394,0.38913877986762785,-0.3057696310357218,-0.4945411507481834,0.3970950343418302,0.09546705378159394,-0.6786608973625503
Honolulu,HNL32,2024-12-16,0.0052083333333333,0.0,21.546875,21.541666666666668,3.204256679166667,6.958333333333333,24,4,Hon_4,21.297909011,-157.844893264,76.63530537394355,9.190051020408164,0.0,21.81299199634585,4.88910871523448,9.649999618530272,54,0.3806352983006547,0.9881062531539206,1.0394878876315672,0.6973822200806858,-0.1608039447833394,0.38913877986762785,-0.3057696310357218,-0.4945411507481834,0.3970950343418302,0.09546705378159394,-0.6786608973625503
Honolulu,HNL32,2024-12-21,-0.0208333333333333,0.0,21.984375,22.00520833333333,3.3775978091666663,5.291666666666667,24,5,Hon_5,21.297909011,-157.844893264,76.63530537394355,9.190051020408164,0.0,21.81299199634585,4.88910871523448,9.649999618530272,54,0.3806352983006547,0.9881062531539206,1.0394878876315672,0.6973822200806858,-0.1608039447833394,0.38913877986762785,-0.3057696310357218,-0.4945411507481834,0.3970950343418302,0.09546705378159394,-0.6786608973625503
Honolulu,HNL32,2024-12-26,-0.0052083333333333,0.0,23.078125,23.08333333333333,1.6095112708333332,8.0,24,6,Hon_6,21.297909011,-157.844893264,76.63530537394355,9.190051020408164,0.0,21.81299199634585,4.88910871523448,9.649999618530272,54,0.3806352983006547,0.9881062531539206,1.0394878876315672,0.6973822200806858,-0.1608039447833394,0.38913877986762785,-0.3057696310357218,-0.4945411507481834,0.3970950343418302,0.09546705378159394,-0.6786608973625503
Honolulu,HNL32,2025-01-03,0.1588541666666666,0.09375,21.98958333333333,21.830729166666668,3.27522905,7.458333333333333,24,7,Hon_7,21.297909011,-157.844893264,76.63530537394355,9.190051020408164,0.0,21.81299199634585,4.88910871523448,9.649999618530272,54,0.3806352983006547,0.9881062531539206,1.0394878876315672,0.6973822200806858,-0.1608039447833394,0.38913877986762785,-0.3057696310357218,-0.4945411507481834,0.3970950343418302,0.09546705378159394,-0.6786608973625503
Honolulu,HNL33,2024-11-30,1.4661458333333333,1.4375,23.416666666666668,21.95052083333333,6.923625725,14.75,24,1,Hon_1,21.281644446,-157.829162737,78.93578332854818,7.502313559051601,0.0,20.821081871898816,18.588541380727857,37.9900016784668,22,0.9054663285359208,0.90382133368986,0.4715144283919211,0.7890657292804998,-0.30872985845416434,0.3031922053264462,-0.3057696310357218,2.281536998831831,0.06515551973021978,1.6616662355633078,-1.1907256255456082
Honolulu,HNL33,2024-12-01,1.3958333333333333,1.5,23.09375,21.697916666666668,1.70763501625,5.208333333333333,24,2,Hon_2,21.281644446,-157.829162737,78.93578332854818,7.502313559051601,0.0,20.821081871898816,18.588541380727857,37.9900016784668,22,0.9054663285359208,0.90382133368986,0.4715144283919211,0.7890657292804998,-0.30872985845416434,0.3031922053264462,-0.3057696310357218,2.281536998831831,0.06515551973021978,1.6616662355633078,-1.1907256255456082
Honolulu,HNL33,2024-12-07,1.3645833333333333,1.3125,24.0,22.635416666666668,5.9895923458333336,20.25,24,3,Hon_3,21.281644446,-157.829162737,78.93578332854818,7.502313559051601,0.0,20.821081871898816,18.588541380727857,37.9900016784668,22,0.9054663285359208,0.90382133368986,0.4715144283919211,0.7890657292804998,-0.30872985845416434,0.3031922053264462,-0.3057696310357218,2.281536998831831,0.06515551973021978,1.6616662355633078,-1.1907256255456082
Honolulu,HNL33,2024-12-16,1.5,1.46875,23.041666666666668,21.541666666666668,3.204256679166667,6.958333333333333,24,4,Hon_4,21.281644446,-157.829162737,78.93578332854818,7.502313559051601,0.0,20.821081871898816,18.588541380727857,37.9900016784668,22,0.9054663285359208,0.90382133368986,0.4715144283919211,0.7890657292804998,-0.30872985845416434,0.3031922053264462,-0.3057696310357218,2.281536998831831,0.06515551973021978,1.6616662355633078,-1.1907256255456082
Honolulu,HNL33,2024-12-21,1.5364583333333333,1.59375,23.541666666666668,22.00520833333333,3.3775978091666663,5.291666666666667,24,5,Hon_5,21.281644446,-157.829162737,78.93578332854818,7.502313559051601,0.0,20.821081871898816,18.588541380727857,37.9900016784668,22,0.9054663285359208,0.90382133368986,0.4715144283919211,0.7890657292804998,-0.30872985845416434,0.3031922053264462,-0.3057696310357218,2.281536998831831,0.06515551973021978,1.6616662355633078,-1.1907256255456082
Honolulu,HNL33,2024-12-26,1.0416666666666667,1.0,24.125,23.08333333333333,1.6095112708333332,8.0,24,6,Hon_6,21.281644446,-157.829162737,78.93578332854818,7.502313559051601,0.0,20.821081871898816,18.588541380727857,37.9900016784668,22,0.9054663285359208,0.90382133368986,0.4715144283919211,0.7890657292804998,-0.30872985845416434,0.3031922053264462,-0.3057696310357218,2.281536998831831,0.06515551973021978,1.6616662355633078,-1.1907256255456082
Honolulu,HNL33,2025-01-03,1.5390625,1.6875,23.369791666666668,21.830729166666668,3.27522905,7.458333333333333,24,7,Hon_7,21.281644446,-157.829162737,78.93578332854818,7.502313559051601,0.0,20.821081871898816,18.588541380727857,37.9900016784668,22,0.9054663285359208,0.90382133368986,0.4715144283919211,0.7890657292804998,-0.30872985845416434,0.3031922053264462,-0.3057696310357218,2.281536998831831,0.06515551973021978,1.6616662355633078,-1.1907256255456082
Honolulu,HNL34,2024-12-01,0.1822916666666666,0.125,21.88020833333333,21.697916666666668,1.70763501625,5.208333333333333,24,2,Hon_2,21.296507333,-157.836218307,78.68261562998406,14.968437161257413,0.0,19.43839034609524,5.647311303521714,8.770000457763672,22,0.2675036596710982,0.990364344256776,1.1898710706615956,0.7789759551212039,0.3456569645697721,0.18338538275148125,-0.3057696310357218,-0.3408975882960738,0.4059880803267672,-0.2421400419265398,-0.5430807527468786
Honolulu,HNL34,2024-12-07,0.5364583333333334,0.5625,23.171875,22.635416666666668,5.9895923458333336,20.25,24,3,Hon_3,21.296507333,-157.836218307,78.68261562998406,14.968437161257413,0.0,19.43839034609524,5.647311303521714,8.770000457763672,22,0.2675036596710982,0.990364344256776,1.1898710706615956,0.7789759551212039,0.3456569645697721,0.18338538275148125,-0.3057696310357218,-0.3408975882960738,0.4059880803267672,-0.2421400419265398,-0.5430807527468786
Honolulu,HNL34,2024-12-16,0.5260416666666666,0.46875,22.06770833333333,21.541666666666668,3.204256679166667,6.958333333333333,24,4,Hon_4,21.296507333,-157.836218307,78.68261562998406,14.968437161257413,0.0,19.43839034609524,5.647311303521714,8.770000457763672,22,0.2675036596710982,0.990364344256776,1.1898710706615956,0.7789759551212039,0.3456569645697721,0.18338538275148125,-0.3057696310357218,-0.3408975882960738,0.4059880803267672,-0.2421400419265398,-0.5430807527468786
Honolulu,HNL34,2024-12-21,0.734375,0.625,22.73958333333333,22.00520833333333,3.3775978091666663,5.291666666666667,24,5,Hon_5,21.296507333,-157.836218307,78.68261562998406,14.968437161257413,0.0,19.43839034609524,5.647311303521714,8.770000457763672,22,0.2675036596710982,0.990364344256776,1.1898710706615956,0.7789759551212039,0.3456569645697721,0.18338538275148125,-0.3057696310357218,-0.3408975882960738,0.4059880803267672,-0.2421400419265398,-0.5430807527468786
Honolulu,HNL34,2024-12-26,0.53125,0.53125,23.61458333333333,23.08333333333333,1.6095112708333332,8.0,24,6,Hon_6,21.296507333,-157.836218307,78.68261562998406,14.968437161257413,0.0,19.43839034609524,5.647311303521714,8.770000457763672,22,0.2675036596710982,0.990364344256776,1.1898710706615956,0.7789759551212039,0.3456569645697721,0.18338538275148125,-0.3057696310357218,-0.3408975882960738,0.4059880803267672,-0.2421400419265398,-0.5430807527468786
Honolulu,HNL34,2025-01-03,0.4973958333333333,0.5,22.328125,21.830729166666668,3.27522905,7.458333333333333,24,7,Hon_7,21.296507333,-157.836218307,78.68261562998406,14.968437161257413,0.0,19.43839034609524,5.647311303521714,8.770000457763672,22,0.2675036596710982,0.990364344256776,1.1898710706615956,0.7789759551212039,0.3456569645697721,0.18338538275148125,-0.3057696310357218,-0.3408975882960738,0.4059880803267672,-0.2421400419265398,-0.5430807527468786
Honolulu,HNL35,2024-11-30,-0.0911458333333333,0.0,21.859375,21.95052083333333,6.923625725,14.75,24,1,Hon_1,21.302426,-157.836616,76.78736640612537,10.74583080896655,0.0,8.415539522023709,6.532755922873211,10.050000190734863,16,0.2078406478405172,0.9941678771379626,1.7376456269753917,0.7034424776958783,-0.024443786901839966,-0.7717175511312921,-0.3057696310357218,-0.16146946740488233,0.4209675436331151,-0.42018622237017783,-0.04922663910585902
Honolulu,HNL35,2024-12-01,-0.1354166666666666,-0.125,21.5625,21.697916666666668,1.70763501625,5.208333333333333,24,2,Hon_2,21.302426,-157.836616,76.78736640612537,10.74583080896655,0.0,8.415539522023709,6.532755922873211,10.050000190734863,16,0.2078406478405172,0.9941678771379626,1.7376456269753917,0.7034424776958783,-0.024443786901839966,-0.7717175511312921,-0.3057696310357218,-0.16146946740488233,0.4209675436331151,-0.42018622237017783,-0.04922663910585902
Honolulu,HNL35,2024-12-07,-0.2604166666666667,-0.25,22.375,22.635416666666668,5.9895923458333336,20.25,24,3,Hon_3,21.302426,-157.836616,76.78736640612537,10.74583080896655,0.0,8.415539522023709,6.532755922873211,10.050000190734863,16,0.2078406478405172,0.9941678771379626,1.7376456269753917,0.7034424776958783,-0.024443786901839966,-0.7717175511312921,-0.3057696310357218,-0.16146946740488233,0.4209675436331151,-0.42018622237017783,-0.04922663910585902
Honolulu,HNL35,2024-12-16,-0.0052083333333333,-0.0625,21.53645833333333,21.541666666666668,3.204256679166667,6.958333333333333,24,4,Hon_4,21.302426,-157.836616,76.78736640612537,10.74583080896655,0.0,8.415539522023709,6.532755922873211,10.050000190734863,16,0.2078406478405172,0.9941678771379626,1.7376456269753917,0.7034424776958783,-0.024443786901839966,-0.7717175511312921,-0.3057696310357218,-0.16146946740488233,0.4209675436331151,-0.42018622237017783,-0.04922663910585902
Honolulu,HNL35,2024-12-21,0.0416666666666666,-0.03125,22.046875,22.00520833333333,3.3775978091666663,5.291666666666667,24,5,Hon_5,21.302426,-157.836616,76.78736640612537,10.74583080896655,0.0,8.415539522023709,6.532755922873211,10.050000190734863,16,0.2078406478405172,0.9941678771379626,1.7376456269753917,0.7034424776958783,-0.024443786901839966,-0.7717175511312921,-0.3057696310357218,-0.16146946740488233,0.4209675436331151,-0.42018622237017783,-0.04922663910585902
Honolulu,HNL35,2024-12-26,-0.0052083333333333,-0.03125,23.078125,23.08333333333333,1.6095112708333332,8.0,24,6,Hon_6,21.302426,-157.836616,76.78736640612537,10.74583080896655,0.0,8.415539522023709,6.532755922873211,10.050000190734863,16,0.2078406478405172,0.9941678771379626,1.7376456269753917,0.7034424776958783,-0.024443786901839966,-0.7717175511312921,-0.3057696310357218,-0.16146946740488233,0.4209675436331151,-0.42018622237017783,-0.04922663910585902
Honolulu,HNL35,2025-01-03,0.4192708333333333,0.40625,22.25,21.830729166666668,3.27522905,7.458333333333333,24,7,Hon_7,21.302426,-157.836616,76.78736640612537,10.74583080896655,0.0,8.415539522023709,6.532755922873211,10.050000190734863,16,0.2078406478405172,0.9941678771379626,1.7376456269753917,0.7034424776958783,-0.024443786901839966,-0.7717175511312921,-0.3057696310357218,-0.16146946740488233,0.4209675436331151,-0.42018622237017783,-0.04922663910585902
Honolulu,HNL37,2024-11-30,-0.8515625,-0.8125,21.09895833333333,21.95052083333333,6.923625725,14.75,24,1,Hon_1,21.302861681,-157.849712717,52.62318609472174,33.274838874353904,0.0,22.785988949759137,15.709486409996549,17.729999542236328,4,0.3394316207996244,0.9662980608464669,1.35899089641112,-0.2595995038419519,1.9501667070141528,0.4734465746201988,-0.3057696310357218,1.698120021585856,0.31120777461466637,-0.02749283667988072,-0.3906083155334755
Honolulu,HNL37,2024-12-01,-0.9375,-1.0,20.760416666666668,21.697916666666668,1.70763501625,5.208333333333333,24,2,Hon_2,21.302861681,-157.849712717,52.62318609472174,33.274838874353904,0.0,22.785988949759137,15.709486409996549,17.729999542236328,4,0.3394316207996244,0.9662980608464669,1.35899089641112,-0.2595995038419519,1.9501667070141528,0.4734465746201988,-0.3057696310357218,1.698120021585856,0.31120777461466637,-0.02749283667988072,-0.3906083155334755
Honolulu,HNL37,2024-12-07,-0.6822916666666666,-0.6875,21.953125,22.635416666666668,5.9895923458333336,20.25,24,3,Hon_3,21.302861681,-157.849712717,52.62318609472174,33.274838874353904,0.0,22.785988949759137,15.709486409996549,17.729999542236328,4,0.3394316207996244,0.9662980608464669,1.35899089641112,-0.2595995038419519,1.9501667070141528,0.4734465746201988,-0.3057696310357218,1.698120021585856,0.31120777461466637,-0.02749283667988072,-0.3906083155334755
Honolulu,HNL37,2024-12-16,-0.9947916666666666,-1.0,20.546875,21.541666666666668,3.204256679166667,6.958333333333333,24,4,Hon_4,21.302861681,-157.849712717,52.62318609472174,33.274838874353904,0.0,22.785988949759137,15.709486409996549,17.729999542236328,4,0.3394316207996244,0.9662980608464669,1.35899089641112,-0.2595995038419519,1.9501667070141528,0.4734465746201988,-0.3057696310357218,1.698120021585856,0.31120777461466637,-0.02749283667988072,-0.3906083155334755
Honolulu,HNL37,2024-12-21,-0.3958333333333333,-0.34375,21.609375,22.00520833333333,3.3775978091666663,5.291666666666667,24,5,Hon_5,21.302861681,-157.849712717,52.62318609472174,33.274838874353904,0.0,22.785988949759137,15.709486409996549,17.729999542236328,4,0.3394316207996244,0.9662980608464669,1.35899089641112,-0.2595995038419519,1.9501667070141528,0.4734465746201988,-0.3057696310357218,1.698120021585856,0.31120777461466637,-0.02749283667988072,-0.3906083155334755
Honolulu,HNL37,2024-12-26,-0.59375,-0.59375,22.48958333333333,23.08333333333333,1.6095112708333332,8.0,24,6,Hon_6,21.302861681,-157.849712717,52.62318609472174,33.274838874353904,0.0,22.785988949759137,15.709486409996549,17.729999542236328,4,0.3394316207996244,0.9662980608464669,1.35899089641112,-0.2595995038419519,1.9501667070141528,0.4734465746201988,-0.3057696310357218,1.698120021585856,0.31120777461466637,-0.02749283667988072,-0.3906083155334755
Honolulu,HNL37,2025-01-03,-0.4505208333333333,-0.5,21.38020833333333,21.830729166666668,3.27522905,7.458333333333333,24,7,Hon_7,21.302861681,-157.849712717,52.62318609472174,33.274838874353904,0.0,22.785988949759137,15.709486409996549,17.729999542236328,4,0.3394316207996244,0.9662980608464669,1.35899089641112,-0.2595995038419519,1.9501667070141528,0.4734465746201988,-0.3057696310357218,1.698120021585856,0.31120777461466637,-0.02749283667988072,-0.3906083155334755
Honolulu,HNL38,2024-11-30,0.0963541666666666,0.0,22.046875,21.95052083333333,6.923625725,14.75,24,1,Hon_1,21.296868386,-157.864308776,94.63602753697091,3.582470119521912,0.0,14.0818417699256,16.314323719832014,16.520000457763672,2,0.2085245674400867,0.9759586914964848,0.3966641167210317,1.4147850418438064,-0.6522942074809088,-0.28074638699113863,-0.3057696310357218,1.8206853628582953,0.34925426109409385,-0.41814527155831355,-1.2582080120491637
Honolulu,HNL38,2024-12-01,0.5260416666666666,0.5,22.22395833333333,21.697916666666668,1.70763501625,5.208333333333333,24,2,Hon_2,21.296868386,-157.864308776,94.63602753697091,3.582470119521912,0.0,14.0818417699256,16.314323719832014,16.520000457763672,2,0.2085245674400867,0.9759586914964848,0.3966641167210317,1.4147850418438064,-0.6522942074809088,-0.28074638699113863,-0.3057696310357218,1.8206853628582953,0.34925426109409385,-0.41814527155831355,-1.2582080120491637
Honolulu,HNL38,2024-12-07,0.546875,0.625,23.182291666666668,22.635416666666668,5.9895923458333336,20.25,24,3,Hon_3,21.296868386,-157.864308776,94.63602753697091,3.582470119521912,0.0,14.0818417699256,16.314323719832014,16.520000457763672,2,0.2085245674400867,0.9759586914964848,0.3966641167210317,1.4147850418438064,-0.6522942074809088,-0.28074638699113863,-0.3057696310357218,1.8206853628582953,0.34925426109409385,-0.41814527155831355,-1.2582080120491637
Honolulu,HNL38,2024-12-16,0.4427083333333333,0.375,21.984375,21.541666666666668,3.204256679166667,6.958333333333333,24,4,Hon_4,21.296868386,-157.864308776,94.63602753697091,3.582470119521912,0.0,14.0818417699256,16.314323719832014,16.520000457763672,2,0.2085245674400867,0.9759586914964848,0.3966641167210317,1.4147850418438064,-0.6522942074809088,-0.28074638699113863,-0.3057696310357218,1.8206853628582953,0.34925426109409385,-0.41814527155831355,-1.2582080120491637
Honolulu,HNL38,2024-12-21,0.5885416666666666,0.5,22.59375,22.00520833333333,3.3775978091666663,5.291666666666667,24,5,Hon_5,21.296868386,-157.864308776,94.63602753697091,3.582470119521912,0.0,14.0818417699256,16.314323719832014,16.520000457763672,2,0.2085245674400867,0.9759586914964848,0.3966641167210317,1.4147850418438064,-0.6522942074809088,-0.28074638699113863,-0.3057696310357218,1.8206853628582953,0.34925426109409385,-0.41814527155831355,-1.2582080120491637
Honolulu,HNL38,2024-12-26,0.4375,0.375,23.52083333333333,23.08333333333333,1.6095112708333332,8.0,24,6,Hon_6,21.296868386,-157.864308776,94.63602753697091,3.582470119521912,0.0,14.0818417699256,16.314323719832014,16.520000457763672,2,0.2085245674400867,0.9759586914964848,0.3966641167210317,1.4147850418438064,-0.6522942074809088,-0.28074638699113863,-0.3057696310357218,1.8206853628582953,0.34925426109409385,-0.41814527155831355,-1.2582080120491637
Honolulu,HNL38,2025-01-03,0.5286458333333334,0.53125,22.359375,21.830729166666668,3.27522905,7.458333333333333,24,7,Hon_7,21.296868386,-157.864308776,94.63602753697091,3.582470119521912,0.0,14.0818417699256,16.314323719832014,16.520000457763672,2,0.2085245674400867,0.9759586914964848,0.3966641167210317,1.4147850418438064,-0.6522942074809088,-0.28074638699113863,-0.3057696310357218,1.8206853628582953,0.34925426109409385,-0.41814527155831355,-1.2582080120491637
Honolulu,HNL43,2024-11-30,-0.1953125,-0.25,21.75520833333333,21.95052083333333,6.923625725,14.75,24,1,Hon_1,21.304100638,-157.83255782,86.62393979975766,14.342197563930872,0.0,36.75238230612955,10.22216647810669,34.83000183105469,33,0.842053115404863,0.035140000712979,2.0988346761561,1.0954703888630284,0.2907686500466599,1.6836002348058199,-0.3057696310357218,0.5861594510547616,-3.3559744030843315,1.4724287156790683,0.27640859839100324
Honolulu,HNL43,2024-12-01,0.03125,0.0625,21.729166666666668,21.697916666666668,1.70763501625,5.208333333333333,24,2,Hon_2,21.304100638,-157.83255782,86.62393979975766,14.342197563930872,0.0,36.75238230612955,10.22216647810669,34.83000183105469,33,0.842053115404863,0.035140000712979,2.0988346761561,1.0954703888630284,0.2907686500466599,1.6836002348058199,-0.3057696310357218,0.5861594510547616,-3.3559744030843315,1.4724287156790683,0.27640859839100324
Honolulu,HNL43,2024-12-07,0.125,0.125,22.760416666666668,22.635416666666668,5.9895923458333336,20.25,24,3,Hon_3,21.304100638,-157.83255782,86.62393979975766,14.342197563930872,0.0,36.75238230612955,10.22216647810669,34.83000183105469,33,0.842053115404863,0.035140000712979,2.0988346761561,1.0954703888630284,0.2907686500466599,1.6836002348058199,-0.3057696310357218,0.5861594510547616,-3.3559744030843315,1.4724287156790683,0.27640859839100324
Honolulu,HNL43,2024-12-16,-0.1302083333333333,-0.125,21.41145833333333,21.541666666666668,3.204256679166667,6.958333333333333,24,4,Hon_4,21.304100638,-157.83255782,86.62393979975766,14.342197563930872,0.0,36.75238230612955,10.22216647810669,34.83000183105469,33,0.842053115404863,0.035140000712979,2.0988346761561,1.0954703888630284,0.2907686500466599,1.6836002348058199,-0.3057696310357218,0.5861594510547616,-3.3559744030843315,1.4724287156790683,0.27640859839100324
Honolulu,HNL43,2024-12-21,-0.3697916666666667,-0.28125,21.635416666666668,22.00520833333333,3.3775978091666663,5.291666666666667,24,5,Hon_5,21.304100638,-157.83255782,86.62393979975766,14.342197563930872,0.0,36.75238230612955,10.22216647810669,34.83000183105469,33,0.842053115404863,0.035140000712979,2.0988346761561,1.0954703888630284,0.2907686500466599,1.6836002348058199,-0.3057696310357218,0.5861594510547616,-3.3559744030843315,1.4724287156790683,0.27640859839100324
Honolulu,HNL43,2024-12-26,0.0625,0.21875,23.14583333333333,23.08333333333333,1.6095112708333332,8.0,24,6,Hon_6,21.304100638,-157.83255782,86.62393979975766,14.342197563930872,0.0,36.75238230612955,10.22216647810669,34.83000183105469,33,0.842053115404863,0.035140000712979,2.0988346761561,1.0954703888630284,0.2907686500466599,1.6836002348058199,-0.3057696310357218,0.5861594510547616,-3.3559744030843315,1.4724287156790683,0.27640859839100324
Honolulu,HNL43,2025-01-03,-0.1848958333333333,-0.15625,21.64583333333333,21.830729166666668,3.27522905,7.458333333333333,24,7,Hon_7,21.304100638,-157.83255782,86.62393979975766,14.342197563930872,0.0,36.75238230612955,10.22216647810669,34.83000183105469,33,0.842053115404863,0.035140000712979,2.0988346761561,1.0954703888630284,0.2907686500466599,1.6836002348058199,-0.3057696310357218,0.5861594510547616,-3.3559744030843315,1.4724287156790683,0.27640859839100324
Honolulu,HNL44,2024-11-30,0.5911458333333334,0.625,22.541666666666668,21.95052083333333,6.923625725,14.75,24,1,Hon_1,21.301826,-157.839045,78.69186880438593,0.7465543644716692,0.0,18.41632251265723,9.169076388205031,24.149999618530277,21,0.415605676453445,0.7005169479392523,1.5785792539511312,0.7793447321828157,-0.9008550404093348,0.09482571684254193,-0.3057696310357218,0.37275934467816946,-0.73551866437746,0.19982555107727648,-0.19263523987881442
Honolulu,HNL44,2024-12-01,0.7760416666666666,0.75,22.47395833333333,21.697916666666668,1.70763501625,5.208333333333333,24,2,Hon_2,21.301826,-157.839045,78.69186880438593,0.7465543644716692,0.0,18.41632251265723,9.169076388205031,24.149999618530277,21,0.415605676453445,0.7005169479392523,1.5785792539511312,0.7793447321828157,-0.9008550404093348,0.09482571684254193,-0.3057696310357218,0.37275934467816946,-0.73551866437746,0.19982555107727648,-0.19263523987881442
Honolulu,HNL44,2024-12-07,0.7604166666666666,0.75,23.39583333333333,22.635416666666668,5.9895923458333336,20.25,24,3,Hon_3,21.301826,-157.839045,78.69186880438593,0.7465543644716692,0.0,18.41632251265723,9.169076388205031,24.149999618530277,21,0.415605676453445,0.7005169479392523,1.5785792539511312,0.7793447321828157,-0.9008550404093348,0.09482571684254193,-0.3057696310357218,0.37275934467816946,-0.73551866437746,0.19982555107727648,-0.19263523987881442
Honolulu,HNL44,2024-12-16,0.8802083333333334,0.875,22.421875,21.541666666666668,3.204256679166667,6.958333333333333,24,4,Hon_4,21.301826,-157.839045,78.69186880438593,0.7465543644716692,0.0,18.41632251265723,9.169076388205031,24.149999618530277,21,0.415605676453445,0.7005169479392523,1.5785792539511312,0.7793447321828157,-0.9008550404093348,0.09482571684254193,-0.3057696310357218,0.37275934467816946,-0.73551866437746,0.19982555107727648,-0.19263523987881442
Honolulu,HNL44,2024-12-21,1.1197916666666667,1.125,23.125,22.00520833333333,3.3775978091666663,5.291666666666667,24,5,Hon_5,21.301826,-157.839045,78.69186880438593,0.7465543644716692,0.0,18.41632251265723,9.169076388205031,24.149999618530277,21,0.415605676453445,0.7005169479392523,1.5785792539511312,0.7793447321828157,-0.9008550404093348,0.09482571684254193,-0.3057696310357218,0.37275934467816946,-0.73551866437746,0.19982555107727648,-0.19263523987881442
Honolulu,HNL44,2024-12-26,0.6979166666666666,0.71875,23.78125,23.08333333333333,1.6095112708333332,8.0,24,6,Hon_6,21.301826,-157.839045,78.69186880438593,0.7465543644716692,0.0,18.41632251265723,9.169076388205031,24.149999618530277,21,0.415605676453445,0.7005169479392523,1.5785792539511312,0.7793447321828157,-0.9008550404093348,0.09482571684254193,-0.3057696310357218,0.37275934467816946,-0.73551866437746,0.19982555107727648,-0.19263523987881442
Honolulu,HNL44,2025-01-03,0.9557291666666666,1.03125,22.78645833333333,21.830729166666668,3.27522905,7.458333333333333,24,7,Hon_7,21.301826,-157.839045,78.69186880438593,0.7465543644716692,0.0,18.41632251265723,9.169076388205031,24.149999618530277,21,0.415605676453445,0.7005169479392523,1.5785792539511312,0.7793447321828157,-0.9008550404093348,0.09482571684254193,-0.3057696310357218,0.37275934467816946,-0.73551866437746,0.19982555107727648,-0.19263523987881442
Honolulu,HNL45,2024-11-30,-0.3567708333333333,-0.3125,21.59375,21.95052083333333,6.923625725,14.75,24,1,Hon_1,21.308150326,-157.852493874,73.81210536386249,2.7432216905901115,0.0,27.403262803467403,19.109290443613887,26.309999465942383,17,0.933604707586893,0.9181931109902598,1.5707737842859446,0.5848660868227744,-0.725852206570859,0.8735220065208606,-0.3057696310357218,2.387062543589134,0.12175592715227428,1.7456367016894072,-0.19967237451499195
Honolulu,HNL45,2024-12-01,-0.234375,-0.125,21.463541666666668,21.697916666666668,1.70763501625,5.208333333333333,24,2,Hon_2,21.308150326,-157.852493874,73.81210536386249,2.7432216905901115,0.0,27.403262803467403,19.109290443613887,26.309999465942383,17,0.933604707586893,0.9181931109902598,1.5707737842859446,0.5848660868227744,-0.725852206570859,0.8735220065208606,-0.3057696310357218,2.387062543589134,0.12175592715227428,1.7456367016894072,-0.19967237451499195
Honolulu,HNL45,2024-12-07,-0.046875,0.0,22.588541666666668,22.635416666666668,5.9895923458333336,20.25,24,3,Hon_3,21.308150326,-157.852493874,73.81210536386249,2.7432216905901115,0.0,27.403262803467403,19.109290443613887,26.309999465942383,17,0.933604707586893,0.9181931109902598,1.5707737842859446,0.5848660868227744,-0.725852206570859,0.8735220065208606,-0.3057696310357218,2.387062543589134,0.12175592715227428,1.7456367016894072,-0.19967237451499195
Honolulu,HNL45,2024-12-16,-0.1145833333333333,-0.09375,21.42708333333333,21.541666666666668,3.204256679166667,6.958333333333333,24,4,Hon_4,21.308150326,-157.852493874,73.81210536386249,2.7432216905901115,0.0,27.403262803467403,19.109290443613887,26.309999465942383,17,0.933604707586893,0.9181931109902598,1.5707737842859446,0.5848660868227744,-0.725852206570859,0.8735220065208606,-0.3057696310357218,2.387062543589134,0.12175592715227428,1.7456367016894072,-0.19967237451499195
Honolulu,HNL45,2024-12-21,0.0364583333333333,0.125,22.041666666666668,22.00520833333333,3.3775978091666663,5.291666666666667,24,5,Hon_5,21.308150326,-157.852493874,73.81210536386249,2.7432216905901115,0.0,27.403262803467403,19.109290443613887,26.309999465942383,17,0.933604707586893,0.9181931109902598,1.5707737842859446,0.5848660868227744,-0.725852206570859,0.8735220065208606,-0.3057696310357218,2.387062543589134,0.12175592715227428,1.7456367016894072,-0.19967237451499195
Honolulu,HNL45,2024-12-26,-0.0677083333333333,-0.125,23.015625,23.08333333333333,1.6095112708333332,8.0,24,6,Hon_6,21.308150326,-157.852493874,73.81210536386249,2.7432216905901115,0.0,27.403262803467403,19.109290443613887,26.309999465942383,17,0.933604707586893,0.9181931109902598,1.5707737842859446,0.5848660868227744,-0.725852206570859,0.8735220065208606,-0.3057696310357218,2.387062543589134,0.12175592715227428,1.7456367016894072,-0.19967237451499195
Honolulu,HNL45,2025-01-03,0.1953125,0.25,22.026041666666668,21.830729166666668,3.27522905,7.458333333333333,24,7,Hon_7,21.308150326,-157.852493874,73.81210536386249,2.7432216905901115,0.0,27.403262803467403,19.109290443613887,26.309999465942383,17,0.933604707586893,0.9181931109902598,1.5707737842859446,0.5848660868227744,-0.725852206570859,0.8735220065208606,-0.3057696310357218,2.387062543589134,0.12175592715227428,1.7456367016894072,-0.19967237451499195
Honolulu,HNL47,2024-11-30,0.2786458333333333,0.25,22.229166666666668,21.95052083333333,6.923625725,14.75,24,1,Hon_1,21.288078708,-157.824414177,94.57502790623504,3.481143804392872,0.0,24.66792687562088,10.19526751718397,27.82999992370605,40,0.7233495590222309,0.8784864007367688,1.3083636851984597,1.4123539556451477,-0.6611752023557359,0.6365118708002558,-0.3057696310357218,0.5807085963013336,-0.03462111173174285,1.118193919772053,-0.4362520137143421
Honolulu,HNL47,2024-12-01,0.0729166666666666,0.0625,21.77083333333333,21.697916666666668,1.70763501625,5.208333333333333,24,2,Hon_2,21.288078708,-157.824414177,94.57502790623504,3.481143804392872,0.0,24.66792687562088,10.19526751718397,27.82999992370605,40,0.7233495590222309,0.8784864007367688,1.3083636851984597,1.4123539556451477,-0.6611752023557359,0.6365118708002558,-0.3057696310357218,0.5807085963013336,-0.03462111173174285,1.118193919772053,-0.4362520137143421
Honolulu,HNL47,2024-12-07,0.1510416666666666,0.125,22.78645833333333,22.635416666666668,5.9895923458333336,20.25,24,3,Hon_3,21.288078708,-157.824414177,94.57502790623504,3.481143804392872,0.0,24.66792687562088,10.19526751718397,27.82999992370605,40,0.7233495590222309,0.8784864007367688,1.3083636851984597,1.4123539556451477,-0.6611752023557359,0.6365118708002558,-0.3057696310357218,0.5807085963013336,-0.03462111173174285,1.118193919772053,-0.4362520137143421
Honolulu,HNL47,2024-12-16,0.0989583333333333,0.0625,21.640625,21.541666666666668,3.204256679166667,6.958333333333333,24,4,Hon_4,21.288078708,-157.824414177,94.57502790623504,3.481143804392872,0.0,24.66792687562088,10.19526751718397,27.82999992370605,40,0.7233495590222309,0.8784864007367688,1.3083636851984597,1.4123539556451477,-0.6611752023557359,0.6365118708002558,-0.3057696310357218,0.5807085963013336,-0.03462111173174285,1.118193919772053,-0.4362520137143421
Honolulu,HNL47,2024-12-21,0.171875,0.125,22.17708333333333,22.00520833333333,3.3775978091666663,5.291666666666667,24,5,Hon_5,21.288078708,-157.824414177,94.57502790623504,3.481143804392872,0.0,24.66792687562088,10.19526751718397,27.82999992370605,40,0.7233495590222309,0.8784864007367688,1.3083636851984597,1.4123539556451477,-0.6611752023557359,0.6365118708002558,-0.3057696310357218,0.5807085963013336,-0.03462111173174285,1.118193919772053,-0.4362520137143421
Honolulu,HNL47,2024-12-26,0.2135416666666666,0.1875,23.296875,23.08333333333333,1.6095112708333332,8.0,24,6,Hon_6,21.288078708,-157.824414177,94.57502790623504,3.481143804392872,0.0,24.66792687562088,10.19526751718397,27.82999992370605,40,0.7233495590222309,0.8784864007367688,1.3083636851984597,1.4123539556451477,-0.6611752023557359,0.6365118708002558,-0.3057696310357218,0.5807085963013336,-0.03462111173174285,1.118193919772053,-0.4362520137143421
Honolulu,HNL47,2025-01-03,0.1692708333333333,0.15625,22.0,21.830729166666668,3.27522905,7.458333333333333,24,7,Hon_7,21.288078708,-157.824414177,94.57502790623504,3.481143804392872,0.0,24.66792687562088,10.19526751718397,27.82999992370605,40,0.7233495590222309,0.8784864007367688,1.3083636851984597,1.4123539556451477,-0.6611752023557359,0.6365118708002558,-0.3057696310357218,0.5807085963013336,-0.03462111173174285,1.118193919772053,-0.4362520137143421
Honolulu,HNL50,2024-11-30,-0.4244791666666667,-0.40625,21.526041666666668,21.95052083333333,6.923625725,14.75,24,1,Hon_1,21.292910827,-157.827396642,60.37044121397603,12.193877551020408,0.0,19.32232689489577,6.792063246721951,20.770000457763672,32,0.3871066575259171,0.0746803687737395,1.6953119953692175,0.04916047995955804,0.10247384232717914,0.1733287699453735,-0.3057696310357218,-0.10892295592957432,-3.2002524700848007,0.11477886451633298,-0.08739314003785213
Honolulu,HNL50,2024-12-01,-0.5989583333333334,-0.625,21.09895833333333,21.697916666666668,1.70763501625,5.208333333333333,24,2,Hon_2,21.292910827,-157.827396642,60.37044121397603,12.193877551020408,0.0,19.32232689489577,6.792063246721951,20.770000457763672,32,0.3871066575259171,0.0746803687737395,1.6953119953692175,0.04916047995955804,0.10247384232717914,0.1733287699453735,-0.3057696310357218,-0.10892295592957432,-3.2002524700848007,0.11477886451633298,-0.08739314003785213
Honolulu,HNL50,2024-12-07,-0.4322916666666667,-0.4375,22.203125,22.635416666666668,5.9895923458333336,20.25,24,3,Hon_3,21.292910827,-157.827396642,60.37044121397603,12.193877551020408,0.0,19.32232689489577,6.792063246721951,20.770000457763672,32,0.3871066575259171,0.0746803687737395,1.6953119953692175,0.04916047995955804,0.10247384232717914,0.1733287699453735,-0.3057696310357218,-0.10892295592957432,-3.2002524700848007,0.11477886451633298,-0.08739314003785213
Honolulu,HNL50,2024-12-16,-0.328125,-0.25,21.213541666666668,21.541666666666668,3.204256679166667,6.958333333333333,24,4,Hon_4,21.292910827,-157.827396642,60.37044121397603,12.193877551020408,0.0,19.32232689489577,6.792063246721951,20.770000457763672,32,0.3871066575259171,0.0746803687737395,1.6953119953692175,0.04916047995955804,0.10247384232717914,0.1733287699453735,-0.3057696310357218,-0.10892295592957432,-3.2002524700848007,0.11477886451633298,-0.08739314003785213
Honolulu,HNL50,2024-12-21,-0.4635416666666667,-0.5,21.541666666666668,22.00520833333333,3.3775978091666663,5.291666666666667,24,5,Hon_5,21.292910827,-157.827396642,60.37044121397603,12.193877551020408,0.0,19.32232689489577,6.792063246721951,20.770000457763672,32,0.3871066575259171,0.0746803687737395,1.6953119953692175,0.04916047995955804,0.10247384232717914,0.1733287699453735,-0.3057696310357218,-0.10892295592957432,-3.2002524700848007,0.11477886451633298,-0.08739314003785213
Honolulu,HNL50,2024-12-26,-0.4114583333333333,-0.3125,22.671875,23.08333333333333,1.6095112708333332,8.0,24,6,Hon_6,21.292910827,-157.827396642,60.37044121397603,12.193877551020408,0.0,19.32232689489577,6.792063246721951,20.770000457763672,32,0.3871066575259171,0.0746803687737395,1.6953119953692175,0.04916047995955804,0.10247384232717914,0.1733287699453735,-0.3057696310357218,-0.10892295592957432,-3.2002524700848007,0.11477886451633298,-0.08739314003785213
Honolulu,HNL50,2025-01-03,-0.4557291666666667,-0.46875,21.375,21.830729166666668,3.27522905,7.458333333333333,24,7,Hon_7,21.292910827,-157.827396642,60.37044121397603,12.193877551020408,0.0,19.32232689489577,6.792063246721951,20.770000457763672,32,0.3871066575259171,0.0746803687737395,1.6953119953692175,0.04916047995955804,0.10247384232717914,0.1733287699453735,-0.3057696310357218,-0.10892295592957432,-3.2002524700848007,0.11477886451633298,-0.08739314003785213
Honolulu,Hnl15a,2024-11-30,-0.1276041666666666,-0.125,21.822916666666668,21.95052083333333,6.923625725,14.75,24,1,Hon_1,21.293465603,-157.840659614,97.66484831084314,3.779718273949901,0.0,40.54488607755929,17.96909481097232,52.34000015258789,12,0.9675726851383386,0.8634335557154559,0.6619803800831309,1.5354960083323452,-0.6350059063489357,2.0122113660518184,-0.3057696310357218,2.1560112103470193,-0.09390376990677937,1.8470038381256915,-1.0190082782043208
Honolulu,Hnl15a,2024-12-01,-0.1197916666666666,-0.125,21.578125,21.697916666666668,1.70763501625,5.208333333333333,24,2,Hon_2,21.293465603,-157.840659614,97.66484831084314,3.779718273949901,0.0,40.54488607755929,17.96909481097232,52.34000015258789,12,0.9675726851383386,0.8634335557154559,0.6619803800831309,1.5354960083323452,-0.6350059063489357,2.0122113660518184,-0.3057696310357218,2.1560112103470193,-0.09390376990677937,1.8470038381256915,-1.0190082782043208
Honolulu,Hnl15a,2024-12-07,0.03125,0.0,22.666666666666668,22.635416666666668,5.9895923458333336,20.25,24,3,Hon_3,21.293465603,-157.840659614,97.66484831084314,3.779718273949901,0.0,40.54488607755929,17.96909481097232,52.34000015258789,12,0.9675726851383386,0.8634335557154559,0.6619803800831309,1.5354960083323452,-0.6350059063489357,2.0122113660518184,-0.3057696310357218,2.1560112103470193,-0.09390376990677937,1.8470038381256915,-1.0190082782043208
Honolulu,Hnl15a,2024-12-16,-0.28125,-0.1875,21.260416666666668,21.541666666666668,3.204256679166667,6.958333333333333,24,4,Hon_4,21.293465603,-157.840659614,97.66484831084314,3.779718273949901,0.0,40.54488607755929,17.96909481097232,52.34000015258789,12,0.9675726851383386,0.8634335557154559,0.6619803800831309,1.5354960083323452,-0.6350059063489357,2.0122113660518184,-0.3057696310357218,2.1560112103470193,-0.09390376990677937,1.8470038381256915,-1.0190082782043208
Honolulu,Hnl15a,2024-12-21,-0.1875,-0.125,21.81770833333333,22.00520833333333,3.3775978091666663,5.291666666666667,24,5,Hon_5,21.293465603,-157.840659614,97.66484831084314,3.779718273949901,0.0,40.54488607755929,17.96909481097232,52.34000015258789,12,0.9675726851383386,0.8634335557154559,0.6619803800831309,1.5354960083323452,-0.6350059063489357,2.0122113660518184,-0.3057696310357218,2.1560112103470193,-0.09390376990677937,1.8470038381256915,-1.0190082782043208
Honolulu,Hnl15a,2024-12-26,-0.1145833333333333,0.0,22.96875,23.08333333333333,1.6095112708333332,8.0,24,6,Hon_6,21.293465603,-157.840659614,97.66484831084314,3.779718273949901,0.0,40.54488607755929,17.96909481097232,52.34000015258789,12,0.9675726851383386,0.8634335557154559,0.6619803800831309,1.5354960083323452,-0.6350059063489357,2.0122113660518184,-0.3057696310357218,2.1560112103470193,-0.09390376990677937,1.8470038381256915,-1.0190082782043208
Honolulu,Hnl15a,2025-01-03,-0.3828125,-0.28125,21.447916666666668,21.830729166666668,3.27522905,7.458333333333333,24,7,Hon_7,21.293465603,-157.840659614,97.66484831084314,3.779718273949901,0.0,40.54488607755929,17.96909481097232,52.34000015258789,12,0.9675726851383386,0.8634335557154559,0.6619803800831309,1.5354960083323452,-0.6350059063489357,2.0122113660518184,-0.3057696310357218,2.1560112103470193,-0.09390376990677937,1.8470038381256915,-1.0190082782043208
Honolulu,Hnl21a,2024-11-30,0.4713541666666667,0.4375,22.421875,21.95052083333333,6.923625725,14.75,24,1,Hon_1,21.276858497,-157.811028864,80.08095101507473,0.4941971687284785,0.0,31.98549764992298,4.611689956979249,6.75,81,0.5394410983676187,0.9745930866185284,1.5966678384651056,0.8347053720829152,-0.9229735094286298,1.270561394555783,-0.3057696310357218,-0.5507577964940918,0.34387609589891444,0.56937484466731,-0.1763272135763804
Honolulu,Hnl21a,2024-12-01,0.5,0.5,22.197916666666668,21.697916666666668,1.70763501625,5.208333333333333,24,2,Hon_2,21.276858497,-157.811028864,80.08095101507473,0.4941971687284785,0.0,31.98549764992298,4.611689956979249,6.75,81,0.5394410983676187,0.9745930866185284,1.5966678384651056,0.8347053720829152,-0.9229735094286298,1.270561394555783,-0.3057696310357218,-0.5507577964940918,0.34387609589891444,0.56937484466731,-0.1763272135763804
Honolulu,Hnl21a,2024-12-07,-0.1145833333333333,-0.0625,22.52083333333333,22.635416666666668,5.9895923458333336,20.25,24,3,Hon_3,21.276858497,-157.811028864,80.08095101507473,0.4941971687284785,0.0,31.98549764992298,4.611689956979249,6.75,81,0.5394410983676187,0.9745930866185284,1.5966678384651056,0.8347053720829152,-0.9229735094286298,1.270561394555783,-0.3057696310357218,-0.5507577964940918,0.34387609589891444,0.56937484466731,-0.1763272135763804
Honolulu,Hnl21a,2024-12-16,0.5104166666666666,0.53125,22.05208333333333,21.541666666666668,3.204256679166667,6.958333333333333,24,4,Hon_4,21.276858497,-157.811028864,80.08095101507473,0.4941971687284785,0.0,31.98549764992298,4.611689956979249,6.75,81,0.5394410983676187,0.9745930866185284,1.5966678384651056,0.8347053720829152,-0.9229735094286298,1.270561394555783,-0.3057696310357218,-0.5507577964940918,0.34387609589891444,0.56937484466731,-0.1763272135763804
Honolulu,Hnl21a,2024-12-21,0.5677083333333334,0.53125,22.572916666666668,22.00520833333333,3.3775978091666663,5.291666666666667,24,5,Hon_5,21.276858497,-157.811028864,80.08095101507473,0.4941971687284785,0.0,31.98549764992298,4.611689956979249,6.75,81,0.5394410983676187,0.9745930866185284,1.5966678384651056,0.8347053720829152,-0.9229735094286298,1.270561394555783,-0.3057696310357218,-0.5507577964940918,0.34387609589891444,0.56937484466731,-0.1763272135763804
Honolulu,Hnl21a,2024-12-26,0.2916666666666667,0.25,23.375,23.08333333333333,1.6095112708333332,8.0,24,6,Hon_6,21.276858497,-157.811028864,80.08095101507473,0.4941971687284785,0.0,31.98549764992298,4.611689956979249,6.75,81,0.5394410983676187,0.9745930866185284,1.5966678384651056,0.8347053720829152,-0.9229735094286298,1.270561394555783,-0.3057696310357218,-0.5507577964940918,0.34387609589891444,0.56937484466731,-0.1763272135763804
Honolulu,Hnl21a,2025-01-03,0.7421875,0.75,22.572916666666668,21.830729166666668,3.27522905,7.458333333333333,24,7,Hon_7,21.276858497,-157.811028864,80.08095101507473,0.4941971687284785,0.0,31.98549764992298,4.611689956979249,6.75,81,0.5394410983676187,0.9745930866185284,1.5966678384651056,0.8347053720829152,-0.9229735094286298,1.270561394555783,-0.3057696310357218,-0.5507577964940918,0.34387609589891444,0.56937484466731,-0.1763272135763804
Honolulu,ID06,2024-11-30,3.8776041666666665,3.5625,25.828125,21.95052083333333,6.923625725,14.75,24,1,Hon_1,21.292148013,-157.854168527,20.04974172565525,19.29209183673469,6.211734693877551,0.0411391972109797,3.9800000190734863,3.9800000190734863,1,0.0229380417283589,0.9993749740267088,0.1397057343245953,-1.5577852484622252,0.7246143456265572,-1.49733875814887,0.4010922317556894,-0.6787646035458047,0.44147466667216667,-0.9719720233590263,-1.489872576820089
Honolulu,ID06,2024-12-01,0.1822916666666666,0.0625,21.88020833333333,21.697916666666668,1.70763501625,5.208333333333333,24,2,Hon_2,21.292148013,-157.854168527,20.04974172565525,19.29209183673469,6.211734693877551,0.0411391972109797,3.9800000190734863,3.9800000190734863,1,0.0229380417283589,0.9993749740267088,0.1397057343245953,-1.5577852484622252,0.7246143456265572,-1.49733875814887,0.4010922317556894,-0.6787646035458047,0.44147466667216667,-0.9719720233590263,-1.489872576820089
Honolulu,ID06,2024-12-07,0.0520833333333333,0.125,22.6875,22.635416666666668,5.9895923458333336,20.25,24,3,Hon_3,21.292148013,-157.854168527,20.04974172565525,19.29209183673469,6.211734693877551,0.0411391972109797,3.9800000190734863,3.9800000190734863,1,0.0229380417283589,0.9993749740267088,0.1397057343245953,-1.5577852484622252,0.7246143456265572,-1.49733875814887,0.4010922317556894,-0.6787646035458047,0.44147466667216667,-0.9719720233590263,-1.489872576820089
Honolulu,ID06,2024-12-16,0.0833333333333333,0.25,21.625,21.541666666666668,3.204256679166667,6.958333333333333,24,4,Hon_4,21.292148013,-157.854168527,20.04974172565525,19.29209183673469,6.211734693877551,0.0411391972109797,3.9800000190734863,3.9800000190734863,1,0.0229380417283589,0.9993749740267088,0.1397057343245953,-1.5577852484622252,0.7246143456265572,-1.49733875814887,0.4010922317556894,-0.6787646035458047,0.44147466667216667,-0.9719720233590263,-1.489872576820089
Honolulu,ID06,2024-12-21,0.0,0.125,22.00520833333333,22.00520833333333,3.3775978091666663,5.291666666666667,24,5,Hon_5,21.292148013,-157.854168527,20.04974172565525,19.29209183673469,6.211734693877551,0.0411391972109797,3.9800000190734863,3.9800000190734863,1,0.0229380417283589,0.9993749740267088,0.1397057343245953,-1.5577852484622252,0.7246143456265572,-1.49733875814887,0.4010922317556894,-0.6787646035458047,0.44147466667216667,-0.9719720233590263,-1.489872576820089
Honolulu,ID06,2024-12-26,-0.2083333333333333,-0.21875,22.875,23.08333333333333,1.6095112708333332,8.0,24,6,Hon_6,21.292148013,-157.854168527,20.04974172565525,19.29209183673469,6.211734693877551,0.0411391972109797,3.9800000190734863,3.9800000190734863,1,0.0229380417283589,0.9993749740267088,0.1397057343245953,-1.5577852484622252,0.7246143456265572,-1.49733875814887,0.4010922317556894,-0.6787646035458047,0.44147466667216667,-0.9719720233590263,-1.489872576820089
Honolulu,ID06,2025-01-03,0.0703125,0.15625,21.901041666666668,21.830729166666668,3.27522905,7.458333333333333,24,7,Hon_7,21.292148013,-157.854168527,20.04974172565525,19.29209183673469,6.211734693877551,0.0411391972109797,3.9800000190734863,3.9800000190734863,1,0.0229380417283589,0.9993749740267088,0.1397057343245953,-1.5577852484622252,0.7246143456265572,-1.49733875814887,0.4010922317556894,-0.6787646035458047,0.44147466667216667,-0.9719720233590263,-1.489872576820089
Honolulu,ID07,2024-11-30,1.2526041666666667,1.375,23.203125,21.95052083333333,6.923625725,14.75,24,1,Hon_1,21.288479952,-157.838594776,59.81949228217885,10.996300548539354,27.876642428881237,20.90173813816493,19.226399779223996,38.25,19,0.8717586705740884,0.8515481440548469,0.4403832161734049,0.027202898772593017,-0.0024907486352011067,0.31018087257562715,2.866441734506143,2.4107937940458,-0.14071211714930093,1.5610759440633286,-1.2187924224414073
Honolulu,ID07,2024-12-01,1.1458333333333333,1.25,22.84375,21.697916666666668,1.70763501625,5.208333333333333,24,2,Hon_2,21.288479952,-157.838594776,59.81949228217885,10.996300548539354,27.876642428881237,20.90173813816493,19.226399779223996,38.25,19,0.8717586705740884,0.8515481440548469,0.4403832161734049,0.027202898772593017,-0.0024907486352011067,0.31018087257562715,2.866441734506143,2.4107937940458,-0.14071211714930093,1.5610759440633286,-1.2187924224414073
Honolulu,ID07,2024-12-07,1.109375,1.125,23.744791666666668,22.635416666666668,5.9895923458333336,20.25,24,3,Hon_3,21.288479952,-157.838594776,59.81949228217885,10.996300548539354,27.876642428881237,20.90173813816493,19.226399779223996,38.25,19,0.8717586705740884,0.8515481440548469,0.4403832161734049,0.027202898772593017,-0.0024907486352011067,0.31018087257562715,2.866441734506143,2.4107937940458,-0.14071211714930093,1.5610759440633286,-1.2187924224414073
Honolulu,ID07,2024-12-16,1.1822916666666667,1.15625,22.72395833333333,21.541666666666668,3.204256679166667,6.958333333333333,24,4,Hon_4,21.288479952,-157.838594776,59.81949228217885,10.996300548539354,27.876642428881237,20.90173813816493,19.226399779223996,38.25,19,0.8717586705740884,0.8515481440548469,0.4403832161734049,0.027202898772593017,-0.0024907486352011067,0.31018087257562715,2.866441734506143,2.4107937940458,-0.14071211714930093,1.5610759440633286,-1.2187924224414073
Honolulu,ID07,2024-12-21,1.3854166666666667,1.4375,23.390625,22.00520833333333,3.3775978091666663,5.291666666666667,24,5,Hon_5,21.288479952,-157.838594776,59.81949228217885,10.996300548539354,27.876642428881237,20.90173813816493,19.226399779223996,38.25,19,0.8717586705740884,0.8515481440548469,0.4403832161734049,0.027202898772593017,-0.0024907486352011067,0.31018087257562715,2.866441734506143,2.4107937940458,-0.14071211714930093,1.5610759440633286,-1.2187924224414073
Honolulu,ID07,2024-12-26,0.9739583333333334,0.9375,24.057291666666668,23.08333333333333,1.6095112708333332,8.0,24,6,Hon_6,21.288479952,-157.838594776,59.81949228217885,10.996300548539354,27.876642428881237,20.90173813816493,19.226399779223996,38.25,19,0.8717586705740884,0.8515481440548469,0.4403832161734049,0.027202898772593017,-0.0024907486352011067,0.31018087257562715,2.866441734506143,2.4107937940458,-0.14071211714930093,1.5610759440633286,-1.2187924224414073
Honolulu,ID07,2025-01-03,1.1171875,1.25,22.947916666666668,21.830729166666668,3.27522905,7.458333333333333,24,7,Hon_7,21.288479952,-157.838594776,59.81949228217885,10.996300548539354,27.876642428881237,20.90173813816493,19.226399779223996,38.25,19,0.8717586705740884,0.8515481440548469,0.4403832161734049,0.027202898772593017,-0.0024907486352011067,0.31018087257562715,2.866441734506143,2.4107937940458,-0.14071211714930093,1.5610759440633286,-1.2187924224414073
Honolulu,ID22,2024-11-30,-0.3463541666666667,-0.21875,21.604166666666668,21.95052083333333,6.923625725,14.75,24,1,Hon_1,21.295181993,-157.815143784,27.576646057747467,19.865373572385632,3.139156511197601,8.170918255870335,10.4134268920715,13.550000190734863,6,0.2016753167996983,0.985681712125703,2.490914789321154,-1.257807149912657,0.7748610377091036,-0.7929133826563809,0.05144942748040886,0.6249168119653871,0.38754645818870626,-0.4385847847174068,0.6298941236523772
Honolulu,ID22,2024-12-01,-0.375,-0.4375,21.322916666666668,21.697916666666668,1.70763501625,5.208333333333333,24,2,Hon_2,21.295181993,-157.815143784,27.576646057747467,19.865373572385632,3.139156511197601,8.170918255870335,10.4134268920715,13.550000190734863,6,0.2016753167996983,0.985681712125703,2.490914789321154,-1.257807149912657,0.7748610377091036,-0.7929133826563809,0.05144942748040886,0.6249168119653871,0.38754645818870626,-0.4385847847174068,0.6298941236523772
Honolulu,ID22,2024-12-07,-0.3854166666666667,-0.375,22.25,22.635416666666668,5.9895923458333336,20.25,24,3,Hon_3,21.295181993,-157.815143784,27.576646057747467,19.865373572385632,3.139156511197601,8.170918255870335,10.4134268920715,13.550000190734863,6,0.2016753167996983,0.985681712125703,2.490914789321154,-1.257807149912657,0.7748610377091036,-0.7929133826563809,0.05144942748040886,0.6249168119653871,0.38754645818870626,-0.4385847847174068,0.6298941236523772
Honolulu,ID22,2024-12-16,-0.3072916666666667,-0.3125,21.234375,21.541666666666668,3.204256679166667,6.958333333333333,24,4,Hon_4,21.295181993,-157.815143784,27.576646057747467,19.865373572385632,3.139156511197601,8.170918255870335,10.4134268920715,13.550000190734863,6,0.2016753167996983,0.985681712125703,2.490914789321154,-1.257807149912657,0.7748610377091036,-0.7929133826563809,0.05144942748040886,0.6249168119653871,0.38754645818870626,-0.4385847847174068,0.6298941236523772
Honolulu,ID22,2024-12-21,-0.4895833333333333,-0.5,21.515625,22.00520833333333,3.3775978091666663,5.291666666666667,24,5,Hon_5,21.295181993,-157.815143784,27.576646057747467,19.865373572385632,3.139156511197601,8.170918255870335,10.4134268920715,13.550000190734863,6,0.2016753167996983,0.985681712125703,2.490914789321154,-1.257807149912657,0.7748610377091036,-0.7929133826563809,0.05144942748040886,0.6249168119653871,0.38754645818870626,-0.4385847847174068,0.6298941236523772
Honolulu,ID22,2024-12-26,-0.625,-0.625,22.45833333333333,23.08333333333333,1.6095112708333332,8.0,24,6,Hon_6,21.295181993,-157.815143784,27.576646057747467,19.865373572385632,3.139156511197601,8.170918255870335,10.4134268920715,13.550000190734863,6,0.2016753167996983,0.985681712125703,2.490914789321154,-1.257807149912657,0.7748610377091036,-0.7929133826563809,0.05144942748040886,0.6249168119653871,0.38754645818870626,-0.4385847847174068,0.6298941236523772
Honolulu,ID22,2025-01-03,-0.5963541666666666,-0.65625,21.234375,21.830729166666668,3.27522905,7.458333333333333,24,7,Hon_7,21.295181993,-157.815143784,27.576646057747467,19.865373572385632,3.139156511197601,8.170918255870335,10.4134268920715,13.550000190734863,6,0.2016753167996983,0.985681712125703,2.490914789321154,-1.257807149912657,0.7748610377091036,-0.7929133826563809,0.05144942748040886,0.6249168119653871,0.38754645818870626,-0.4385847847174068,0.6298941236523772
Honolulu,ID26,2024-11-30,0.8619791666666666,0.625,22.8125,21.95052083333333,6.923625725,14.75,24,1,Hon_1,21.296077264,-157.845905829,85.37720808621899,0.3634508703691895,0.0,41.18693593195512,20.83481159695079,33.0,36,1.9703957567546408,0.779086402670056,0.8117130937708954,1.0457830018141192,-0.9344330913166388,2.0678434080180685,-0.3057696310357218,2.736725313382686,-0.42608837919147746,4.8396254320379555,-0.8840145736793248
Honolulu,ID26,2024-12-01,0.8541666666666666,0.875,22.55208333333333,21.697916666666668,1.70763501625,5.208333333333333,24,2,Hon_2,21.296077264,-157.845905829,85.37720808621899,0.3634508703691895,0.0,41.18693593195512,20.83481159695079,33.0,36,1.9703957567546408,0.779086402670056,0.8117130937708954,1.0457830018141192,-0.9344330913166388,2.0678434080180685,-0.3057696310357218,2.736725313382686,-0.42608837919147746,4.8396254320379555,-0.8840145736793248
Honolulu,ID26,2024-12-07,0.9895833333333334,1.0,23.625,22.635416666666668,5.9895923458333336,20.25,24,3,Hon_3,21.296077264,-157.845905829,85.37720808621899,0.3634508703691895,0.0,41.18693593195512,20.83481159695079,33.0,36,1.9703957567546408,0.779086402670056,0.8117130937708954,1.0457830018141192,-0.9344330913166388,2.0678434080180685,-0.3057696310357218,2.736725313382686,-0.42608837919147746,4.8396254320379555,-0.8840145736793248
Honolulu,ID26,2024-12-16,0.8697916666666666,0.875,22.41145833333333,21.541666666666668,3.204256679166667,6.958333333333333,24,4,Hon_4,21.296077264,-157.845905829,85.37720808621899,0.3634508703691895,0.0,41.18693593195512,20.83481159695079,33.0,36,1.9703957567546408,0.779086402670056,0.8117130937708954,1.0457830018141192,-0.9344330913166388,2.0678434080180685,-0.3057696310357218,2.736725313382686,-0.42608837919147746,4.8396254320379555,-0.8840145736793248
Honolulu,ID26,2024-12-21,1.1875,1.3125,23.19270833333333,22.00520833333333,3.3775978091666663,5.291666666666667,24,5,Hon_5,21.296077264,-157.845905829,85.37720808621899,0.3634508703691895,0.0,41.18693593195512,20.83481159695079,33.0,36,1.9703957567546408,0.779086402670056,0.8117130937708954,1.0457830018141192,-0.9344330913166388,2.0678434080180685,-0.3057696310357218,2.736725313382686,-0.42608837919147746,4.8396254320379555,-0.8840145736793248
Honolulu,ID26,2024-12-26,0.828125,0.8125,23.91145833333333,23.08333333333333,1.6095112708333332,8.0,24,6,Hon_6,21.296077264,-157.845905829,85.37720808621899,0.3634508703691895,0.0,41.18693593195512,20.83481159695079,33.0,36,1.9703957567546408,0.779086402670056,0.8117130937708954,1.0457830018141192,-0.9344330913166388,2.0678434080180685,-0.3057696310357218,2.736725313382686,-0.42608837919147746,4.8396254320379555,-0.8840145736793248
Honolulu,ID26,2025-01-03,1.0442708333333333,1.0,22.875,21.830729166666668,3.27522905,7.458333333333333,24,7,Hon_7,21.296077264,-157.845905829,85.37720808621899,0.3634508703691895,0.0,41.18693593195512,20.83481159695079,33.0,36,1.9703957567546408,0.779086402670056,0.8117130937708954,1.0457830018141192,-0.9344330913166388,2.0678434080180685,-0.3057696310357218,2.736725313382686,-0.42608837919147746,4.8396254320379555,-0.8840145736793248
Honolulu,ID27,2024-11-30,0.2734375,0.25,22.22395833333333,21.95052083333333,6.923625725,14.75,24,1,Hon_1,21.299212947,-157.827035957,76.22052262587636,5.439811122100629,0.0,26.12573103247741,4.827993508967055,7.690000057220459,53,0.405964638316879,0.9154570552798548,2.0715109266235827,0.6808514214167714,-0.48950297300543183,0.7628270182573528,-0.3057696310357218,-0.5069256481845933,0.11098051192690372,0.17105479406954555,0.25177447482466425
Honolulu,ID27,2024-12-01,0.0416666666666666,0.0,21.73958333333333,21.697916666666668,1.70763501625,5.208333333333333,24,2,Hon_2,21.299212947,-157.827035957,76.22052262587636,5.439811122100629,0.0,26.12573103247741,4.827993508967055,7.690000057220459,53,0.405964638316879,0.9154570552798548,2.0715109266235827,0.6808514214167714,-0.48950297300543183,0.7628270182573528,-0.3057696310357218,-0.5069256481845933,0.11098051192690372,0.17105479406954555,0.25177447482466425
Honolulu,ID27,2024-12-07,0.0208333333333333,0.0,22.65625,22.635416666666668,5.9895923458333336,20.25,24,3,Hon_3,21.299212947,-157.827035957,76.22052262587636,5.439811122100629,0.0,26.12573103247741,4.827993508967055,7.690000057220459,53,0.405964638316879,0.9154570552798548,2.0715109266235827,0.6808514214167714,-0.48950297300543183,0.7628270182573528,-0.3057696310357218,-0.5069256481845933,0.11098051192690372,0.17105479406954555,0.25177447482466425
Honolulu,ID27,2024-12-16,0.1145833333333333,0.09375,21.65625,21.541666666666668,3.204256679166667,6.958333333333333,24,4,Hon_4,21.299212947,-157.827035957,76.22052262587636,5.439811122100629,0.0,26.12573103247741,4.827993508967055,7.690000057220459,53,0.405964638316879,0.9154570552798548,2.0715109266235827,0.6808514214167714,-0.48950297300543183,0.7628270182573528,-0.3057696310357218,-0.5069256481845933,0.11098051192690372,0.17105479406954555,0.25177447482466425
Honolulu,ID27,2024-12-21,0.0208333333333333,-0.03125,22.026041666666668,22.00520833333333,3.3775978091666663,5.291666666666667,24,5,Hon_5,21.299212947,-157.827035957,76.22052262587636,5.439811122100629,0.0,26.12573103247741,4.827993508967055,7.690000057220459,53,0.405964638316879,0.9154570552798548,2.0715109266235827,0.6808514214167714,-0.48950297300543183,0.7628270182573528,-0.3057696310357218,-0.5069256481845933,0.11098051192690372,0.17105479406954555,0.25177447482466425
Honolulu,ID27,2024-12-26,0.0104166666666666,0.0,23.09375,23.08333333333333,1.6095112708333332,8.0,24,6,Hon_6,21.299212947,-157.827035957,76.22052262587636,5.439811122100629,0.0,26.12573103247741,4.827993508967055,7.690000057220459,53,0.405964638316879,0.9154570552798548,2.0715109266235827,0.6808514214167714,-0.48950297300543183,0.7628270182573528,-0.3057696310357218,-0.5069256481845933,0.11098051192690372,0.17105479406954555,0.25177447482466425
Honolulu,ID27,2025-01-03,0.0130208333333333,0.0,21.84375,21.830729166666668,3.27522905,7.458333333333333,24,7,Hon_7,21.299212947,-157.827035957,76.22052262587636,5.439811122100629,0.0,26.12573103247741,4.827993508967055,7.690000057220459,53,0.405964638316879,0.9154570552798548,2.0715109266235827,0.6808514214167714,-0.48950297300543183,0.7628270182573528,-0.3057696310357218,-0.5069256481845933,0.11098051192690372,0.17105479406954555,0.25177447482466425
Honolulu,ID41,2024-11-30,-0.4505208333333333,-0.5,21.5,21.95052083333333,6.923625725,14.75,24,1,Hon_1,21.299348096,-157.823310616,60.30171588951968,8.270077183134529,0.0,19.590595023849733,4.501811285384349,5.769999980926514,36,0.2736247753573064,0.9780471471376267,2.395638361788394,0.046421493087529055,-0.2414373214476063,0.19657354401703514,-0.3057696310357218,-0.573023811939228,0.3574792313048576,-0.22387342690754405,0.5439962754815695
Honolulu,ID41,2024-12-01,-0.7395833333333334,-0.75,20.95833333333333,21.697916666666668,1.70763501625,5.208333333333333,24,2,Hon_2,21.299348096,-157.823310616,60.30171588951968,8.270077183134529,0.0,19.590595023849733,4.501811285384349,5.769999980926514,36,0.2736247753573064,0.9780471471376267,2.395638361788394,0.046421493087529055,-0.2414373214476063,0.19657354401703514,-0.3057696310357218,-0.573023811939228,0.3574792313048576,-0.22387342690754405,0.5439962754815695
Honolulu,ID41,2024-12-07,-0.828125,-0.875,21.807291666666668,22.635416666666668,5.9895923458333336,20.25,24,3,Hon_3,21.299348096,-157.823310616,60.30171588951968,8.270077183134529,0.0,19.590595023849733,4.501811285384349,5.769999980926514,36,0.2736247753573064,0.9780471471376267,2.395638361788394,0.046421493087529055,-0.2414373214476063,0.19657354401703514,-0.3057696310357218,-0.573023811939228,0.3574792313048576,-0.22387342690754405,0.5439962754815695
Honolulu,ID41,2024-12-16,-0.6875,-0.625,20.854166666666668,21.541666666666668,3.204256679166667,6.958333333333333,24,4,Hon_4,21.299348096,-157.823310616,60.30171588951968,8.270077183134529,0.0,19.590595023849733,4.501811285384349,5.769999980926514,36,0.2736247753573064,0.9780471471376267,2.395638361788394,0.046421493087529055,-0.2414373214476063,0.19657354401703514,-0.3057696310357218,-0.573023811939228,0.3574792313048576,-0.22387342690754405,0.5439962754815695
Honolulu,ID41,2024-12-21,-0.7552083333333334,-0.75,21.25,22.00520833333333,3.3775978091666663,5.291666666666667,24,5,Hon_5,21.299348096,-157.823310616,60.30171588951968,8.270077183134529,0.0,19.590595023849733,4.501811285384349,5.769999980926514,36,0.2736247753573064,0.9780471471376267,2.395638361788394,0.046421493087529055,-0.2414373214476063,0.19657354401703514,-0.3057696310357218,-0.573023811939228,0.3574792313048576,-0.22387342690754405,0.5439962754815695
Honolulu,ID41,2024-12-26,-0.671875,-0.65625,22.41145833333333,23.08333333333333,1.6095112708333332,8.0,24,6,Hon_6,21.299348096,-157.823310616,60.30171588951968,8.270077183134529,0.0,19.590595023849733,4.501811285384349,5.769999980926514,36,0.2736247753573064,0.9780471471376267,2.395638361788394,0.046421493087529055,-0.2414373214476063,0.19657354401703514,-0.3057696310357218,-0.573023811939228,0.3574792313048576,-0.22387342690754405,0.5439962754815695
Honolulu,ID41,2025-01-03,-0.7005208333333334,-0.6875,21.13020833333333,21.830729166666668,3.27522905,7.458333333333333,24,7,Hon_7,21.299348096,-157.823310616,60.30171588951968,8.270077183134529,0.0,19.590595023849733,4.501811285384349,5.769999980926514,36,0.2736247753573064,0.9780471471376267,2.395638361788394,0.046421493087529055,-0.2414373214476063,0.19657354401703514,-0.3057696310357218,-0.573023811939228,0.3574792313048576,-0.22387342690754405,0.5439962754815695
Honolulu,ID46,2024-11-30,0.0442708333333333,0.0,21.994791666666668,21.95052083333333,6.923625725,14.75,24,1,Hon_1,21.287044128,-157.830554688,1.3201530612244898,0.0,42.01077771754727,0.0,0.0,0.0,0,0.0,0.9905006146774809,0.9809413197410238,-2.3042363984012786,-0.9662886395312319,-1.500903368482522,4.474830001464738,-1.485279103676021,0.40652475447431713,-1.0404236584891484,-0.7314444066713413
Honolulu,ID46,2024-12-01,-0.2760416666666667,-0.3125,21.421875,21.697916666666668,1.70763501625,5.208333333333333,24,2,Hon_2,21.287044128,-157.830554688,1.3201530612244898,0.0,42.01077771754727,0.0,0.0,0.0,0,0.0,0.9905006146774809,0.9809413197410238,-2.3042363984012786,-0.9662886395312319,-1.500903368482522,4.474830001464738,-1.485279103676021,0.40652475447431713,-1.0404236584891484,-0.7314444066713413
Honolulu,ID46,2024-12-07,-0.1666666666666666,-0.125,22.46875,22.635416666666668,5.9895923458333336,20.25,24,3,Hon_3,21.287044128,-157.830554688,1.3201530612244898,0.0,42.01077771754727,0.0,0.0,0.0,0,0.0,0.9905006146774809,0.9809413197410238,-2.3042363984012786,-0.9662886395312319,-1.500903368482522,4.474830001464738,-1.485279103676021,0.40652475447431713,-1.0404236584891484,-0.7314444066713413
Honolulu,ID46,2024-12-16,0.03125,0.0,21.572916666666668,21.541666666666668,3.204256679166667,6.958333333333333,24,4,Hon_4,21.287044128,-157.830554688,1.3201530612244898,0.0,42.01077771754727,0.0,0.0,0.0,0,0.0,0.9905006146774809,0.9809413197410238,-2.3042363984012786,-0.9662886395312319,-1.500903368482522,4.474830001464738,-1.485279103676021,0.40652475447431713,-1.0404236584891484,-0.7314444066713413
Honolulu,ID46,2024-12-21,-0.0885416666666666,0.0,21.916666666666668,22.00520833333333,3.3775978091666663,5.291666666666667,24,5,Hon_5,21.287044128,-157.830554688,1.3201530612244898,0.0,42.01077771754727,0.0,0.0,0.0,0,0.0,0.9905006146774809,0.9809413197410238,-2.3042363984012786,-0.9662886395312319,-1.500903368482522,4.474830001464738,-1.485279103676021,0.40652475447431713,-1.0404236584891484,-0.7314444066713413
Honolulu,ID46,2024-12-26,-0.25,-0.15625,22.83333333333333,23.08333333333333,1.6095112708333332,8.0,24,6,Hon_6,21.287044128,-157.830554688,1.3201530612244898,0.0,42.01077771754727,0.0,0.0,0.0,0,0.0,0.9905006146774809,0.9809413197410238,-2.3042363984012786,-0.9662886395312319,-1.500903368482522,4.474830001464738,-1.485279103676021,0.40652475447431713,-1.0404236584891484,-0.7314444066713413
Honolulu,ID46,2025-01-03,-0.1692708333333333,-0.15625,21.66145833333333,21.830729166666668,3.27522905,7.458333333333333,24,7,Hon_7,21.287044128,-157.830554688,1.3201530612244898,0.0,42.01077771754727,0.0,0.0,0.0,0,0.0,0.9905006146774809,0.9809413197410238,-2.3042363984012786,-0.9662886395312319,-1.500903368482522,4.474830001464738,-1.485279103676021,0.40652475447431713,-1.0404236584891484,-0.7314444066713413
