datetime,wind,cloud,region
2024-11-23 21:30:00,5.5829024,20.0,Honolulu
2024-11-23 22:00:00,5.5829024,20.0,Honolulu
2024-11-23 22:01:00,5.5829024,20.0,Honolulu
2024-11-23 22:02:00,5.5829024,20.0,Honolulu
2024-11-23 22:30:00,5.5829024,20.0,Honolulu
2024-11-23 22:31:00,4.613762,97.0,Honolulu
2024-11-23 22:32:00,4.613762,97.0,Honolulu
2024-11-23 23:00:00,4.613762,97.0,Honolulu
2024-11-23 23:01:00,4.613762,97.0,Honolulu
2024-11-23 23:02:00,4.613762,97.0,Honolulu
2024-11-23 23:30:00,4.278551,3.0,Honolulu
2024-11-23 23:31:00,4.278551,3.0,Honolulu
2024-11-23 23:32:00,4.278551,3.0,Honolulu
2024-11-24 00:00:00,4.278551,3.0,Honolulu
2024-11-24 00:01:00,4.278551,3.0,Honolulu
2024-11-24 00:02:00,4.278551,3.0,Honolulu
2024-11-24 00:30:00,4.278551,3.0,Honolulu
2024-11-24 00:31:00,3.462369,0.0,Honolulu
2024-11-24 00:32:00,3.462369,0.0,Honolulu
2024-11-24 01:00:00,3.462369,0.0,Honolulu
2024-11-24 01:01:00,3.462369,0.0,Honolulu
2024-11-24 01:02:00,3.462369,0.0,Honolulu
2024-11-24 01:30:00,2.6758924,0.0,Honolulu
2024-11-24 01:31:00,2.6758924,0.0,Honolulu
2024-11-24 01:32:00,2.6758924,0.0,Honolulu
2024-11-24 02:00:00,2.6758924,0.0,Honolulu
2024-11-24 02:01:00,2.6758924,0.0,Honolulu
2024-11-24 02:02:00,2.6758924,0.0,Honolulu
2024-11-24 02:30:00,2.6758924,0.0,Honolulu
2024-11-24 02:31:00,2.995797,0.0,Honolulu
2024-11-24 02:32:00,2.995797,0.0,Honolulu
2024-11-24 03:00:00,2.995797,0.0,Honolulu
2024-11-24 03:01:00,2.995797,0.0,Honolulu
2024-11-24 03:02:00,2.995797,0.0,Honolulu
2024-11-24 03:30:00,5.257109,1.0,Honolulu
2024-11-24 03:31:00,5.257109,1.0,Honolulu
2024-11-24 03:32:00,5.257109,1.0,Honolulu
2024-11-24 04:00:00,5.257109,1.0,Honolulu
2024-11-24 04:01:00,5.257109,1.0,Honolulu
2024-11-24 04:02:00,5.257109,1.0,Honolulu
2024-11-24 04:30:00,5.257109,1.0,Honolulu
2024-11-24 04:31:00,4.5,6.0,Honolulu
2024-11-24 04:32:00,4.5,6.0,Honolulu
2024-11-24 05:00:00,4.5,6.0,Honolulu
2024-11-24 05:01:00,4.5,6.0,Honolulu
2024-11-24 05:02:00,4.5,6.0,Honolulu
2024-11-24 05:30:00,3.6447225,10.0,Honolulu
2024-11-24 05:31:00,3.6447225,10.0,Honolulu
2024-11-24 05:32:00,3.6447225,10.0,Honolulu
2024-11-24 06:00:00,3.6447225,10.0,Honolulu
2024-11-24 06:01:00,3.6447225,10.0,Honolulu
2024-11-24 06:02:00,3.6447225,10.0,Honolulu
2024-11-24 06:30:00,3.6447225,10.0,Honolulu
2024-11-24 06:31:00,4.143911,13.0,Honolulu
2024-11-24 06:32:00,4.143911,13.0,Honolulu
2024-11-24 07:00:00,4.143911,13.0,Honolulu
2024-11-24 07:01:00,4.143911,13.0,Honolulu
2024-11-24 07:02:00,4.143911,13.0,Honolulu
2024-11-24 07:30:00,5.8409934,0.0,Honolulu
2024-11-24 07:31:00,5.8409934,0.0,Honolulu
2024-11-24 07:32:00,5.8409934,0.0,Honolulu
2024-11-24 08:00:00,5.8409934,0.0,Honolulu
2024-11-24 08:01:00,5.8409934,0.0,Honolulu
2024-11-24 08:02:00,5.8409934,0.0,Honolulu
2024-11-24 08:30:00,5.8409934,0.0,Honolulu
2024-11-24 08:31:00,4.9785542,0.0,Honolulu
2024-11-24 08:32:00,4.9785542,0.0,Honolulu
2024-11-24 09:00:00,4.9785542,0.0,Honolulu
2024-11-24 09:01:00,4.9785542,0.0,Honolulu
2024-11-24 09:02:00,4.9785542,0.0,Honolulu
2024-11-24 09:30:00,3.4949677,2.0,Honolulu
2024-11-24 09:31:00,3.4949677,2.0,Honolulu
2024-11-24 09:32:00,3.4949677,2.0,Honolulu
2024-11-24 10:00:00,3.4949677,2.0,Honolulu
2024-11-24 10:01:00,3.4949677,2.0,Honolulu
2024-11-24 10:02:00,3.4949677,2.0,Honolulu
2024-11-24 10:30:00,3.4949677,2.0,Honolulu
2024-11-24 10:31:00,3.8856654,0.0,Honolulu
2024-11-24 10:32:00,3.8856654,0.0,Honolulu
2024-11-24 11:00:00,3.8856654,0.0,Honolulu
2024-11-24 11:01:00,3.8856654,0.0,Honolulu
2024-11-24 11:02:00,3.8856654,0.0,Honolulu
2024-11-24 11:30:00,4.353619,0.0,Honolulu
2024-11-24 11:31:00,4.353619,0.0,Honolulu
2024-11-24 11:32:00,4.353619,0.0,Honolulu
2024-11-24 12:00:00,4.353619,0.0,Honolulu
2024-11-24 12:01:00,4.353619,0.0,Honolulu
2024-11-24 12:02:00,4.353619,0.0,Honolulu
2024-11-24 12:30:00,4.353619,0.0,Honolulu
2024-11-24 12:31:00,5.815978,0.0,Honolulu
2024-11-24 12:32:00,5.815978,0.0,Honolulu
2024-11-24 13:00:00,5.815978,0.0,Honolulu
2024-11-24 13:01:00,5.815978,0.0,Honolulu
2024-11-24 13:02:00,5.815978,0.0,Honolulu
2024-11-24 13:30:00,6.698806,3.0,Honolulu
2024-11-24 13:31:00,6.698806,3.0,Honolulu
2024-11-24 13:32:00,6.698806,3.0,Honolulu
2024-11-24 14:00:00,6.698806,3.0,Honolulu
2024-11-24 14:01:00,6.698806,3.0,Honolulu
2024-11-24 14:02:00,6.698806,3.0,Honolulu
2024-11-24 14:30:00,6.698806,3.0,Honolulu
2024-11-24 14:31:00,6.28713,13.0,Honolulu
2024-11-24 14:32:00,6.28713,13.0,Honolulu
2024-11-24 15:00:00,6.28713,13.0,Honolulu
2024-11-24 15:01:00,6.28713,13.0,Honolulu
2024-11-24 15:02:00,6.28713,13.0,Honolulu
2024-11-24 15:30:00,3.9844694,84.0,Honolulu
2024-11-24 15:31:00,3.9844694,84.0,Honolulu
2024-11-24 15:32:00,3.9844694,84.0,Honolulu
2024-11-24 16:00:00,3.9844694,84.0,Honolulu
2024-11-24 16:01:00,3.9844694,84.0,Honolulu
2024-11-24 16:02:00,3.9844694,84.0,Honolulu
2024-11-24 16:30:00,3.9844694,84.0,Honolulu
2024-11-24 16:31:00,0.76367533,100.0,Honolulu
2024-11-24 16:32:00,0.76367533,100.0,Honolulu
2024-11-24 17:00:00,0.76367533,100.0,Honolulu
2024-11-24 17:01:00,0.76367533,100.0,Honolulu
2024-11-24 17:02:00,0.76367533,100.0,Honolulu
2024-11-24 17:30:00,4.9785542,42.0,Honolulu
2024-11-24 17:31:00,4.9785542,42.0,Honolulu
2024-11-24 17:32:00,4.9785542,42.0,Honolulu
2024-11-24 18:00:00,4.9785542,42.0,Honolulu
2024-11-24 18:01:00,4.9785542,42.0,Honolulu
2024-11-24 18:02:00,4.9785542,42.0,Honolulu
2024-11-24 18:30:00,4.9785542,42.0,Honolulu
2024-11-24 18:31:00,5.983477,13.0,Honolulu
2024-11-24 18:32:00,5.983477,13.0,Honolulu
2024-11-24 19:00:00,5.983477,13.0,Honolulu
2024-11-24 19:01:00,5.983477,13.0,Honolulu
2024-11-24 19:02:00,5.983477,13.0,Honolulu
2024-11-24 19:30:00,5.1544156,29.0,Honolulu
2024-11-24 19:31:00,5.1544156,29.0,Honolulu
2024-11-24 19:32:00,5.1544156,29.0,Honolulu
2024-11-24 20:00:00,5.1544156,29.0,Honolulu
2024-11-24 20:01:00,5.1544156,29.0,Honolulu
2024-11-24 20:02:00,5.1544156,29.0,Honolulu
2024-11-24 20:30:00,5.1544156,29.0,Honolulu
2024-11-24 20:31:00,4.6938252,35.0,Honolulu
2024-11-24 20:32:00,4.6938252,35.0,Honolulu
2024-11-24 21:00:00,4.6938252,35.0,Honolulu
2024-11-24 21:01:00,4.6938252,35.0,Honolulu
2024-11-24 21:02:00,4.6938252,35.0,Honolulu
2024-11-24 21:30:00,4.323748,35.0,Honolulu
2024-11-24 21:31:00,4.323748,35.0,Honolulu
2024-11-24 21:32:00,4.323748,35.0,Honolulu
2024-11-24 22:00:00,4.323748,35.0,Honolulu
2024-11-24 22:01:00,4.323748,35.0,Honolulu
2024-11-24 22:02:00,4.323748,35.0,Honolulu
2024-11-24 22:30:00,4.323748,35.0,Honolulu
2024-11-24 22:31:00,5.426933,80.0,Honolulu
2024-11-24 22:32:00,5.426933,80.0,Honolulu
2024-11-24 23:00:00,5.426933,80.0,Honolulu
2024-11-24 23:01:00,5.426933,80.0,Honolulu
2024-11-24 23:02:00,5.426933,80.0,Honolulu
2024-11-24 23:30:00,5.2939587,100.0,Honolulu
2024-11-24 23:31:00,5.2939587,100.0,Honolulu
2024-11-24 23:32:00,5.2939587,100.0,Honolulu
2024-11-25 00:00:00,5.2939587,100.0,Honolulu
2024-11-25 00:01:00,5.2939587,100.0,Honolulu
2024-11-25 00:02:00,5.2939587,100.0,Honolulu
2024-11-25 00:30:00,5.2939587,100.0,Honolulu
2024-11-25 00:31:00,5.2939587,65.0,Honolulu
2024-11-25 00:32:00,5.2939587,65.0,Honolulu
2024-11-25 01:00:00,5.2939587,65.0,Honolulu
2024-11-25 01:01:00,5.2939587,65.0,Honolulu
2024-11-25 01:02:00,5.2939587,65.0,Honolulu
2024-11-25 01:30:00,2.968636,30.0,Honolulu
2024-11-25 01:31:00,2.968636,30.0,Honolulu
2024-11-25 01:32:00,2.968636,30.0,Honolulu
2024-11-25 02:00:00,2.968636,30.0,Honolulu
2024-11-25 02:01:00,2.968636,30.0,Honolulu
2024-11-25 02:02:00,2.968636,30.0,Honolulu
2024-11-25 02:30:00,2.968636,30.0,Honolulu
2024-11-25 02:31:00,2.6999998,41.0,Honolulu
2024-11-25 02:32:00,2.6999998,41.0,Honolulu
2024-11-25 03:00:00,2.6999998,41.0,Honolulu
2024-11-25 03:01:00,2.6999998,41.0,Honolulu
2024-11-25 03:02:00,2.6999998,41.0,Honolulu
2024-11-25 03:30:00,2.7059932,46.0,Honolulu
2024-11-25 03:31:00,2.7059932,46.0,Honolulu
2024-11-25 03:32:00,2.7059932,46.0,Honolulu
2024-11-25 04:00:00,2.7059932,46.0,Honolulu
2024-11-25 04:01:00,2.7059932,46.0,Honolulu
2024-11-25 04:02:00,2.7059932,46.0,Honolulu
2024-11-25 04:30:00,2.7059932,46.0,Honolulu
2024-11-25 04:31:00,2.5264204,43.0,Honolulu
2024-11-25 04:32:00,2.5264204,43.0,Honolulu
2024-11-25 05:00:00,2.5264204,43.0,Honolulu
2024-11-25 05:01:00,2.5264204,43.0,Honolulu
2024-11-25 05:02:00,2.5264204,43.0,Honolulu
2024-11-25 05:30:00,2.9301877,42.0,Honolulu
2024-11-25 05:31:00,2.9301877,42.0,Honolulu
2024-11-25 05:32:00,2.9301877,42.0,Honolulu
2024-11-25 06:00:00,2.9301877,42.0,Honolulu
2024-11-25 06:01:00,2.9301877,42.0,Honolulu
2024-11-25 06:02:00,2.9301877,42.0,Honolulu
2024-11-25 06:30:00,2.9301877,42.0,Honolulu
2024-11-25 06:31:00,1.8089776,29.0,Honolulu
2024-11-25 06:32:00,1.8089776,29.0,Honolulu
2024-11-25 07:00:00,1.8089776,29.0,Honolulu
2024-11-25 07:01:00,1.8089776,29.0,Honolulu
2024-11-25 07:02:00,1.8089776,29.0,Honolulu
2024-11-25 07:30:00,1.9386592,21.0,Honolulu
2024-11-25 07:31:00,1.9386592,21.0,Honolulu
2024-11-25 07:32:00,1.9386592,21.0,Honolulu
2024-11-25 08:00:00,1.9386592,21.0,Honolulu
2024-11-25 08:01:00,1.9386592,21.0,Honolulu
2024-11-25 08:02:00,1.9386592,21.0,Honolulu
2024-11-25 08:30:00,1.9386592,21.0,Honolulu
2024-11-25 08:31:00,7.729527,37.0,Honolulu
2024-11-25 08:32:00,7.729527,37.0,Honolulu
2024-11-25 09:00:00,7.729527,37.0,Honolulu
2024-11-25 09:01:00,7.729527,37.0,Honolulu
2024-11-25 09:02:00,7.729527,37.0,Honolulu
2024-11-25 09:30:00,9.693296,9.0,Honolulu
2024-11-25 09:31:00,9.693296,9.0,Honolulu
2024-11-25 09:32:00,9.693296,9.0,Honolulu
2024-11-25 10:00:00,9.693296,9.0,Honolulu
2024-11-25 10:01:00,9.693296,9.0,Honolulu
2024-11-25 10:02:00,9.693296,9.0,Honolulu
2024-11-25 10:30:00,9.693296,9.0,Honolulu
2024-11-25 10:31:00,12.157663,18.0,Honolulu
2024-11-25 10:32:00,12.157663,18.0,Honolulu
2024-11-25 11:00:00,12.157663,18.0,Honolulu
2024-11-25 11:01:00,12.157663,18.0,Honolulu
2024-11-25 11:02:00,12.157663,18.0,Honolulu
2024-11-25 11:30:00,14.138882,46.0,Honolulu
2024-11-25 11:31:00,14.138882,46.0,Honolulu
2024-11-25 11:32:00,14.138882,46.0,Honolulu
2024-11-25 12:00:00,14.138882,46.0,Honolulu
2024-11-25 12:01:00,14.138882,46.0,Honolulu
2024-11-25 12:02:00,14.138882,46.0,Honolulu
2024-11-25 12:30:00,14.138882,46.0,Honolulu
2024-11-25 12:31:00,14.24163,48.0,Honolulu
2024-11-25 12:32:00,14.24163,48.0,Honolulu
2024-11-25 13:00:00,14.24163,48.0,Honolulu
2024-11-25 13:01:00,14.24163,48.0,Honolulu
2024-11-25 13:02:00,14.24163,48.0,Honolulu
2024-11-25 13:30:00,14.275713,86.0,Honolulu
2024-11-25 13:31:00,14.275713,86.0,Honolulu
2024-11-25 13:32:00,14.275713,86.0,Honolulu
2024-11-25 14:00:00,14.275713,86.0,Honolulu
2024-11-25 14:01:00,14.275713,86.0,Honolulu
2024-11-25 14:02:00,14.275713,86.0,Honolulu
2024-11-25 14:30:00,14.275713,86.0,Honolulu
2024-11-25 14:31:00,11.749741,63.0,Honolulu
2024-11-25 14:32:00,11.749741,63.0,Honolulu
2024-11-25 15:00:00,11.749741,63.0,Honolulu
2024-11-25 15:01:00,11.749741,63.0,Honolulu
2024-11-25 15:02:00,11.749741,63.0,Honolulu
2024-11-25 15:30:00,12.525207,13.0,Honolulu
2024-11-25 15:31:00,12.525207,13.0,Honolulu
2024-11-25 15:32:00,12.525207,13.0,Honolulu
2024-11-25 16:00:00,12.525207,13.0,Honolulu
2024-11-25 16:01:00,12.525207,13.0,Honolulu
2024-11-25 16:02:00,12.525207,13.0,Honolulu
2024-11-25 16:30:00,12.525207,13.0,Honolulu
2024-11-25 16:31:00,15.367616,21.0,Honolulu
2024-11-25 16:32:00,15.367616,21.0,Honolulu
2024-11-25 17:00:00,15.367616,21.0,Honolulu
2024-11-25 17:01:00,15.367616,21.0,Honolulu
2024-11-25 17:02:00,15.367616,21.0,Honolulu
2024-11-25 17:30:00,11.448055,27.0,Honolulu
2024-11-25 17:31:00,11.448055,27.0,Honolulu
2024-11-25 17:32:00,11.448055,27.0,Honolulu
2024-11-25 18:00:00,11.448055,27.0,Honolulu
2024-11-25 18:01:00,11.448055,27.0,Honolulu
2024-11-25 18:02:00,11.448055,27.0,Honolulu
2024-11-25 18:30:00,11.448055,27.0,Honolulu
2024-11-25 18:31:00,9.997699,58.0,Honolulu
2024-11-25 18:32:00,9.997699,58.0,Honolulu
2024-11-25 19:00:00,9.997699,58.0,Honolulu
2024-11-25 19:01:00,9.997699,58.0,Honolulu
2024-11-25 19:02:00,9.997699,58.0,Honolulu
2024-11-25 19:30:00,9.9,24.0,Honolulu
2024-11-25 19:31:00,9.9,24.0,Honolulu
2024-11-25 19:32:00,9.9,24.0,Honolulu
2024-11-25 20:00:00,9.9,24.0,Honolulu
2024-11-25 20:01:00,9.9,24.0,Honolulu
2024-11-25 20:02:00,9.9,24.0,Honolulu
2024-11-25 20:30:00,9.9,24.0,Honolulu
2024-11-25 20:31:00,9.67657,52.0,Honolulu
2024-11-25 20:32:00,9.67657,52.0,Honolulu
2024-11-25 21:00:00,9.67657,52.0,Honolulu
2024-11-25 21:01:00,9.67657,52.0,Honolulu
2024-11-25 21:02:00,9.67657,52.0,Honolulu
2024-11-25 21:30:00,9.044888,47.0,Honolulu
2024-11-25 21:31:00,9.044888,47.0,Honolulu
2024-11-25 21:32:00,9.044888,47.0,Honolulu
2024-11-25 22:00:00,9.044888,47.0,Honolulu
2024-11-25 22:01:00,9.044888,47.0,Honolulu
2024-11-25 22:02:00,9.044888,47.0,Honolulu
2024-11-25 22:30:00,9.044888,47.0,Honolulu
2024-11-25 22:31:00,8.936778,38.0,Honolulu
2024-11-25 22:32:00,8.936778,38.0,Honolulu
2024-11-25 23:00:00,8.936778,38.0,Honolulu
2024-11-25 23:01:00,8.936778,38.0,Honolulu
2024-11-25 23:02:00,8.936778,38.0,Honolulu
2024-11-25 23:30:00,7.7734165,23.0,Honolulu
2024-11-25 23:31:00,7.7734165,23.0,Honolulu
2024-11-25 23:32:00,7.7734165,23.0,Honolulu
2024-11-26 00:00:00,7.7734165,23.0,Honolulu
2024-11-26 00:01:00,7.7734165,23.0,Honolulu
2024-11-26 00:02:00,7.7734165,23.0,Honolulu
2024-11-26 00:30:00,7.7734165,23.0,Honolulu
2024-11-26 00:31:00,7.2649574,20.0,Honolulu
2024-11-26 00:32:00,7.2649574,20.0,Honolulu
2024-11-26 01:00:00,7.2649574,20.0,Honolulu
2024-11-26 01:01:00,7.2649574,20.0,Honolulu
2024-11-26 01:02:00,7.2649574,20.0,Honolulu
2024-11-26 01:30:00,6.050785,34.0,Honolulu
2024-11-26 01:31:00,6.050785,34.0,Honolulu
2024-11-26 01:32:00,6.050785,34.0,Honolulu
2024-11-26 02:00:00,6.050785,34.0,Honolulu
2024-11-26 02:01:00,6.050785,34.0,Honolulu
2024-11-26 02:02:00,6.050785,34.0,Honolulu
2024-11-26 02:30:00,6.050785,34.0,Honolulu
2024-11-26 02:31:00,3.8183763,41.0,Honolulu
2024-11-26 02:32:00,3.8183763,41.0,Honolulu
2024-11-26 03:00:00,3.8183763,41.0,Honolulu
2024-11-26 03:01:00,3.8183763,41.0,Honolulu
2024-11-26 03:02:00,3.8183763,41.0,Honolulu
2024-11-26 03:30:00,3.1072817,57.0,Honolulu
2024-11-26 03:31:00,3.1072817,57.0,Honolulu
2024-11-26 03:32:00,3.1072817,57.0,Honolulu
2024-11-26 04:00:00,3.1072817,57.0,Honolulu
2024-11-26 04:01:00,3.1072817,57.0,Honolulu
2024-11-26 04:02:00,3.1072817,57.0,Honolulu
2024-11-26 04:30:00,3.1072817,57.0,Honolulu
2024-11-26 04:31:00,2.4482646,31.0,Honolulu
2024-11-26 04:32:00,2.4482646,31.0,Honolulu
2024-11-26 05:00:00,2.4482646,31.0,Honolulu
2024-11-26 05:01:00,2.4482646,31.0,Honolulu
2024-11-26 05:02:00,2.4482646,31.0,Honolulu
2024-11-26 05:30:00,2.2768397,35.0,Honolulu
2024-11-26 05:31:00,2.2768397,35.0,Honolulu
2024-11-26 05:32:00,2.2768397,35.0,Honolulu
2024-11-26 06:00:00,2.2768397,35.0,Honolulu
2024-11-26 06:01:00,2.2768397,35.0,Honolulu
2024-11-26 06:02:00,2.2768397,35.0,Honolulu
2024-11-26 06:30:00,2.2768397,35.0,Honolulu
2024-11-26 06:31:00,2.7943513,38.0,Honolulu
2024-11-26 06:32:00,2.7943513,38.0,Honolulu
2024-11-26 07:00:00,2.7943513,38.0,Honolulu
2024-11-26 07:01:00,2.7943513,38.0,Honolulu
2024-11-26 07:02:00,2.7943513,38.0,Honolulu
2024-11-26 07:30:00,5.1544156,53.0,Honolulu
2024-11-26 07:31:00,5.1544156,53.0,Honolulu
2024-11-26 07:32:00,5.1544156,53.0,Honolulu
2024-11-26 08:00:00,5.1544156,53.0,Honolulu
2024-11-26 08:01:00,5.1544156,53.0,Honolulu
2024-11-26 08:02:00,5.1544156,53.0,Honolulu
2024-11-26 08:30:00,5.1544156,53.0,Honolulu
2024-11-26 08:31:00,9.19939,48.0,Honolulu
2024-11-26 08:32:00,9.19939,48.0,Honolulu
2024-11-26 09:00:00,9.19939,48.0,Honolulu
2024-11-26 09:01:00,9.19939,48.0,Honolulu
2024-11-26 09:02:00,9.19939,48.0,Honolulu
2024-11-26 09:30:00,11.144021,95.0,Honolulu
2024-11-26 09:31:00,11.144021,95.0,Honolulu
2024-11-26 09:32:00,11.144021,95.0,Honolulu
2024-11-26 10:00:00,11.144021,95.0,Honolulu
2024-11-26 10:01:00,11.144021,95.0,Honolulu
2024-11-26 10:02:00,11.144021,95.0,Honolulu
2024-11-26 10:30:00,11.144021,95.0,Honolulu
2024-11-26 10:31:00,13.462749,81.0,Honolulu
2024-11-26 10:32:00,13.462749,81.0,Honolulu
2024-11-26 11:00:00,13.462749,81.0,Honolulu
2024-11-26 11:01:00,13.462749,81.0,Honolulu
2024-11-26 11:02:00,13.462749,81.0,Honolulu
2024-11-26 11:30:00,13.833091,52.0,Honolulu
2024-11-26 11:31:00,13.833091,52.0,Honolulu
2024-11-26 11:32:00,13.833091,52.0,Honolulu
2024-11-26 12:00:00,13.833091,52.0,Honolulu
2024-11-26 12:01:00,13.833091,52.0,Honolulu
2024-11-26 12:02:00,13.833091,52.0,Honolulu
2024-11-26 12:30:00,13.833091,52.0,Honolulu
2024-11-26 12:31:00,13.33094,57.0,Honolulu
2024-11-26 12:32:00,13.33094,57.0,Honolulu
2024-11-26 13:00:00,13.33094,57.0,Honolulu
2024-11-26 13:01:00,13.33094,57.0,Honolulu
2024-11-26 13:02:00,13.33094,57.0,Honolulu
2024-11-26 13:30:00,13.282243,84.0,Honolulu
2024-11-26 13:31:00,13.282243,84.0,Honolulu
2024-11-26 13:32:00,13.282243,84.0,Honolulu
2024-11-26 14:00:00,13.282243,84.0,Honolulu
2024-11-26 14:01:00,13.282243,84.0,Honolulu
2024-11-26 14:02:00,13.282243,84.0,Honolulu
2024-11-26 14:30:00,13.282243,84.0,Honolulu
2024-11-26 14:31:00,4.2366967,15.0,Honolulu
2024-11-26 14:32:00,4.2366967,15.0,Honolulu
2024-11-26 15:00:00,4.2366967,15.0,Honolulu
2024-11-26 15:01:00,4.2366967,15.0,Honolulu
2024-11-26 15:02:00,4.2366967,15.0,Honolulu
2024-11-26 15:30:00,7.79215,13.0,Honolulu
2024-11-26 15:31:00,7.79215,13.0,Honolulu
2024-11-26 15:32:00,7.79215,13.0,Honolulu
2024-11-26 16:00:00,7.79215,13.0,Honolulu
2024-11-26 16:01:00,7.79215,13.0,Honolulu
2024-11-26 16:02:00,7.79215,13.0,Honolulu
2024-11-26 16:30:00,7.79215,13.0,Honolulu
2024-11-26 16:31:00,13.619471,30.0,Honolulu
2024-11-26 16:32:00,13.619471,30.0,Honolulu
2024-11-26 17:00:00,13.619471,30.0,Honolulu
2024-11-26 17:01:00,13.619471,30.0,Honolulu
2024-11-26 17:02:00,13.619471,30.0,Honolulu
2024-11-26 17:30:00,11.543881,50.0,Honolulu
2024-11-26 17:31:00,11.543881,50.0,Honolulu
2024-11-26 17:32:00,11.543881,50.0,Honolulu
2024-11-26 18:00:00,11.543881,50.0,Honolulu
2024-11-26 18:01:00,11.543881,50.0,Honolulu
2024-11-26 18:02:00,11.543881,50.0,Honolulu
2024-11-26 18:30:00,11.543881,50.0,Honolulu
2024-11-26 18:31:00,10.308831,85.0,Honolulu
2024-11-26 18:32:00,10.308831,85.0,Honolulu
2024-11-26 19:00:00,10.308831,85.0,Honolulu
2024-11-26 19:01:00,10.308831,85.0,Honolulu
2024-11-26 19:02:00,10.308831,85.0,Honolulu
2024-11-26 19:30:00,11.132385,33.0,Honolulu
2024-11-26 19:31:00,11.132385,33.0,Honolulu
2024-11-26 19:32:00,11.132385,33.0,Honolulu
2024-11-26 20:00:00,11.132385,33.0,Honolulu
2024-11-26 20:01:00,11.132385,33.0,Honolulu
2024-11-26 20:02:00,11.132385,33.0,Honolulu
2024-11-26 20:30:00,11.132385,33.0,Honolulu
2024-11-26 20:31:00,10.783487,33.0,Honolulu
2024-11-26 20:32:00,10.783487,33.0,Honolulu
2024-11-26 21:00:00,10.783487,33.0,Honolulu
2024-11-26 21:01:00,10.783487,33.0,Honolulu
2024-11-26 21:02:00,10.783487,33.0,Honolulu
2024-11-26 21:30:00,10.873251,28.0,Honolulu
2024-11-26 21:31:00,10.873251,28.0,Honolulu
2024-11-26 21:32:00,10.873251,28.0,Honolulu
2024-11-26 22:00:00,10.873251,28.0,Honolulu
2024-11-26 22:01:00,10.873251,28.0,Honolulu
2024-11-26 22:02:00,10.873251,28.0,Honolulu
2024-11-26 22:30:00,10.873251,28.0,Honolulu
2024-11-26 22:31:00,10.144082,45.0,Honolulu
2024-11-26 22:32:00,10.144082,45.0,Honolulu
2024-11-26 23:00:00,10.144082,45.0,Honolulu
2024-11-26 23:01:00,10.144082,45.0,Honolulu
2024-11-26 23:02:00,10.144082,45.0,Honolulu
2024-11-26 23:30:00,8.133928,34.0,Honolulu
2024-11-26 23:31:00,8.133928,34.0,Honolulu
2024-11-26 23:32:00,8.133928,34.0,Honolulu
2024-11-27 00:00:00,8.133928,34.0,Honolulu
2024-11-27 00:01:00,8.133928,34.0,Honolulu
2024-11-27 00:02:00,8.133928,34.0,Honolulu
2024-11-27 00:30:00,8.133928,34.0,Honolulu
2024-11-27 00:31:00,7.293888,28.0,Honolulu
2024-11-27 00:32:00,7.293888,28.0,Honolulu
2024-11-27 01:00:00,7.293888,28.0,Honolulu
2024-11-27 01:01:00,7.293888,28.0,Honolulu
2024-11-27 01:02:00,7.293888,28.0,Honolulu
2024-11-27 01:30:00,4.060985,50.0,Honolulu
2024-11-27 01:31:00,4.060985,50.0,Honolulu
2024-11-27 01:32:00,4.060985,50.0,Honolulu
2024-11-27 02:00:00,4.060985,50.0,Honolulu
2024-11-27 02:01:00,4.060985,50.0,Honolulu
2024-11-27 02:02:00,4.060985,50.0,Honolulu
2024-11-27 02:30:00,4.060985,50.0,Honolulu
2024-11-27 02:31:00,6.5049515,45.0,Honolulu
2024-11-27 02:32:00,6.5049515,45.0,Honolulu
2024-11-27 03:00:00,6.5049515,45.0,Honolulu
2024-11-27 03:01:00,6.5049515,45.0,Honolulu
2024-11-27 03:02:00,6.5049515,45.0,Honolulu
2024-11-27 03:30:00,6.4323244,46.0,Honolulu
2024-11-27 03:31:00,6.4323244,46.0,Honolulu
2024-11-27 03:32:00,6.4323244,46.0,Honolulu
2024-11-27 04:00:00,6.4323244,46.0,Honolulu
2024-11-27 04:01:00,6.4323244,46.0,Honolulu
2024-11-27 04:02:00,6.4323244,46.0,Honolulu
2024-11-27 04:30:00,6.4323244,46.0,Honolulu
2024-11-27 04:31:00,7.3447943,40.0,Honolulu
2024-11-27 04:32:00,7.3447943,40.0,Honolulu
2024-11-27 05:00:00,7.3447943,40.0,Honolulu
2024-11-27 05:01:00,7.3447943,40.0,Honolulu
2024-11-27 05:02:00,7.3447943,40.0,Honolulu
2024-11-27 05:30:00,9.6480665,3.0,Honolulu
2024-11-27 05:31:00,9.6480665,3.0,Honolulu
2024-11-27 05:32:00,9.6480665,3.0,Honolulu
2024-11-27 06:00:00,9.6480665,3.0,Honolulu
2024-11-27 06:01:00,9.6480665,3.0,Honolulu
2024-11-27 06:02:00,9.6480665,3.0,Honolulu
2024-11-27 06:30:00,9.6480665,3.0,Honolulu
2024-11-27 06:31:00,8.2584505,10.0,Honolulu
2024-11-27 06:32:00,8.2584505,10.0,Honolulu
2024-11-27 07:00:00,8.2584505,10.0,Honolulu
2024-11-27 07:01:00,8.2584505,10.0,Honolulu
2024-11-27 07:02:00,8.2584505,10.0,Honolulu
2024-11-27 07:30:00,12.181624,15.0,Honolulu
2024-11-27 07:31:00,12.181624,15.0,Honolulu
2024-11-27 07:32:00,12.181624,15.0,Honolulu
2024-11-27 08:00:00,12.181624,15.0,Honolulu
2024-11-27 08:01:00,12.181624,15.0,Honolulu
2024-11-27 08:02:00,12.181624,15.0,Honolulu
2024-11-27 08:30:00,12.181624,15.0,Honolulu
2024-11-27 08:31:00,16.45204,26.0,Honolulu
2024-11-27 08:32:00,16.45204,26.0,Honolulu
2024-11-27 09:00:00,16.45204,26.0,Honolulu
2024-11-27 09:01:00,16.45204,26.0,Honolulu
2024-11-27 09:02:00,16.45204,26.0,Honolulu
2024-11-27 09:30:00,16.530626,2.0,Honolulu
2024-11-27 09:31:00,16.530626,2.0,Honolulu
2024-11-27 09:32:00,16.530626,2.0,Honolulu
2024-11-27 10:00:00,16.530626,2.0,Honolulu
2024-11-27 10:01:00,16.530626,2.0,Honolulu
2024-11-27 10:02:00,16.530626,2.0,Honolulu
2024-11-27 10:30:00,16.530626,2.0,Honolulu
2024-11-27 10:31:00,16.388897,7.0,Honolulu
2024-11-27 10:32:00,16.388897,7.0,Honolulu
2024-11-27 11:00:00,16.388897,7.0,Honolulu
2024-11-27 11:01:00,16.388897,7.0,Honolulu
2024-11-27 11:02:00,16.388897,7.0,Honolulu
2024-11-27 11:30:00,18.783066,64.0,Honolulu
2024-11-27 11:31:00,18.783066,64.0,Honolulu
2024-11-27 11:32:00,18.783066,64.0,Honolulu
2024-11-27 12:00:00,18.783066,64.0,Honolulu
2024-11-27 12:01:00,18.783066,64.0,Honolulu
2024-11-27 12:02:00,18.783066,64.0,Honolulu
2024-11-27 12:30:00,18.783066,64.0,Honolulu
2024-11-27 12:31:00,19.89631,96.0,Honolulu
2024-11-27 12:32:00,19.89631,96.0,Honolulu
2024-11-27 13:00:00,19.89631,96.0,Honolulu
2024-11-27 13:01:00,19.89631,96.0,Honolulu
2024-11-27 13:02:00,19.89631,96.0,Honolulu
2024-11-27 13:30:00,18.23694,21.0,Honolulu
2024-11-27 13:31:00,18.23694,21.0,Honolulu
2024-11-27 13:32:00,18.23694,21.0,Honolulu
2024-11-27 14:00:00,18.23694,21.0,Honolulu
2024-11-27 14:01:00,18.23694,21.0,Honolulu
2024-11-27 14:02:00,18.23694,21.0,Honolulu
2024-11-27 14:30:00,18.23694,21.0,Honolulu
2024-11-27 14:31:00,17.884428,40.0,Honolulu
2024-11-27 14:32:00,17.884428,40.0,Honolulu
2024-11-27 15:00:00,17.884428,40.0,Honolulu
2024-11-27 15:01:00,17.884428,40.0,Honolulu
2024-11-27 15:02:00,17.884428,40.0,Honolulu
2024-11-27 15:30:00,17.728857,34.0,Honolulu
2024-11-27 15:31:00,17.728857,34.0,Honolulu
2024-11-27 15:32:00,17.728857,34.0,Honolulu
2024-11-27 16:00:00,17.728857,34.0,Honolulu
2024-11-27 16:01:00,17.728857,34.0,Honolulu
2024-11-27 16:02:00,17.728857,34.0,Honolulu
2024-11-27 16:30:00,17.728857,34.0,Honolulu
2024-11-27 16:31:00,19.983242,52.0,Honolulu
2024-11-27 16:32:00,19.983242,52.0,Honolulu
2024-11-27 17:00:00,19.983242,52.0,Honolulu
2024-11-27 17:01:00,19.983242,52.0,Honolulu
2024-11-27 17:02:00,19.983242,52.0,Honolulu
2024-11-27 17:30:00,17.69593,11.0,Honolulu
2024-11-27 17:31:00,17.69593,11.0,Honolulu
2024-11-27 17:32:00,17.69593,11.0,Honolulu
2024-11-27 18:00:00,17.69593,11.0,Honolulu
2024-11-27 18:01:00,17.69593,11.0,Honolulu
2024-11-27 18:02:00,17.69593,11.0,Honolulu
2024-11-27 18:30:00,17.69593,11.0,Honolulu
2024-11-27 18:31:00,16.802786,10.0,Honolulu
2024-11-27 18:32:00,16.802786,10.0,Honolulu
2024-11-27 19:00:00,16.802786,10.0,Honolulu
2024-11-27 19:01:00,16.802786,10.0,Honolulu
2024-11-27 19:02:00,16.802786,10.0,Honolulu
2024-11-27 19:30:00,16.458931,26.0,Honolulu
2024-11-27 19:31:00,16.458931,26.0,Honolulu
2024-11-27 19:32:00,16.458931,26.0,Honolulu
2024-11-27 20:00:00,16.458931,26.0,Honolulu
2024-11-27 20:01:00,16.458931,26.0,Honolulu
2024-11-27 20:02:00,16.458931,26.0,Honolulu
2024-11-27 20:30:00,16.458931,26.0,Honolulu
2024-11-27 20:31:00,16.928614,49.0,Honolulu
2024-11-27 20:32:00,16.928614,49.0,Honolulu
2024-11-27 21:00:00,16.928614,49.0,Honolulu
2024-11-27 21:01:00,16.928614,49.0,Honolulu
2024-11-27 21:02:00,16.928614,49.0,Honolulu
2024-11-27 21:30:00,17.123669,43.0,Honolulu
2024-11-27 21:31:00,17.123669,43.0,Honolulu
2024-11-27 21:32:00,17.123669,43.0,Honolulu
2024-11-27 22:00:00,17.123669,43.0,Honolulu
2024-11-27 22:01:00,17.123669,43.0,Honolulu
2024-11-27 22:02:00,17.123669,43.0,Honolulu
2024-11-27 22:30:00,17.123669,43.0,Honolulu
2024-11-27 22:31:00,16.530626,44.0,Honolulu
2024-11-27 22:32:00,16.530626,44.0,Honolulu
2024-11-27 23:00:00,16.530626,44.0,Honolulu
2024-11-27 23:01:00,16.530626,44.0,Honolulu
2024-11-27 23:02:00,16.530626,44.0,Honolulu
2024-11-27 23:30:00,16.580532,19.0,Honolulu
2024-11-27 23:31:00,16.580532,19.0,Honolulu
2024-11-27 23:32:00,16.580532,19.0,Honolulu
2024-11-28 00:00:00,16.580532,19.0,Honolulu
2024-11-28 00:01:00,16.580532,19.0,Honolulu
2024-11-28 00:02:00,16.580532,19.0,Honolulu
2024-11-28 00:30:00,16.580532,19.0,Honolulu
2024-11-28 00:31:00,16.474672,59.0,Honolulu
2024-11-28 00:32:00,16.474672,59.0,Honolulu
2024-11-28 01:00:00,16.474672,59.0,Honolulu
2024-11-28 01:01:00,16.474672,59.0,Honolulu
2024-11-28 01:02:00,16.474672,59.0,Honolulu
2024-11-28 01:30:00,15.926694,42.0,Honolulu
2024-11-28 01:31:00,15.926694,42.0,Honolulu
2024-11-28 01:32:00,15.926694,42.0,Honolulu
2024-11-28 02:00:00,15.926694,42.0,Honolulu
2024-11-28 02:01:00,15.926694,42.0,Honolulu
2024-11-28 02:02:00,15.926694,42.0,Honolulu
2024-11-28 02:30:00,15.926694,42.0,Honolulu
2024-11-28 02:31:00,13.971757,40.0,Honolulu
2024-11-28 02:32:00,13.971757,40.0,Honolulu
2024-11-28 03:00:00,13.971757,40.0,Honolulu
2024-11-28 03:01:00,13.971757,40.0,Honolulu
2024-11-28 03:02:00,13.971757,40.0,Honolulu
2024-11-28 03:30:00,13.935767,43.0,Honolulu
2024-11-28 03:31:00,13.935767,43.0,Honolulu
2024-11-28 03:32:00,13.935767,43.0,Honolulu
2024-11-28 04:00:00,13.935767,43.0,Honolulu
2024-11-28 04:01:00,13.935767,43.0,Honolulu
2024-11-28 04:02:00,13.935767,43.0,Honolulu
2024-11-28 04:30:00,13.935767,43.0,Honolulu
2024-11-28 04:31:00,13.6289835,22.0,Honolulu
2024-11-28 04:32:00,13.6289835,22.0,Honolulu
2024-11-28 05:00:00,13.6289835,22.0,Honolulu
2024-11-28 05:01:00,13.6289835,22.0,Honolulu
2024-11-28 05:02:00,13.6289835,22.0,Honolulu
2024-11-28 05:30:00,13.684735,37.0,Honolulu
2024-11-28 05:31:00,13.684735,37.0,Honolulu
2024-11-28 05:32:00,13.684735,37.0,Honolulu
2024-11-28 06:00:00,13.684735,37.0,Honolulu
2024-11-28 06:01:00,13.684735,37.0,Honolulu
2024-11-28 06:02:00,13.684735,37.0,Honolulu
2024-11-28 06:30:00,13.684735,37.0,Honolulu
2024-11-28 06:31:00,13.0806875,43.0,Honolulu
2024-11-28 06:32:00,13.0806875,43.0,Honolulu
2024-11-28 07:00:00,13.0806875,43.0,Honolulu
2024-11-28 07:01:00,13.0806875,43.0,Honolulu
2024-11-28 07:02:00,13.0806875,43.0,Honolulu
2024-11-28 07:30:00,15.631007,7.0,Honolulu
2024-11-28 07:31:00,15.631007,7.0,Honolulu
2024-11-28 07:32:00,15.631007,7.0,Honolulu
2024-11-28 08:00:00,15.631007,7.0,Honolulu
2024-11-28 08:01:00,15.631007,7.0,Honolulu
2024-11-28 08:02:00,15.631007,7.0,Honolulu
2024-11-28 08:30:00,15.631007,7.0,Honolulu
2024-11-28 08:31:00,16.923828,11.0,Honolulu
2024-11-28 08:32:00,16.923828,11.0,Honolulu
2024-11-28 09:00:00,16.923828,11.0,Honolulu
2024-11-28 09:01:00,16.923828,11.0,Honolulu
2024-11-28 09:02:00,16.923828,11.0,Honolulu
2024-11-28 09:30:00,17.750774,15.0,Honolulu
2024-11-28 09:31:00,17.750774,15.0,Honolulu
2024-11-28 09:32:00,17.750774,15.0,Honolulu
2024-11-28 10:00:00,17.750774,15.0,Honolulu
2024-11-28 10:01:00,17.750774,15.0,Honolulu
2024-11-28 10:02:00,17.750774,15.0,Honolulu
2024-11-28 10:30:00,17.750774,15.0,Honolulu
2024-11-28 10:31:00,20.436144,100.0,Honolulu
2024-11-28 10:32:00,20.436144,100.0,Honolulu
2024-11-28 11:00:00,20.436144,100.0,Honolulu
2024-11-28 11:01:00,20.436144,100.0,Honolulu
2024-11-28 11:02:00,20.436144,100.0,Honolulu
2024-11-28 11:30:00,20.26899,90.0,Honolulu
2024-11-28 11:31:00,20.26899,90.0,Honolulu
2024-11-28 11:32:00,20.26899,90.0,Honolulu
2024-11-28 12:00:00,20.26899,90.0,Honolulu
2024-11-28 12:01:00,20.26899,90.0,Honolulu
2024-11-28 12:02:00,20.26899,90.0,Honolulu
2024-11-28 12:30:00,20.26899,90.0,Honolulu
2024-11-28 12:31:00,20.530258,96.0,Honolulu
2024-11-28 12:32:00,20.530258,96.0,Honolulu
2024-11-28 13:00:00,20.530258,96.0,Honolulu
2024-11-28 13:01:00,20.530258,96.0,Honolulu
2024-11-28 13:02:00,20.530258,96.0,Honolulu
2024-11-28 13:30:00,19.77462,85.0,Honolulu
2024-11-28 13:31:00,19.77462,85.0,Honolulu
2024-11-28 13:32:00,19.77462,85.0,Honolulu
2024-11-28 14:00:00,19.77462,85.0,Honolulu
2024-11-28 14:01:00,19.77462,85.0,Honolulu
2024-11-28 14:02:00,19.77462,85.0,Honolulu
2024-11-28 14:30:00,19.77462,85.0,Honolulu
2024-11-28 14:31:00,19.334715,60.0,Honolulu
2024-11-28 14:32:00,19.334715,60.0,Honolulu
2024-11-28 15:00:00,19.334715,60.0,Honolulu
2024-11-28 15:01:00,19.334715,60.0,Honolulu
2024-11-28 15:02:00,19.334715,60.0,Honolulu
2024-11-28 15:30:00,19.376562,64.0,Honolulu
2024-11-28 15:31:00,19.376562,64.0,Honolulu
2024-11-28 15:32:00,19.376562,64.0,Honolulu
2024-11-28 16:00:00,19.376562,64.0,Honolulu
2024-11-28 16:01:00,19.376562,64.0,Honolulu
2024-11-28 16:02:00,19.376562,64.0,Honolulu
2024-11-28 16:30:00,19.376562,64.0,Honolulu
2024-11-28 16:31:00,19.731974,74.0,Honolulu
2024-11-28 16:32:00,19.731974,74.0,Honolulu
2024-11-28 17:00:00,19.731974,74.0,Honolulu
2024-11-28 17:01:00,19.731974,74.0,Honolulu
2024-11-28 17:02:00,19.731974,74.0,Honolulu
2024-11-28 17:30:00,16.325514,41.0,Honolulu
2024-11-28 17:31:00,16.325514,41.0,Honolulu
2024-11-28 17:32:00,16.325514,41.0,Honolulu
2024-11-28 18:00:00,16.325514,41.0,Honolulu
2024-11-28 18:01:00,16.325514,41.0,Honolulu
2024-11-28 18:02:00,16.325514,41.0,Honolulu
2024-11-28 18:30:00,16.325514,41.0,Honolulu
2024-11-28 18:31:00,14.527683,56.0,Honolulu
2024-11-28 18:32:00,14.527683,56.0,Honolulu
2024-11-28 19:00:00,14.527683,56.0,Honolulu
2024-11-28 19:01:00,14.527683,56.0,Honolulu
2024-11-28 19:02:00,14.527683,56.0,Honolulu
2024-11-28 19:30:00,14.693999,25.0,Honolulu
2024-11-28 19:31:00,14.693999,25.0,Honolulu
2024-11-28 19:32:00,14.693999,25.0,Honolulu
2024-11-28 20:00:00,14.693999,25.0,Honolulu
2024-11-28 20:01:00,14.693999,25.0,Honolulu
2024-11-28 20:02:00,14.693999,25.0,Honolulu
2024-11-28 20:30:00,14.693999,25.0,Honolulu
2024-11-28 20:31:00,14.168641,49.0,Honolulu
2024-11-28 20:32:00,14.168641,49.0,Honolulu
2024-11-28 21:00:00,14.168641,49.0,Honolulu
2024-11-28 21:01:00,14.168641,49.0,Honolulu
2024-11-28 21:02:00,14.168641,49.0,Honolulu
2024-11-28 21:30:00,15.3771,43.0,Honolulu
2024-11-28 21:31:00,15.3771,43.0,Honolulu
2024-11-28 21:32:00,15.3771,43.0,Honolulu
2024-11-28 22:00:00,15.3771,43.0,Honolulu
2024-11-28 22:01:00,15.3771,43.0,Honolulu
2024-11-28 22:02:00,15.3771,43.0,Honolulu
2024-11-28 22:30:00,15.3771,43.0,Honolulu
2024-11-28 22:31:00,13.615902,31.0,Honolulu
2024-11-28 22:32:00,13.615902,31.0,Honolulu
2024-11-28 23:00:00,13.615902,31.0,Honolulu
2024-11-28 23:01:00,13.615902,31.0,Honolulu
2024-11-28 23:02:00,13.615902,31.0,Honolulu
2024-11-28 23:30:00,12.9625,34.0,Honolulu
2024-11-28 23:31:00,12.9625,34.0,Honolulu
2024-11-28 23:32:00,12.9625,34.0,Honolulu
2024-11-29 00:00:00,12.9625,34.0,Honolulu
2024-11-29 00:01:00,12.9625,34.0,Honolulu
2024-11-29 00:02:00,12.9625,34.0,Honolulu
2024-11-29 00:30:00,12.9625,34.0,Honolulu
2024-11-29 00:31:00,11.435313,20.0,Honolulu
2024-11-29 00:32:00,11.435313,20.0,Honolulu
2024-11-29 01:00:00,11.435313,20.0,Honolulu
2024-11-29 01:01:00,11.435313,20.0,Honolulu
2024-11-29 01:02:00,11.435313,20.0,Honolulu
2024-11-29 01:30:00,10.163227,27.0,Honolulu
2024-11-29 01:31:00,10.163227,27.0,Honolulu
2024-11-29 01:32:00,10.163227,27.0,Honolulu
2024-11-29 02:00:00,10.163227,27.0,Honolulu
2024-11-29 02:01:00,10.163227,27.0,Honolulu
2024-11-29 02:02:00,10.163227,27.0,Honolulu
2024-11-29 02:30:00,10.163227,27.0,Honolulu
2024-11-29 02:31:00,7.388775,15.0,Honolulu
2024-11-29 02:32:00,7.388775,15.0,Honolulu
2024-11-29 03:00:00,7.388775,15.0,Honolulu
2024-11-29 03:01:00,7.388775,15.0,Honolulu
2024-11-29 03:02:00,7.388775,15.0,Honolulu
2024-11-29 03:30:00,2.4149535,9.0,Honolulu
2024-11-29 03:31:00,2.4149535,9.0,Honolulu
2024-11-29 03:32:00,2.4149535,9.0,Honolulu
2024-11-29 04:00:00,2.4149535,9.0,Honolulu
2024-11-29 04:01:00,2.4149535,9.0,Honolulu
2024-11-29 04:02:00,2.4149535,9.0,Honolulu
2024-11-29 04:30:00,2.4149535,9.0,Honolulu
2024-11-29 04:31:00,2.9024127,1.0,Honolulu
2024-11-29 04:32:00,2.9024127,1.0,Honolulu
2024-11-29 05:00:00,2.9024127,1.0,Honolulu
2024-11-29 05:01:00,2.9024127,1.0,Honolulu
2024-11-29 05:02:00,2.9024127,1.0,Honolulu
2024-11-29 05:30:00,3.1072817,0.0,Honolulu
2024-11-29 05:31:00,3.1072817,0.0,Honolulu
2024-11-29 05:32:00,3.1072817,0.0,Honolulu
2024-11-29 06:00:00,3.1072817,0.0,Honolulu
2024-11-29 06:01:00,3.1072817,0.0,Honolulu
2024-11-29 06:02:00,3.1072817,0.0,Honolulu
2024-11-29 06:30:00,3.1072817,0.0,Honolulu
2024-11-29 06:31:00,3.9844694,0.0,Honolulu
2024-11-29 06:32:00,3.9844694,0.0,Honolulu
2024-11-29 07:00:00,3.9844694,0.0,Honolulu
2024-11-29 07:01:00,3.9844694,0.0,Honolulu
2024-11-29 07:02:00,3.9844694,0.0,Honolulu
2024-11-29 07:30:00,8.404285,72.0,Honolulu
2024-11-29 07:31:00,8.404285,72.0,Honolulu
2024-11-29 07:32:00,8.404285,72.0,Honolulu
2024-11-29 08:00:00,8.404285,72.0,Honolulu
2024-11-29 08:01:00,8.404285,72.0,Honolulu
2024-11-29 08:02:00,8.404285,72.0,Honolulu
2024-11-29 08:30:00,8.404285,72.0,Honolulu
2024-11-29 08:31:00,13.036026,100.0,Honolulu
2024-11-29 08:32:00,13.036026,100.0,Honolulu
2024-11-29 09:00:00,13.036026,100.0,Honolulu
2024-11-29 09:01:00,13.036026,100.0,Honolulu
2024-11-29 09:02:00,13.036026,100.0,Honolulu
2024-11-29 09:30:00,14.068816,93.0,Honolulu
2024-11-29 09:31:00,14.068816,93.0,Honolulu
2024-11-29 09:32:00,14.068816,93.0,Honolulu
2024-11-29 10:00:00,14.068816,93.0,Honolulu
2024-11-29 10:01:00,14.068816,93.0,Honolulu
2024-11-29 10:02:00,14.068816,93.0,Honolulu
2024-11-29 10:30:00,14.068816,93.0,Honolulu
2024-11-29 10:31:00,15.655861,99.0,Honolulu
2024-11-29 10:32:00,15.655861,99.0,Honolulu
2024-11-29 11:00:00,15.655861,99.0,Honolulu
2024-11-29 11:01:00,15.655861,99.0,Honolulu
2024-11-29 11:02:00,15.655861,99.0,Honolulu
2024-11-29 11:30:00,16.284779,68.0,Honolulu
2024-11-29 11:31:00,16.284779,68.0,Honolulu
2024-11-29 11:32:00,16.284779,68.0,Honolulu
2024-11-29 12:00:00,16.284779,68.0,Honolulu
2024-11-29 12:01:00,16.284779,68.0,Honolulu
2024-11-29 12:02:00,16.284779,68.0,Honolulu
2024-11-29 12:30:00,16.284779,68.0,Honolulu
2024-11-29 12:31:00,16.427402,91.0,Honolulu
2024-11-29 12:32:00,16.427402,91.0,Honolulu
2024-11-29 13:00:00,16.427402,91.0,Honolulu
2024-11-29 13:01:00,16.427402,91.0,Honolulu
2024-11-29 13:02:00,16.427402,91.0,Honolulu
2024-11-29 13:30:00,18.047638,91.0,Honolulu
2024-11-29 13:31:00,18.047638,91.0,Honolulu
2024-11-29 13:32:00,18.047638,91.0,Honolulu
2024-11-29 14:00:00,18.047638,91.0,Honolulu
2024-11-29 14:01:00,18.047638,91.0,Honolulu
2024-11-29 14:02:00,18.047638,91.0,Honolulu
2024-11-29 14:30:00,18.047638,91.0,Honolulu
2024-11-29 14:31:00,16.928614,99.0,Honolulu
2024-11-29 14:32:00,16.928614,99.0,Honolulu
2024-11-29 15:00:00,16.928614,99.0,Honolulu
2024-11-29 15:01:00,16.928614,99.0,Honolulu
2024-11-29 15:02:00,16.928614,99.0,Honolulu
2024-11-29 15:30:00,16.932442,100.0,Honolulu
2024-11-29 15:31:00,16.932442,100.0,Honolulu
2024-11-29 15:32:00,16.932442,100.0,Honolulu
2024-11-29 16:00:00,16.932442,100.0,Honolulu
2024-11-29 16:01:00,16.932442,100.0,Honolulu
2024-11-29 16:02:00,16.932442,100.0,Honolulu
2024-11-29 16:30:00,16.932442,100.0,Honolulu
2024-11-29 16:31:00,15.971386,100.0,Honolulu
2024-11-29 16:32:00,15.971386,100.0,Honolulu
2024-11-29 17:00:00,15.971386,100.0,Honolulu
2024-11-29 17:01:00,15.971386,100.0,Honolulu
2024-11-29 17:02:00,15.971386,100.0,Honolulu
2024-11-29 17:30:00,13.830749,100.0,Honolulu
2024-11-29 17:31:00,13.830749,100.0,Honolulu
2024-11-29 17:32:00,13.830749,100.0,Honolulu
2024-11-29 18:00:00,13.830749,100.0,Honolulu
2024-11-29 18:01:00,13.830749,100.0,Honolulu
2024-11-29 18:02:00,13.830749,100.0,Honolulu
2024-11-29 18:30:00,13.830749,100.0,Honolulu
2024-11-29 18:31:00,15.589497,100.0,Honolulu
2024-11-29 18:32:00,15.589497,100.0,Honolulu
2024-11-29 19:00:00,15.589497,100.0,Honolulu
2024-11-29 19:01:00,15.589497,100.0,Honolulu
2024-11-29 19:02:00,15.589497,100.0,Honolulu
2024-11-29 19:30:00,15.137133,60.0,Honolulu
2024-11-29 19:31:00,15.137133,60.0,Honolulu
2024-11-29 19:32:00,15.137133,60.0,Honolulu
2024-11-29 20:00:00,15.137133,60.0,Honolulu
2024-11-29 20:01:00,15.137133,60.0,Honolulu
2024-11-29 20:02:00,15.137133,60.0,Honolulu
2024-11-29 20:30:00,15.137133,60.0,Honolulu
2024-11-29 20:31:00,12.638513,92.0,Honolulu
2024-11-29 20:32:00,12.638513,92.0,Honolulu
2024-11-29 21:00:00,12.638513,92.0,Honolulu
2024-11-29 21:01:00,12.638513,92.0,Honolulu
2024-11-29 21:02:00,12.638513,92.0,Honolulu
2024-11-29 21:30:00,10.950452,100.0,Honolulu
2024-11-29 21:31:00,10.950452,100.0,Honolulu
2024-11-29 21:32:00,10.950452,100.0,Honolulu
2024-11-29 22:00:00,10.950452,100.0,Honolulu
2024-11-29 22:01:00,10.950452,100.0,Honolulu
2024-11-29 22:02:00,10.950452,100.0,Honolulu
2024-11-29 22:30:00,10.950452,100.0,Honolulu
2024-11-29 22:31:00,10.075177,100.0,Honolulu
2024-11-29 22:32:00,10.075177,100.0,Honolulu
2024-11-29 23:00:00,10.075177,100.0,Honolulu
2024-11-29 23:01:00,10.075177,100.0,Honolulu
2024-11-29 23:02:00,10.075177,100.0,Honolulu
2024-11-29 23:30:00,9.172938,94.0,Honolulu
2024-11-29 23:31:00,9.172938,94.0,Honolulu
2024-11-29 23:32:00,9.172938,94.0,Honolulu
2024-11-30 00:00:00,9.172938,94.0,Honolulu
2024-11-30 00:01:00,9.172938,94.0,Honolulu
2024-11-30 00:02:00,9.172938,94.0,Honolulu
2024-11-30 00:30:00,9.172938,94.0,Honolulu
2024-11-30 00:31:00,7.628263,100.0,Honolulu
2024-11-30 00:32:00,7.628263,100.0,Honolulu
2024-11-30 01:00:00,7.628263,100.0,Honolulu
2024-11-30 01:01:00,7.628263,100.0,Honolulu
2024-11-30 01:02:00,7.628263,100.0,Honolulu
2024-11-30 01:30:00,4.510787,100.0,Honolulu
2024-11-30 01:31:00,4.510787,100.0,Honolulu
2024-11-30 01:32:00,4.510787,100.0,Honolulu
2024-11-30 02:00:00,4.510787,100.0,Honolulu
2024-11-30 02:01:00,4.510787,100.0,Honolulu
2024-11-30 02:02:00,4.510787,100.0,Honolulu
2024-11-30 02:30:00,4.510787,100.0,Honolulu
2024-11-30 02:31:00,4.080882,100.0,Honolulu
2024-11-30 02:32:00,4.080882,100.0,Honolulu
2024-11-30 03:00:00,4.080882,100.0,Honolulu
2024-11-30 03:01:00,4.080882,100.0,Honolulu
2024-11-30 03:02:00,4.080882,100.0,Honolulu
2024-11-30 03:30:00,3.2599385,100.0,Honolulu
2024-11-30 03:31:00,3.2599385,100.0,Honolulu
2024-11-30 03:32:00,3.2599385,100.0,Honolulu
2024-11-30 04:00:00,3.2599385,100.0,Honolulu
2024-11-30 04:01:00,3.2599385,100.0,Honolulu
2024-11-30 04:02:00,3.2599385,100.0,Honolulu
2024-11-30 04:30:00,3.2599385,100.0,Honolulu
2024-11-30 04:31:00,3.2599385,100.0,Honolulu
2024-11-30 04:32:00,3.2599385,100.0,Honolulu
2024-11-30 05:00:00,3.2599385,100.0,Honolulu
2024-11-30 05:01:00,3.2599385,100.0,Honolulu
2024-11-30 05:02:00,3.2599385,100.0,Honolulu
2024-11-30 05:30:00,3.536439,99.0,Honolulu
2024-11-30 05:31:00,3.536439,99.0,Honolulu
2024-11-30 05:32:00,3.536439,99.0,Honolulu
2024-11-30 06:00:00,3.536439,99.0,Honolulu
2024-11-30 06:01:00,3.536439,99.0,Honolulu
2024-11-30 06:02:00,3.536439,99.0,Honolulu
2024-11-30 06:30:00,3.536439,99.0,Honolulu
2024-11-30 06:31:00,3.7842832,100.0,Honolulu
2024-11-30 06:32:00,3.7842832,100.0,Honolulu
2024-11-30 07:00:00,3.7842832,100.0,Honolulu
2024-11-30 07:01:00,3.7842832,100.0,Honolulu
2024-11-30 07:02:00,3.7842832,100.0,Honolulu
2024-11-30 07:30:00,8.29173,99.0,Honolulu
2024-11-30 07:31:00,8.29173,99.0,Honolulu
2024-11-30 07:32:00,8.29173,99.0,Honolulu
2024-11-30 08:00:00,8.29173,99.0,Honolulu
2024-11-30 08:01:00,8.29173,99.0,Honolulu
2024-11-30 08:02:00,8.29173,99.0,Honolulu
2024-11-30 08:30:00,8.29173,99.0,Honolulu
2024-11-30 08:31:00,12.466867,100.0,Honolulu
2024-11-30 08:32:00,12.466867,100.0,Honolulu
2024-11-30 09:00:00,12.466867,100.0,Honolulu
2024-11-30 09:01:00,12.466867,100.0,Honolulu
2024-11-30 09:02:00,12.466867,100.0,Honolulu
2024-11-30 09:30:00,14.04,95.0,Honolulu
2024-11-30 09:31:00,14.04,95.0,Honolulu
2024-11-30 09:32:00,14.04,95.0,Honolulu
2024-11-30 10:00:00,14.04,95.0,Honolulu
2024-11-30 10:01:00,14.04,95.0,Honolulu
2024-11-30 10:02:00,14.04,95.0,Honolulu
2024-11-30 10:30:00,14.04,95.0,Honolulu
2024-11-30 10:31:00,13.519186,59.0,Honolulu
2024-11-30 10:32:00,13.519186,59.0,Honolulu
2024-11-30 11:00:00,13.519186,59.0,Honolulu
2024-11-30 11:01:00,13.519186,59.0,Honolulu
2024-11-30 11:02:00,13.519186,59.0,Honolulu
2024-11-30 11:30:00,12.0653715,42.0,Honolulu
2024-11-30 11:31:00,12.0653715,42.0,Honolulu
2024-11-30 11:32:00,12.0653715,42.0,Honolulu
2024-11-30 12:00:00,12.0653715,42.0,Honolulu
2024-11-30 12:01:00,12.0653715,42.0,Honolulu
2024-11-30 12:02:00,12.0653715,42.0,Honolulu
2024-11-30 12:30:00,12.0653715,42.0,Honolulu
2024-11-30 12:31:00,12.016938,96.0,Honolulu
2024-11-30 12:32:00,12.016938,96.0,Honolulu
2024-11-30 13:00:00,12.016938,96.0,Honolulu
2024-11-30 13:01:00,12.016938,96.0,Honolulu
2024-11-30 13:02:00,12.016938,96.0,Honolulu
2024-11-30 13:30:00,12.641076,26.0,Honolulu
2024-11-30 13:31:00,12.641076,26.0,Honolulu
2024-11-30 13:32:00,12.641076,26.0,Honolulu
2024-11-30 14:00:00,12.641076,26.0,Honolulu
2024-11-30 14:01:00,12.641076,26.0,Honolulu
2024-11-30 14:02:00,12.641076,26.0,Honolulu
2024-11-30 14:30:00,12.641076,26.0,Honolulu
2024-11-30 14:31:00,15.898188,0.0,Honolulu
2024-11-30 14:32:00,15.898188,0.0,Honolulu
2024-11-30 15:00:00,15.898188,0.0,Honolulu
2024-11-30 15:01:00,15.898188,0.0,Honolulu
2024-11-30 15:02:00,15.898188,0.0,Honolulu
2024-11-30 15:30:00,15.30741,0.0,Honolulu
2024-11-30 15:31:00,15.30741,0.0,Honolulu
2024-11-30 15:32:00,15.30741,0.0,Honolulu
2024-11-30 16:00:00,15.30741,0.0,Honolulu
2024-11-30 16:01:00,15.30741,0.0,Honolulu
2024-11-30 16:02:00,15.30741,0.0,Honolulu
2024-11-30 16:30:00,15.30741,0.0,Honolulu
2024-11-30 16:31:00,13.748513,10.0,Honolulu
2024-11-30 16:32:00,13.748513,10.0,Honolulu
2024-11-30 17:00:00,13.748513,10.0,Honolulu
2024-11-30 17:01:00,13.748513,10.0,Honolulu
2024-11-30 17:02:00,13.748513,10.0,Honolulu
2024-11-30 17:30:00,9.686609,18.0,Honolulu
2024-11-30 17:31:00,9.686609,18.0,Honolulu
2024-11-30 17:32:00,9.686609,18.0,Honolulu
2024-11-30 18:00:00,9.686609,18.0,Honolulu
2024-11-30 18:01:00,9.686609,18.0,Honolulu
2024-11-30 18:02:00,9.686609,18.0,Honolulu
2024-11-30 18:30:00,9.686609,18.0,Honolulu
2024-11-30 18:31:00,10.009036,32.0,Honolulu
2024-11-30 18:32:00,10.009036,32.0,Honolulu
2024-11-30 19:00:00,10.009036,32.0,Honolulu
2024-11-30 19:01:00,10.009036,32.0,Honolulu
2024-11-30 19:02:00,10.009036,32.0,Honolulu
2024-11-30 19:30:00,10.195057,26.0,Honolulu
2024-11-30 19:31:00,10.195057,26.0,Honolulu
2024-11-30 19:32:00,10.195057,26.0,Honolulu
2024-11-30 20:00:00,10.195057,26.0,Honolulu
2024-11-30 20:01:00,10.195057,26.0,Honolulu
2024-11-30 20:02:00,10.195057,26.0,Honolulu
2024-11-30 20:30:00,10.195057,26.0,Honolulu
2024-11-30 20:31:00,9.614426,28.0,Honolulu
2024-11-30 20:32:00,9.614426,28.0,Honolulu
2024-11-30 21:00:00,9.614426,28.0,Honolulu
2024-11-30 21:01:00,9.614426,28.0,Honolulu
2024-11-30 21:02:00,9.614426,28.0,Honolulu
2024-11-30 21:30:00,9.793059,6.0,Honolulu
2024-11-30 21:31:00,9.793059,6.0,Honolulu
2024-11-30 21:32:00,9.793059,6.0,Honolulu
2024-11-30 22:00:00,9.793059,6.0,Honolulu
2024-11-30 22:01:00,9.793059,6.0,Honolulu
2024-11-30 22:02:00,9.793059,6.0,Honolulu
2024-11-30 22:30:00,9.793059,6.0,Honolulu
2024-11-30 22:31:00,9.139322,5.0,Honolulu
2024-11-30 22:32:00,9.139322,5.0,Honolulu
2024-11-30 23:00:00,9.139322,5.0,Honolulu
2024-11-30 23:01:00,9.139322,5.0,Honolulu
2024-11-30 23:02:00,9.139322,5.0,Honolulu
2024-11-30 23:30:00,8.6193495,5.0,Honolulu
2024-11-30 23:31:00,8.6193495,5.0,Honolulu
2024-11-30 23:32:00,8.6193495,5.0,Honolulu
2024-12-01 00:00:00,8.6193495,5.0,Honolulu
2024-12-01 00:01:00,8.6193495,5.0,Honolulu
2024-12-01 00:02:00,8.6193495,5.0,Honolulu
2024-12-01 00:30:00,8.6193495,5.0,Honolulu
2024-12-01 00:31:00,7.16617,5.0,Honolulu
2024-12-01 00:32:00,7.16617,5.0,Honolulu
2024-12-01 01:00:00,7.16617,5.0,Honolulu
2024-12-01 01:01:00,7.16617,5.0,Honolulu
2024-12-01 01:02:00,7.16617,5.0,Honolulu
2024-12-01 01:30:00,4.7827187,1.0,Honolulu
2024-12-01 01:31:00,4.7827187,1.0,Honolulu
2024-12-01 01:32:00,4.7827187,1.0,Honolulu
2024-12-01 02:00:00,4.7827187,1.0,Honolulu
2024-12-01 02:01:00,4.7827187,1.0,Honolulu
2024-12-01 02:02:00,4.7827187,1.0,Honolulu
2024-12-01 02:30:00,4.7827187,1.0,Honolulu
2024-12-01 02:31:00,3.5864744,10.0,Honolulu
2024-12-01 02:32:00,3.5864744,10.0,Honolulu
2024-12-01 03:00:00,3.5864744,10.0,Honolulu
2024-12-01 03:01:00,3.5864744,10.0,Honolulu
2024-12-01 03:02:00,3.5864744,10.0,Honolulu
2024-12-01 03:30:00,1.1525624,22.0,Honolulu
2024-12-01 03:31:00,1.1525624,22.0,Honolulu
2024-12-01 03:32:00,1.1525624,22.0,Honolulu
2024-12-01 04:00:00,1.1525624,22.0,Honolulu
2024-12-01 04:01:00,1.1525624,22.0,Honolulu
2024-12-01 04:02:00,1.1525624,22.0,Honolulu
2024-12-01 04:30:00,1.1525624,22.0,Honolulu
2024-12-01 04:31:00,2.1897945,19.0,Honolulu
2024-12-01 04:32:00,2.1897945,19.0,Honolulu
2024-12-01 05:00:00,2.1897945,19.0,Honolulu
2024-12-01 05:01:00,2.1897945,19.0,Honolulu
2024-12-01 05:02:00,2.1897945,19.0,Honolulu
2024-12-01 05:30:00,3.9844694,18.0,Honolulu
2024-12-01 05:31:00,3.9844694,18.0,Honolulu
2024-12-01 05:32:00,3.9844694,18.0,Honolulu
2024-12-01 06:00:00,3.9844694,18.0,Honolulu
2024-12-01 06:01:00,3.9844694,18.0,Honolulu
2024-12-01 06:02:00,3.9844694,18.0,Honolulu
2024-12-01 06:30:00,3.9844694,18.0,Honolulu
2024-12-01 06:31:00,4.412754,0.0,Honolulu
2024-12-01 06:32:00,4.412754,0.0,Honolulu
2024-12-01 07:00:00,4.412754,0.0,Honolulu
2024-12-01 07:01:00,4.412754,0.0,Honolulu
2024-12-01 07:02:00,4.412754,0.0,Honolulu
2024-12-01 07:30:00,4.942631,0.0,Honolulu
2024-12-01 07:31:00,4.942631,0.0,Honolulu
2024-12-01 07:32:00,4.942631,0.0,Honolulu
2024-12-01 08:00:00,4.942631,0.0,Honolulu
2024-12-01 08:01:00,4.942631,0.0,Honolulu
2024-12-01 08:02:00,4.942631,0.0,Honolulu
2024-12-01 08:30:00,4.942631,0.0,Honolulu
2024-12-01 08:31:00,6.2405767,1.0,Honolulu
2024-12-01 08:32:00,6.2405767,1.0,Honolulu
2024-12-01 09:00:00,6.2405767,1.0,Honolulu
2024-12-01 09:01:00,6.2405767,1.0,Honolulu
2024-12-01 09:02:00,6.2405767,1.0,Honolulu
2024-12-01 09:30:00,8.035746,32.0,Honolulu
2024-12-01 09:31:00,8.035746,32.0,Honolulu
2024-12-01 09:32:00,8.035746,32.0,Honolulu
2024-12-01 10:00:00,8.035746,32.0,Honolulu
2024-12-01 10:01:00,8.035746,32.0,Honolulu
2024-12-01 10:02:00,8.035746,32.0,Honolulu
2024-12-01 10:30:00,8.035746,32.0,Honolulu
2024-12-01 10:31:00,9.473541,58.0,Honolulu
2024-12-01 10:32:00,9.473541,58.0,Honolulu
2024-12-01 11:00:00,9.473541,58.0,Honolulu
2024-12-01 11:01:00,9.473541,58.0,Honolulu
2024-12-01 11:02:00,9.473541,58.0,Honolulu
2024-12-01 11:30:00,9.82279,30.0,Honolulu
2024-12-01 11:31:00,9.82279,30.0,Honolulu
2024-12-01 11:32:00,9.82279,30.0,Honolulu
2024-12-01 12:00:00,9.82279,30.0,Honolulu
2024-12-01 12:01:00,9.82279,30.0,Honolulu
2024-12-01 12:02:00,9.82279,30.0,Honolulu
2024-12-01 12:30:00,9.82279,30.0,Honolulu
2024-12-01 12:31:00,10.337079,20.0,Honolulu
2024-12-01 12:32:00,10.337079,20.0,Honolulu
2024-12-01 13:00:00,10.337079,20.0,Honolulu
2024-12-01 13:01:00,10.337079,20.0,Honolulu
2024-12-01 13:02:00,10.337079,20.0,Honolulu
2024-12-01 13:30:00,9.243311,36.0,Honolulu
2024-12-01 13:31:00,9.243311,36.0,Honolulu
2024-12-01 13:32:00,9.243311,36.0,Honolulu
2024-12-01 14:00:00,9.243311,36.0,Honolulu
2024-12-01 14:01:00,9.243311,36.0,Honolulu
2024-12-01 14:02:00,9.243311,36.0,Honolulu
2024-12-01 14:30:00,9.243311,36.0,Honolulu
2024-12-01 14:31:00,12.168319,66.0,Honolulu
2024-12-01 14:32:00,12.168319,66.0,Honolulu
2024-12-01 15:00:00,12.168319,66.0,Honolulu
2024-12-01 15:01:00,12.168319,66.0,Honolulu
2024-12-01 15:02:00,12.168319,66.0,Honolulu
2024-12-01 15:30:00,8.461914,40.0,Honolulu
2024-12-01 15:31:00,8.461914,40.0,Honolulu
2024-12-01 15:32:00,8.461914,40.0,Honolulu
2024-12-01 16:00:00,8.461914,40.0,Honolulu
2024-12-01 16:01:00,8.461914,40.0,Honolulu
2024-12-01 16:02:00,8.461914,40.0,Honolulu
2024-12-01 16:30:00,8.461914,40.0,Honolulu
2024-12-01 16:31:00,4.965521,29.0,Honolulu
2024-12-01 16:32:00,4.965521,29.0,Honolulu
2024-12-01 17:00:00,4.965521,29.0,Honolulu
2024-12-01 17:01:00,4.965521,29.0,Honolulu
2024-12-01 17:02:00,4.965521,29.0,Honolulu
2024-12-01 17:30:00,0.17999999,0.0,Honolulu
2024-12-01 17:31:00,0.17999999,0.0,Honolulu
2024-12-01 17:32:00,0.17999999,0.0,Honolulu
2024-12-01 18:00:00,0.17999999,0.0,Honolulu
2024-12-01 18:01:00,0.17999999,0.0,Honolulu
2024-12-01 18:02:00,0.17999999,0.0,Honolulu
2024-12-01 18:30:00,0.17999999,0.0,Honolulu
2024-12-01 18:31:00,1.0182338,0.0,Honolulu
2024-12-01 18:32:00,1.0182338,0.0,Honolulu
2024-12-01 19:00:00,1.0182338,0.0,Honolulu
2024-12-01 19:01:00,1.0182338,0.0,Honolulu
2024-12-01 19:02:00,1.0182338,0.0,Honolulu
2024-12-01 19:30:00,1.9134263,2.0,Honolulu
2024-12-01 19:31:00,1.9134263,2.0,Honolulu
2024-12-01 19:32:00,1.9134263,2.0,Honolulu
2024-12-01 20:00:00,1.9134263,2.0,Honolulu
2024-12-01 20:01:00,1.9134263,2.0,Honolulu
2024-12-01 20:02:00,1.9134263,2.0,Honolulu
2024-12-01 20:30:00,1.9134263,2.0,Honolulu
2024-12-01 20:31:00,1.609969,1.0,Honolulu
2024-12-01 20:32:00,1.609969,1.0,Honolulu
2024-12-01 21:00:00,1.609969,1.0,Honolulu
2024-12-01 21:01:00,1.609969,1.0,Honolulu
2024-12-01 21:02:00,1.609969,1.0,Honolulu
2024-12-01 21:30:00,0.54,3.0,Honolulu
2024-12-01 21:31:00,0.54,3.0,Honolulu
2024-12-01 21:32:00,0.54,3.0,Honolulu
2024-12-01 22:00:00,0.54,3.0,Honolulu
2024-12-01 22:01:00,0.54,3.0,Honolulu
2024-12-01 22:02:00,0.54,3.0,Honolulu
2024-12-01 22:30:00,0.54,3.0,Honolulu
2024-12-01 22:31:00,1.2074767,2.0,Honolulu
2024-12-01 22:32:00,1.2074767,2.0,Honolulu
2024-12-01 23:00:00,1.2074767,2.0,Honolulu
2024-12-01 23:01:00,1.2074767,2.0,Honolulu
2024-12-01 23:02:00,1.2074767,2.0,Honolulu
2024-12-01 23:30:00,1.2979984,1.0,Honolulu
2024-12-01 23:31:00,1.2979984,1.0,Honolulu
2024-12-01 23:32:00,1.2979984,1.0,Honolulu
2024-12-02 00:00:00,1.2979984,1.0,Honolulu
2024-12-02 00:01:00,1.2979984,1.0,Honolulu
2024-12-02 00:02:00,1.2979984,1.0,Honolulu
2024-12-02 00:30:00,1.2979984,1.0,Honolulu
2024-12-02 00:31:00,1.8,0.0,Honolulu
2024-12-02 00:32:00,1.8,0.0,Honolulu
2024-12-02 01:00:00,1.8,0.0,Honolulu
2024-12-02 01:01:00,1.8,0.0,Honolulu
2024-12-02 01:02:00,1.8,0.0,Honolulu
2024-12-02 01:30:00,1.8,0.0,Honolulu
2024-12-02 01:31:00,1.8,0.0,Honolulu
2024-12-02 01:32:00,1.8,0.0,Honolulu
2024-12-02 02:00:00,1.8,0.0,Honolulu
2024-12-02 02:01:00,1.8,0.0,Honolulu
2024-12-02 02:02:00,1.8,0.0,Honolulu
2024-12-02 02:30:00,1.8,0.0,Honolulu
2024-12-02 02:31:00,2.5959969,3.0,Honolulu
2024-12-02 02:32:00,2.5959969,3.0,Honolulu
2024-12-02 03:00:00,2.5959969,3.0,Honolulu
2024-12-02 03:01:00,2.5959969,3.0,Honolulu
2024-12-02 03:02:00,2.5959969,3.0,Honolulu
2024-12-02 03:30:00,2.5455842,43.0,Honolulu
2024-12-02 03:31:00,2.5455842,43.0,Honolulu
2024-12-02 03:32:00,2.5455842,43.0,Honolulu
2024-12-02 04:00:00,2.5455842,43.0,Honolulu
2024-12-02 04:01:00,2.5455842,43.0,Honolulu
2024-12-02 04:02:00,2.5455842,43.0,Honolulu
2024-12-02 04:30:00,2.5455842,43.0,Honolulu
2024-12-02 04:31:00,2.2910259,2.0,Honolulu
2024-12-02 04:32:00,2.2910259,2.0,Honolulu
2024-12-02 05:00:00,2.2910259,2.0,Honolulu
2024-12-02 05:01:00,2.2910259,2.0,Honolulu
2024-12-02 05:02:00,2.2910259,2.0,Honolulu
2024-12-02 05:30:00,3.563818,11.0,Honolulu
2024-12-02 05:31:00,3.563818,11.0,Honolulu
2024-12-02 05:32:00,3.563818,11.0,Honolulu
2024-12-02 06:00:00,3.563818,11.0,Honolulu
2024-12-02 06:01:00,3.563818,11.0,Honolulu
2024-12-02 06:02:00,3.563818,11.0,Honolulu
2024-12-02 06:30:00,3.563818,11.0,Honolulu
2024-12-02 06:31:00,3.4388947,2.0,Honolulu
2024-12-02 06:32:00,3.4388947,2.0,Honolulu
2024-12-02 07:00:00,3.4388947,2.0,Honolulu
2024-12-02 07:01:00,3.4388947,2.0,Honolulu
2024-12-02 07:02:00,3.4388947,2.0,Honolulu
2024-12-02 07:30:00,6.12,7.0,Honolulu
2024-12-02 07:31:00,6.12,7.0,Honolulu
2024-12-02 07:32:00,6.12,7.0,Honolulu
2024-12-02 08:00:00,6.12,7.0,Honolulu
2024-12-02 08:01:00,6.12,7.0,Honolulu
2024-12-02 08:02:00,6.12,7.0,Honolulu
2024-12-02 08:30:00,6.12,7.0,Honolulu
2024-12-02 08:31:00,3.644722,17.0,Honolulu
2024-12-02 08:32:00,3.644722,17.0,Honolulu
2024-12-02 09:00:00,3.644722,17.0,Honolulu
2024-12-02 09:01:00,3.644722,17.0,Honolulu
2024-12-02 09:02:00,3.644722,17.0,Honolulu
2024-12-02 09:30:00,8.827344,18.0,Honolulu
2024-12-02 09:31:00,8.827344,18.0,Honolulu
2024-12-02 09:32:00,8.827344,18.0,Honolulu
2024-12-02 10:00:00,8.827344,18.0,Honolulu
2024-12-02 10:01:00,8.827344,18.0,Honolulu
2024-12-02 10:02:00,8.827344,18.0,Honolulu
2024-12-02 10:30:00,8.827344,18.0,Honolulu
2024-12-02 10:31:00,10.261579,26.0,Honolulu
2024-12-02 10:32:00,10.261579,26.0,Honolulu
2024-12-02 11:00:00,10.261579,26.0,Honolulu
2024-12-02 11:01:00,10.261579,26.0,Honolulu
2024-12-02 11:02:00,10.261579,26.0,Honolulu
2024-12-02 11:30:00,12.88981,17.0,Honolulu
2024-12-02 11:31:00,12.88981,17.0,Honolulu
2024-12-02 11:32:00,12.88981,17.0,Honolulu
2024-12-02 12:00:00,12.88981,17.0,Honolulu
2024-12-02 12:01:00,12.88981,17.0,Honolulu
2024-12-02 12:02:00,12.88981,17.0,Honolulu
2024-12-02 12:30:00,12.88981,17.0,Honolulu
2024-12-02 12:31:00,14.230248,95.0,Honolulu
2024-12-02 12:32:00,14.230248,95.0,Honolulu
2024-12-02 13:00:00,14.230248,95.0,Honolulu
2024-12-02 13:01:00,14.230248,95.0,Honolulu
2024-12-02 13:02:00,14.230248,95.0,Honolulu
2024-12-02 13:30:00,13.690653,100.0,Honolulu
2024-12-02 13:31:00,13.690653,100.0,Honolulu
2024-12-02 13:32:00,13.690653,100.0,Honolulu
2024-12-02 14:00:00,13.690653,100.0,Honolulu
2024-12-02 14:01:00,13.690653,100.0,Honolulu
2024-12-02 14:02:00,13.690653,100.0,Honolulu
2024-12-02 14:30:00,13.690653,100.0,Honolulu
2024-12-02 14:31:00,13.33094,94.0,Honolulu
2024-12-02 14:32:00,13.33094,94.0,Honolulu
2024-12-02 15:00:00,13.33094,94.0,Honolulu
2024-12-02 15:01:00,13.33094,94.0,Honolulu
2024-12-02 15:02:00,13.33094,94.0,Honolulu
2024-12-02 15:30:00,11.886816,61.0,Honolulu
2024-12-02 15:31:00,11.886816,61.0,Honolulu
2024-12-02 15:32:00,11.886816,61.0,Honolulu
2024-12-02 16:00:00,11.886816,61.0,Honolulu
2024-12-02 16:01:00,11.886816,61.0,Honolulu
2024-12-02 16:02:00,11.886816,61.0,Honolulu
2024-12-02 16:30:00,11.886816,61.0,Honolulu
2024-12-02 16:31:00,9.430695,29.0,Honolulu
2024-12-02 16:32:00,9.430695,29.0,Honolulu
2024-12-02 17:00:00,9.430695,29.0,Honolulu
2024-12-02 17:01:00,9.430695,29.0,Honolulu
2024-12-02 17:02:00,9.430695,29.0,Honolulu
2024-12-02 17:30:00,6.320538,23.0,Honolulu
2024-12-02 17:31:00,6.320538,23.0,Honolulu
2024-12-02 17:32:00,6.320538,23.0,Honolulu
2024-12-02 18:00:00,6.320538,23.0,Honolulu
2024-12-02 18:01:00,6.320538,23.0,Honolulu
2024-12-02 18:02:00,6.320538,23.0,Honolulu
2024-12-02 18:30:00,6.320538,23.0,Honolulu
2024-12-02 18:31:00,3.319036,6.0,Honolulu
2024-12-02 18:32:00,3.319036,6.0,Honolulu
2024-12-02 19:00:00,3.319036,6.0,Honolulu
2024-12-02 19:01:00,3.319036,6.0,Honolulu
2024-12-02 19:02:00,3.319036,6.0,Honolulu
2024-12-02 19:30:00,2.6758924,14.0,Honolulu
2024-12-02 19:31:00,2.6758924,14.0,Honolulu
2024-12-02 19:32:00,2.6758924,14.0,Honolulu
2024-12-02 20:00:00,2.6758924,14.0,Honolulu
2024-12-02 20:01:00,2.6758924,14.0,Honolulu
2024-12-02 20:02:00,2.6758924,14.0,Honolulu
2024-12-02 20:30:00,2.6758924,14.0,Honolulu
2024-12-02 20:31:00,1.6299692,0.0,Honolulu
2024-12-02 20:32:00,1.6299692,0.0,Honolulu
2024-12-02 21:00:00,1.6299692,0.0,Honolulu
2024-12-02 21:01:00,1.6299692,0.0,Honolulu
2024-12-02 21:02:00,1.6299692,0.0,Honolulu
2024-12-02 21:30:00,0.9693296,3.0,Honolulu
2024-12-02 21:31:00,0.9693296,3.0,Honolulu
2024-12-02 21:32:00,0.9693296,3.0,Honolulu
2024-12-02 22:00:00,0.9693296,3.0,Honolulu
2024-12-02 22:01:00,0.9693296,3.0,Honolulu
2024-12-02 22:02:00,0.9693296,3.0,Honolulu
2024-12-02 22:30:00,0.9693296,3.0,Honolulu
2024-12-02 22:31:00,1.26,57.0,Honolulu
2024-12-02 22:32:00,1.26,57.0,Honolulu
2024-12-02 23:00:00,1.26,57.0,Honolulu
2024-12-02 23:01:00,1.26,57.0,Honolulu
2024-12-02 23:02:00,1.26,57.0,Honolulu
2024-12-02 23:30:00,1.5484185,98.0,Honolulu
2024-12-02 23:31:00,1.5484185,98.0,Honolulu
2024-12-02 23:32:00,1.5484185,98.0,Honolulu
2024-12-03 00:00:00,1.5484185,98.0,Honolulu
2024-12-03 00:01:00,1.5484185,98.0,Honolulu
2024-12-03 00:02:00,1.5484185,98.0,Honolulu
2024-12-03 00:30:00,1.5484185,98.0,Honolulu
2024-12-03 00:31:00,1.659518,49.0,Honolulu
2024-12-03 00:32:00,1.659518,49.0,Honolulu
2024-12-03 01:00:00,1.659518,49.0,Honolulu
2024-12-03 01:01:00,1.659518,49.0,Honolulu
2024-12-03 01:02:00,1.659518,49.0,Honolulu
2024-12-03 01:30:00,1.9134263,0.0,Honolulu
2024-12-03 01:31:00,1.9134263,0.0,Honolulu
2024-12-03 01:32:00,1.9134263,0.0,Honolulu
2024-12-03 02:00:00,1.9134263,0.0,Honolulu
2024-12-03 02:01:00,1.9134263,0.0,Honolulu
2024-12-03 02:02:00,1.9134263,0.0,Honolulu
2024-12-03 02:30:00,1.9134263,0.0,Honolulu
2024-12-03 02:31:00,1.9469976,0.0,Honolulu
2024-12-03 02:32:00,1.9469976,0.0,Honolulu
2024-12-03 03:00:00,1.9469976,0.0,Honolulu
2024-12-03 03:01:00,1.9469976,0.0,Honolulu
2024-12-03 03:02:00,1.9469976,0.0,Honolulu
2024-12-03 03:30:00,2.5959969,0.0,Honolulu
2024-12-03 03:31:00,2.5959969,0.0,Honolulu
2024-12-03 03:32:00,2.5959969,0.0,Honolulu
2024-12-03 04:00:00,2.5959969,0.0,Honolulu
2024-12-03 04:01:00,2.5959969,0.0,Honolulu
2024-12-03 04:02:00,2.5959969,0.0,Honolulu
2024-12-03 04:30:00,2.5959969,0.0,Honolulu
2024-12-03 04:31:00,3.494968,2.0,Honolulu
2024-12-03 04:32:00,3.494968,2.0,Honolulu
2024-12-03 05:00:00,3.494968,2.0,Honolulu
2024-12-03 05:01:00,3.494968,2.0,Honolulu
2024-12-03 05:02:00,3.494968,2.0,Honolulu
2024-12-03 05:30:00,2.995797,60.0,Honolulu
2024-12-03 05:31:00,2.995797,60.0,Honolulu
2024-12-03 05:32:00,2.995797,60.0,Honolulu
2024-12-03 06:00:00,2.995797,60.0,Honolulu
2024-12-03 06:01:00,2.995797,60.0,Honolulu
2024-12-03 06:02:00,2.995797,60.0,Honolulu
2024-12-03 06:30:00,2.995797,60.0,Honolulu
2024-12-03 06:31:00,1.4058449,63.0,Honolulu
2024-12-03 06:32:00,1.4058449,63.0,Honolulu
2024-12-03 07:00:00,1.4058449,63.0,Honolulu
2024-12-03 07:01:00,1.4058449,63.0,Honolulu
2024-12-03 07:02:00,1.4058449,63.0,Honolulu
2024-12-03 07:30:00,1.0948973,49.0,Honolulu
2024-12-03 07:31:00,1.0948973,49.0,Honolulu
2024-12-03 07:32:00,1.0948973,49.0,Honolulu
2024-12-03 08:00:00,1.0948973,49.0,Honolulu
2024-12-03 08:01:00,1.0948973,49.0,Honolulu
2024-12-03 08:02:00,1.0948973,49.0,Honolulu
2024-12-03 08:30:00,1.0948973,49.0,Honolulu
2024-12-03 08:31:00,2.2768397,75.0,Honolulu
2024-12-03 08:32:00,2.2768397,75.0,Honolulu
2024-12-03 09:00:00,2.2768397,75.0,Honolulu
2024-12-03 09:01:00,2.2768397,75.0,Honolulu
2024-12-03 09:02:00,2.2768397,75.0,Honolulu
2024-12-03 09:30:00,8.187527,62.0,Honolulu
2024-12-03 09:31:00,8.187527,62.0,Honolulu
2024-12-03 09:32:00,8.187527,62.0,Honolulu
2024-12-03 10:00:00,8.187527,62.0,Honolulu
2024-12-03 10:01:00,8.187527,62.0,Honolulu
2024-12-03 10:02:00,8.187527,62.0,Honolulu
2024-12-03 10:30:00,8.187527,62.0,Honolulu
2024-12-03 10:31:00,12.181624,52.0,Honolulu
2024-12-03 10:32:00,12.181624,52.0,Honolulu
2024-12-03 11:00:00,12.181624,52.0,Honolulu
2024-12-03 11:01:00,12.181624,52.0,Honolulu
2024-12-03 11:02:00,12.181624,52.0,Honolulu
2024-12-03 11:30:00,14.31198,13.0,Honolulu
2024-12-03 11:31:00,14.31198,13.0,Honolulu
2024-12-03 11:32:00,14.31198,13.0,Honolulu
2024-12-03 12:00:00,14.31198,13.0,Honolulu
2024-12-03 12:01:00,14.31198,13.0,Honolulu
2024-12-03 12:02:00,14.31198,13.0,Honolulu
2024-12-03 12:30:00,14.31198,13.0,Honolulu
2024-12-03 12:31:00,15.053425,21.0,Honolulu
2024-12-03 12:32:00,15.053425,21.0,Honolulu
2024-12-03 13:00:00,15.053425,21.0,Honolulu
2024-12-03 13:01:00,15.053425,21.0,Honolulu
2024-12-03 13:02:00,15.053425,21.0,Honolulu
2024-12-03 13:30:00,15.3264475,49.0,Honolulu
2024-12-03 13:31:00,15.3264475,49.0,Honolulu
2024-12-03 13:32:00,15.3264475,49.0,Honolulu
2024-12-03 14:00:00,15.3264475,49.0,Honolulu
2024-12-03 14:01:00,15.3264475,49.0,Honolulu
2024-12-03 14:02:00,15.3264475,49.0,Honolulu
2024-12-03 14:30:00,15.3264475,49.0,Honolulu
2024-12-03 14:31:00,13.239486,68.0,Honolulu
2024-12-03 14:32:00,13.239486,68.0,Honolulu
2024-12-03 15:00:00,13.239486,68.0,Honolulu
2024-12-03 15:01:00,13.239486,68.0,Honolulu
2024-12-03 15:02:00,13.239486,68.0,Honolulu
2024-12-03 15:30:00,10.182337,48.0,Honolulu
2024-12-03 15:31:00,10.182337,48.0,Honolulu
2024-12-03 15:32:00,10.182337,48.0,Honolulu
2024-12-03 16:00:00,10.182337,48.0,Honolulu
2024-12-03 16:01:00,10.182337,48.0,Honolulu
2024-12-03 16:02:00,10.182337,48.0,Honolulu
2024-12-03 16:30:00,10.182337,48.0,Honolulu
2024-12-03 16:31:00,6.59154,89.0,Honolulu
2024-12-03 16:32:00,6.59154,89.0,Honolulu
2024-12-03 17:00:00,6.59154,89.0,Honolulu
2024-12-03 17:01:00,6.59154,89.0,Honolulu
2024-12-03 17:02:00,6.59154,89.0,Honolulu
2024-12-03 17:30:00,2.8460498,100.0,Honolulu
2024-12-03 17:31:00,2.8460498,100.0,Honolulu
2024-12-03 17:32:00,2.8460498,100.0,Honolulu
2024-12-03 18:00:00,2.8460498,100.0,Honolulu
2024-12-03 18:01:00,2.8460498,100.0,Honolulu
2024-12-03 18:02:00,2.8460498,100.0,Honolulu
2024-12-03 18:30:00,2.8460498,100.0,Honolulu
2024-12-03 18:31:00,0.9178235,100.0,Honolulu
2024-12-03 18:32:00,0.9178235,100.0,Honolulu
2024-12-03 19:00:00,0.9178235,100.0,Honolulu
2024-12-03 19:01:00,0.9178235,100.0,Honolulu
2024-12-03 19:02:00,0.9178235,100.0,Honolulu
2024-12-03 19:30:00,0.40249225,99.0,Honolulu
2024-12-03 19:31:00,0.40249225,99.0,Honolulu
2024-12-03 19:32:00,0.40249225,99.0,Honolulu
2024-12-03 20:00:00,0.40249225,99.0,Honolulu
2024-12-03 20:01:00,0.40249225,99.0,Honolulu
2024-12-03 20:02:00,0.40249225,99.0,Honolulu
2024-12-03 20:30:00,0.40249225,99.0,Honolulu
2024-12-03 20:31:00,0.56920993,33.0,Honolulu
2024-12-03 20:32:00,0.56920993,33.0,Honolulu
2024-12-03 21:00:00,0.56920993,33.0,Honolulu
2024-12-03 21:01:00,0.56920993,33.0,Honolulu
2024-12-03 21:02:00,0.56920993,33.0,Honolulu
2024-12-03 21:30:00,1.2727921,5.0,Honolulu
2024-12-03 21:31:00,1.2727921,5.0,Honolulu
2024-12-03 21:32:00,1.2727921,5.0,Honolulu
2024-12-03 22:00:00,1.2727921,5.0,Honolulu
2024-12-03 22:01:00,1.2727921,5.0,Honolulu
2024-12-03 22:02:00,1.2727921,5.0,Honolulu
2024-12-03 22:30:00,1.2727921,5.0,Honolulu
2024-12-03 22:31:00,0.742159,3.0,Honolulu
2024-12-03 22:32:00,0.742159,3.0,Honolulu
2024-12-03 23:00:00,0.742159,3.0,Honolulu
2024-12-03 23:01:00,0.742159,3.0,Honolulu
2024-12-03 23:02:00,0.742159,3.0,Honolulu
2024-12-03 23:30:00,0.5091169,2.0,Honolulu
2024-12-03 23:31:00,0.5091169,2.0,Honolulu
2024-12-03 23:32:00,0.5091169,2.0,Honolulu
2024-12-04 00:00:00,0.5091169,2.0,Honolulu
2024-12-04 00:01:00,0.5091169,2.0,Honolulu
2024-12-04 00:02:00,0.5091169,2.0,Honolulu
2024-12-04 00:30:00,0.5091169,2.0,Honolulu
2024-12-04 00:31:00,0.5091169,8.0,Honolulu
2024-12-04 00:32:00,0.5091169,8.0,Honolulu
2024-12-04 01:00:00,0.5091169,8.0,Honolulu
2024-12-04 01:01:00,0.5091169,8.0,Honolulu
2024-12-04 01:02:00,0.5091169,8.0,Honolulu
2024-12-04 01:30:00,0.25455844,17.0,Honolulu
2024-12-04 01:31:00,0.25455844,17.0,Honolulu
2024-12-04 01:32:00,0.25455844,17.0,Honolulu
2024-12-04 02:00:00,0.25455844,17.0,Honolulu
2024-12-04 02:01:00,0.25455844,17.0,Honolulu
2024-12-04 02:02:00,0.25455844,17.0,Honolulu
2024-12-04 02:30:00,0.25455844,17.0,Honolulu
2024-12-04 02:31:00,0.25455844,5.0,Honolulu
2024-12-04 02:32:00,0.25455844,5.0,Honolulu
2024-12-04 03:00:00,0.25455844,5.0,Honolulu
2024-12-04 03:01:00,0.25455844,5.0,Honolulu
2024-12-04 03:02:00,0.25455844,5.0,Honolulu
2024-12-04 03:30:00,0.25455844,1.0,Honolulu
2024-12-04 03:31:00,0.25455844,1.0,Honolulu
2024-12-04 03:32:00,0.25455844,1.0,Honolulu
2024-12-04 04:00:00,0.25455844,1.0,Honolulu
2024-12-04 04:01:00,0.25455844,1.0,Honolulu
2024-12-04 04:02:00,0.25455844,1.0,Honolulu
2024-12-04 04:30:00,0.25455844,1.0,Honolulu
2024-12-04 04:31:00,0.25455844,1.0,Honolulu
2024-12-04 04:32:00,0.25455844,1.0,Honolulu
2024-12-04 05:00:00,0.25455844,1.0,Honolulu
2024-12-04 05:01:00,0.25455844,1.0,Honolulu
2024-12-04 05:02:00,0.25455844,1.0,Honolulu
2024-12-04 05:30:00,0.5091169,9.0,Honolulu
2024-12-04 05:31:00,0.5091169,9.0,Honolulu
2024-12-04 05:32:00,0.5091169,9.0,Honolulu
2024-12-04 06:00:00,0.5091169,9.0,Honolulu
2024-12-04 06:01:00,0.5091169,9.0,Honolulu
2024-12-04 06:02:00,0.5091169,9.0,Honolulu
2024-12-04 06:30:00,0.5091169,9.0,Honolulu
2024-12-04 06:31:00,0.9,19.0,Honolulu
2024-12-04 06:32:00,0.9,19.0,Honolulu
2024-12-04 07:00:00,0.9,19.0,Honolulu
2024-12-04 07:01:00,0.9,19.0,Honolulu
2024-12-04 07:02:00,0.9,19.0,Honolulu
2024-12-04 07:30:00,0.742159,29.0,Honolulu
2024-12-04 07:31:00,0.742159,29.0,Honolulu
2024-12-04 07:32:00,0.742159,29.0,Honolulu
2024-12-04 08:00:00,0.742159,29.0,Honolulu
2024-12-04 08:01:00,0.742159,29.0,Honolulu
2024-12-04 08:02:00,0.742159,29.0,Honolulu
2024-12-04 08:30:00,0.742159,29.0,Honolulu
2024-12-04 08:31:00,6.77575,40.0,Honolulu
2024-12-04 08:32:00,6.77575,40.0,Honolulu
2024-12-04 09:00:00,6.77575,40.0,Honolulu
2024-12-04 09:01:00,6.77575,40.0,Honolulu
2024-12-04 09:02:00,6.77575,40.0,Honolulu
2024-12-04 09:30:00,9.826088,22.0,Honolulu
2024-12-04 09:31:00,9.826088,22.0,Honolulu
2024-12-04 09:32:00,9.826088,22.0,Honolulu
2024-12-04 10:00:00,9.826088,22.0,Honolulu
2024-12-04 10:01:00,9.826088,22.0,Honolulu
2024-12-04 10:02:00,9.826088,22.0,Honolulu
2024-12-04 10:30:00,9.826088,22.0,Honolulu
2024-12-04 10:31:00,10.6261,19.0,Honolulu
2024-12-04 10:32:00,10.6261,19.0,Honolulu
2024-12-04 11:00:00,10.6261,19.0,Honolulu
2024-12-04 11:01:00,10.6261,19.0,Honolulu
2024-12-04 11:02:00,10.6261,19.0,Honolulu
2024-12-04 11:30:00,11.745604,34.0,Honolulu
2024-12-04 11:31:00,11.745604,34.0,Honolulu
2024-12-04 11:32:00,11.745604,34.0,Honolulu
2024-12-04 12:00:00,11.745604,34.0,Honolulu
2024-12-04 12:01:00,11.745604,34.0,Honolulu
2024-12-04 12:02:00,11.745604,34.0,Honolulu
2024-12-04 12:30:00,11.745604,34.0,Honolulu
2024-12-04 12:31:00,13.213764,41.0,Honolulu
2024-12-04 12:32:00,13.213764,41.0,Honolulu
2024-12-04 13:00:00,13.213764,41.0,Honolulu
2024-12-04 13:01:00,13.213764,41.0,Honolulu
2024-12-04 13:02:00,13.213764,41.0,Honolulu
2024-12-04 13:30:00,13.432632,16.0,Honolulu
2024-12-04 13:31:00,13.432632,16.0,Honolulu
2024-12-04 13:32:00,13.432632,16.0,Honolulu
2024-12-04 14:00:00,13.432632,16.0,Honolulu
2024-12-04 14:01:00,13.432632,16.0,Honolulu
2024-12-04 14:02:00,13.432632,16.0,Honolulu
2024-12-04 14:30:00,13.432632,16.0,Honolulu
2024-12-04 14:31:00,12.594856,17.0,Honolulu
2024-12-04 14:32:00,12.594856,17.0,Honolulu
2024-12-04 15:00:00,12.594856,17.0,Honolulu
2024-12-04 15:01:00,12.594856,17.0,Honolulu
2024-12-04 15:02:00,12.594856,17.0,Honolulu
2024-12-04 15:30:00,11.48761,16.0,Honolulu
2024-12-04 15:31:00,11.48761,16.0,Honolulu
2024-12-04 15:32:00,11.48761,16.0,Honolulu
2024-12-04 16:00:00,11.48761,16.0,Honolulu
2024-12-04 16:01:00,11.48761,16.0,Honolulu
2024-12-04 16:02:00,11.48761,16.0,Honolulu
2024-12-04 16:30:00,11.48761,16.0,Honolulu
2024-12-04 16:31:00,10.404249,23.0,Honolulu
2024-12-04 16:32:00,10.404249,23.0,Honolulu
2024-12-04 17:00:00,10.404249,23.0,Honolulu
2024-12-04 17:01:00,10.404249,23.0,Honolulu
2024-12-04 17:02:00,10.404249,23.0,Honolulu
2024-12-04 17:30:00,5.2323985,15.0,Honolulu
2024-12-04 17:31:00,5.2323985,15.0,Honolulu
2024-12-04 17:32:00,5.2323985,15.0,Honolulu
2024-12-04 18:00:00,5.2323985,15.0,Honolulu
2024-12-04 18:01:00,5.2323985,15.0,Honolulu
2024-12-04 18:02:00,5.2323985,15.0,Honolulu
2024-12-04 18:30:00,5.2323985,15.0,Honolulu
2024-12-04 18:31:00,3.396233,16.0,Honolulu
2024-12-04 18:32:00,3.396233,16.0,Honolulu
2024-12-04 19:00:00,3.396233,16.0,Honolulu
2024-12-04 19:01:00,3.396233,16.0,Honolulu
2024-12-04 19:02:00,3.396233,16.0,Honolulu
2024-12-04 19:30:00,2.7943513,22.0,Honolulu
2024-12-04 19:31:00,2.7943513,22.0,Honolulu
2024-12-04 19:32:00,2.7943513,22.0,Honolulu
2024-12-04 20:00:00,2.7943513,22.0,Honolulu
2024-12-04 20:01:00,2.7943513,22.0,Honolulu
2024-12-04 20:02:00,2.7943513,22.0,Honolulu
2024-12-04 20:30:00,2.7943513,22.0,Honolulu
2024-12-04 20:31:00,2.8174455,10.0,Honolulu
2024-12-04 20:32:00,2.8174455,10.0,Honolulu
2024-12-04 21:00:00,2.8174455,10.0,Honolulu
2024-12-04 21:01:00,2.8174455,10.0,Honolulu
2024-12-04 21:02:00,2.8174455,10.0,Honolulu
2024-12-04 21:30:00,3.381893,3.0,Honolulu
2024-12-04 21:31:00,3.381893,3.0,Honolulu
2024-12-04 21:32:00,3.381893,3.0,Honolulu
2024-12-04 22:00:00,3.381893,3.0,Honolulu
2024-12-04 22:01:00,3.381893,3.0,Honolulu
2024-12-04 22:02:00,3.381893,3.0,Honolulu
2024-12-04 22:30:00,3.381893,3.0,Honolulu
2024-12-04 22:31:00,4.445672,100.0,Honolulu
2024-12-04 22:32:00,4.445672,100.0,Honolulu
2024-12-04 23:00:00,4.445672,100.0,Honolulu
2024-12-04 23:01:00,4.445672,100.0,Honolulu
2024-12-04 23:02:00,4.445672,100.0,Honolulu
2024-12-04 23:30:00,4.2366967,100.0,Honolulu
2024-12-04 23:31:00,4.2366967,100.0,Honolulu
2024-12-04 23:32:00,4.2366967,100.0,Honolulu
2024-12-05 00:00:00,4.2366967,100.0,Honolulu
2024-12-05 00:01:00,4.2366967,100.0,Honolulu
2024-12-05 00:02:00,4.2366967,100.0,Honolulu
2024-12-05 00:30:00,4.2366967,100.0,Honolulu
2024-12-05 00:31:00,6.76618,90.0,Honolulu
2024-12-05 00:32:00,6.76618,90.0,Honolulu
2024-12-05 01:00:00,6.76618,90.0,Honolulu
2024-12-05 01:01:00,6.76618,90.0,Honolulu
2024-12-05 01:02:00,6.76618,90.0,Honolulu
2024-12-05 01:30:00,7.44121,33.0,Honolulu
2024-12-05 01:31:00,7.44121,33.0,Honolulu
2024-12-05 01:32:00,7.44121,33.0,Honolulu
2024-12-05 02:00:00,7.44121,33.0,Honolulu
2024-12-05 02:01:00,7.44121,33.0,Honolulu
2024-12-05 02:02:00,7.44121,33.0,Honolulu
2024-12-05 02:30:00,7.44121,33.0,Honolulu
2024-12-05 02:31:00,5.369916,45.0,Honolulu
2024-12-05 02:32:00,5.369916,45.0,Honolulu
2024-12-05 03:00:00,5.369916,45.0,Honolulu
2024-12-05 03:01:00,5.369916,45.0,Honolulu
2024-12-05 03:02:00,5.369916,45.0,Honolulu
2024-12-05 03:30:00,6.384293,37.0,Honolulu
2024-12-05 03:31:00,6.384293,37.0,Honolulu
2024-12-05 03:32:00,6.384293,37.0,Honolulu
2024-12-05 04:00:00,6.384293,37.0,Honolulu
2024-12-05 04:01:00,6.384293,37.0,Honolulu
2024-12-05 04:02:00,6.384293,37.0,Honolulu
2024-12-05 04:30:00,6.384293,37.0,Honolulu
2024-12-05 04:31:00,8.404285,21.0,Honolulu
2024-12-05 04:32:00,8.404285,21.0,Honolulu
2024-12-05 05:00:00,8.404285,21.0,Honolulu
2024-12-05 05:01:00,8.404285,21.0,Honolulu
2024-12-05 05:02:00,8.404285,21.0,Honolulu
2024-12-05 05:30:00,9.449572,16.0,Honolulu
2024-12-05 05:31:00,9.449572,16.0,Honolulu
2024-12-05 05:32:00,9.449572,16.0,Honolulu
2024-12-05 06:00:00,9.449572,16.0,Honolulu
2024-12-05 06:01:00,9.449572,16.0,Honolulu
2024-12-05 06:02:00,9.449572,16.0,Honolulu
2024-12-05 06:30:00,9.449572,16.0,Honolulu
2024-12-05 06:31:00,10.948973,11.0,Honolulu
2024-12-05 06:32:00,10.948973,11.0,Honolulu
2024-12-05 07:00:00,10.948973,11.0,Honolulu
2024-12-05 07:01:00,10.948973,11.0,Honolulu
2024-12-05 07:02:00,10.948973,11.0,Honolulu
2024-12-05 07:30:00,11.666721,22.0,Honolulu
2024-12-05 07:31:00,11.666721,22.0,Honolulu
2024-12-05 07:32:00,11.666721,22.0,Honolulu
2024-12-05 08:00:00,11.666721,22.0,Honolulu
2024-12-05 08:01:00,11.666721,22.0,Honolulu
2024-12-05 08:02:00,11.666721,22.0,Honolulu
2024-12-05 08:30:00,11.666721,22.0,Honolulu
2024-12-05 08:31:00,16.697365,12.0,Honolulu
2024-12-05 08:32:00,16.697365,12.0,Honolulu
2024-12-05 09:00:00,16.697365,12.0,Honolulu
2024-12-05 09:01:00,16.697365,12.0,Honolulu
2024-12-05 09:02:00,16.697365,12.0,Honolulu
2024-12-05 09:30:00,17.10284,7.0,Honolulu
2024-12-05 09:31:00,17.10284,7.0,Honolulu
2024-12-05 09:32:00,17.10284,7.0,Honolulu
2024-12-05 10:00:00,17.10284,7.0,Honolulu
2024-12-05 10:01:00,17.10284,7.0,Honolulu
2024-12-05 10:02:00,17.10284,7.0,Honolulu
2024-12-05 10:30:00,17.10284,7.0,Honolulu
2024-12-05 10:31:00,16.560978,0.0,Honolulu
2024-12-05 10:32:00,16.560978,0.0,Honolulu
2024-12-05 11:00:00,16.560978,0.0,Honolulu
2024-12-05 11:01:00,16.560978,0.0,Honolulu
2024-12-05 11:02:00,16.560978,0.0,Honolulu
2024-12-05 11:30:00,14.978984,0.0,Honolulu
2024-12-05 11:31:00,14.978984,0.0,Honolulu
2024-12-05 11:32:00,14.978984,0.0,Honolulu
2024-12-05 12:00:00,14.978984,0.0,Honolulu
2024-12-05 12:01:00,14.978984,0.0,Honolulu
2024-12-05 12:02:00,14.978984,0.0,Honolulu
2024-12-05 12:30:00,14.978984,0.0,Honolulu
2024-12-05 12:31:00,14.941085,1.0,Honolulu
2024-12-05 12:32:00,14.941085,1.0,Honolulu
2024-12-05 13:00:00,14.941085,1.0,Honolulu
2024-12-05 13:01:00,14.941085,1.0,Honolulu
2024-12-05 13:02:00,14.941085,1.0,Honolulu
2024-12-05 13:30:00,15.338071,28.0,Honolulu
2024-12-05 13:31:00,15.338071,28.0,Honolulu
2024-12-05 13:32:00,15.338071,28.0,Honolulu
2024-12-05 14:00:00,15.338071,28.0,Honolulu
2024-12-05 14:01:00,15.338071,28.0,Honolulu
2024-12-05 14:02:00,15.338071,28.0,Honolulu
2024-12-05 14:30:00,15.338071,28.0,Honolulu
2024-12-05 14:31:00,12.081472,4.0,Honolulu
2024-12-05 14:32:00,12.081472,4.0,Honolulu
2024-12-05 15:00:00,12.081472,4.0,Honolulu
2024-12-05 15:01:00,12.081472,4.0,Honolulu
2024-12-05 15:02:00,12.081472,4.0,Honolulu
2024-12-05 15:30:00,11.811622,72.0,Honolulu
2024-12-05 15:31:00,11.811622,72.0,Honolulu
2024-12-05 15:32:00,11.811622,72.0,Honolulu
2024-12-05 16:00:00,11.811622,72.0,Honolulu
2024-12-05 16:01:00,11.811622,72.0,Honolulu
2024-12-05 16:02:00,11.811622,72.0,Honolulu
2024-12-05 16:30:00,11.811622,72.0,Honolulu
2024-12-05 16:31:00,8.553314,51.0,Honolulu
2024-12-05 16:32:00,8.553314,51.0,Honolulu
2024-12-05 17:00:00,8.553314,51.0,Honolulu
2024-12-05 17:01:00,8.553314,51.0,Honolulu
2024-12-05 17:02:00,8.553314,51.0,Honolulu
2024-12-05 17:30:00,3.6179552,49.0,Honolulu
2024-12-05 17:31:00,3.6179552,49.0,Honolulu
2024-12-05 17:32:00,3.6179552,49.0,Honolulu
2024-12-05 18:00:00,3.6179552,49.0,Honolulu
2024-12-05 18:01:00,3.6179552,49.0,Honolulu
2024-12-05 18:02:00,3.6179552,49.0,Honolulu
2024-12-05 18:30:00,3.6179552,49.0,Honolulu
2024-12-05 18:31:00,2.0523157,39.0,Honolulu
2024-12-05 18:32:00,2.0523157,39.0,Honolulu
2024-12-05 19:00:00,2.0523157,39.0,Honolulu
2024-12-05 19:01:00,2.0523157,39.0,Honolulu
2024-12-05 19:02:00,2.0523157,39.0,Honolulu
2024-12-05 19:30:00,1.98,45.0,Honolulu
2024-12-05 19:31:00,1.98,45.0,Honolulu
2024-12-05 19:32:00,1.98,45.0,Honolulu
2024-12-05 20:00:00,1.98,45.0,Honolulu
2024-12-05 20:01:00,1.98,45.0,Honolulu
2024-12-05 20:02:00,1.98,45.0,Honolulu
2024-12-05 20:30:00,1.98,45.0,Honolulu
2024-12-05 20:31:00,2.4216523,81.0,Honolulu
2024-12-05 20:32:00,2.4216523,81.0,Honolulu
2024-12-05 21:00:00,2.4216523,81.0,Honolulu
2024-12-05 21:01:00,2.4216523,81.0,Honolulu
2024-12-05 21:02:00,2.4216523,81.0,Honolulu
2024-12-05 21:30:00,3.0547013,95.0,Honolulu
2024-12-05 21:31:00,3.0547013,95.0,Honolulu
2024-12-05 21:32:00,3.0547013,95.0,Honolulu
2024-12-05 22:00:00,3.0547013,95.0,Honolulu
2024-12-05 22:01:00,3.0547013,95.0,Honolulu
2024-12-05 22:02:00,3.0547013,95.0,Honolulu
2024-12-05 22:30:00,3.0547013,95.0,Honolulu
2024-12-05 22:31:00,2.7943513,100.0,Honolulu
2024-12-05 22:32:00,2.7943513,100.0,Honolulu
2024-12-05 23:00:00,2.7943513,100.0,Honolulu
2024-12-05 23:01:00,2.7943513,100.0,Honolulu
2024-12-05 23:02:00,2.7943513,100.0,Honolulu
2024-12-05 23:30:00,3.9763298,100.0,Honolulu
2024-12-05 23:31:00,3.9763298,100.0,Honolulu
2024-12-05 23:32:00,3.9763298,100.0,Honolulu
2024-12-06 00:00:00,3.9763298,100.0,Honolulu
2024-12-06 00:01:00,3.9763298,100.0,Honolulu
2024-12-06 00:02:00,3.9763298,100.0,Honolulu
2024-12-06 00:30:00,3.9763298,100.0,Honolulu
2024-12-06 00:31:00,5.0528407,100.0,Honolulu
2024-12-06 00:32:00,5.0528407,100.0,Honolulu
2024-12-06 01:00:00,5.0528407,100.0,Honolulu
2024-12-06 01:01:00,5.0528407,100.0,Honolulu
2024-12-06 01:02:00,5.0528407,100.0,Honolulu
2024-12-06 01:30:00,5.0688457,100.0,Honolulu
2024-12-06 01:31:00,5.0688457,100.0,Honolulu
2024-12-06 01:32:00,5.0688457,100.0,Honolulu
2024-12-06 02:00:00,5.0688457,100.0,Honolulu
2024-12-06 02:01:00,5.0688457,100.0,Honolulu
2024-12-06 02:02:00,5.0688457,100.0,Honolulu
2024-12-06 02:30:00,5.0688457,100.0,Honolulu
2024-12-06 02:31:00,3.0652893,100.0,Honolulu
2024-12-06 02:32:00,3.0652893,100.0,Honolulu
2024-12-06 03:00:00,3.0652893,100.0,Honolulu
2024-12-06 03:01:00,3.0652893,100.0,Honolulu
2024-12-06 03:02:00,3.0652893,100.0,Honolulu
2024-12-06 03:30:00,1.8,100.0,Honolulu
2024-12-06 03:31:00,1.8,100.0,Honolulu
2024-12-06 03:32:00,1.8,100.0,Honolulu
2024-12-06 04:00:00,1.8,100.0,Honolulu
2024-12-06 04:01:00,1.8,100.0,Honolulu
2024-12-06 04:02:00,1.8,100.0,Honolulu
2024-12-06 04:30:00,1.8,100.0,Honolulu
2024-12-06 04:31:00,1.8,100.0,Honolulu
2024-12-06 04:32:00,1.8,100.0,Honolulu
2024-12-06 05:00:00,1.8,100.0,Honolulu
2024-12-06 05:01:00,1.8,100.0,Honolulu
2024-12-06 05:02:00,1.8,100.0,Honolulu
2024-12-06 05:30:00,2.5455842,100.0,Honolulu
2024-12-06 05:31:00,2.5455842,100.0,Honolulu
2024-12-06 05:32:00,2.5455842,100.0,Honolulu
2024-12-06 06:00:00,2.5455842,100.0,Honolulu
2024-12-06 06:01:00,2.5455842,100.0,Honolulu
2024-12-06 06:02:00,2.5455842,100.0,Honolulu
2024-12-06 06:30:00,2.5455842,100.0,Honolulu
2024-12-06 06:31:00,4.2671766,100.0,Honolulu
2024-12-06 06:32:00,4.2671766,100.0,Honolulu
2024-12-06 07:00:00,4.2671766,100.0,Honolulu
2024-12-06 07:01:00,4.2671766,100.0,Honolulu
2024-12-06 07:02:00,4.2671766,100.0,Honolulu
2024-12-06 07:30:00,5.293959,100.0,Honolulu
2024-12-06 07:31:00,5.293959,100.0,Honolulu
2024-12-06 07:32:00,5.293959,100.0,Honolulu
2024-12-06 08:00:00,5.293959,100.0,Honolulu
2024-12-06 08:01:00,5.293959,100.0,Honolulu
2024-12-06 08:02:00,5.293959,100.0,Honolulu
2024-12-06 08:30:00,5.293959,100.0,Honolulu
2024-12-06 08:31:00,7.193247,96.0,Honolulu
2024-12-06 08:32:00,7.193247,96.0,Honolulu
2024-12-06 09:00:00,7.193247,96.0,Honolulu
2024-12-06 09:01:00,7.193247,96.0,Honolulu
2024-12-06 09:02:00,7.193247,96.0,Honolulu
2024-12-06 09:30:00,7.7420926,35.0,Honolulu
2024-12-06 09:31:00,7.7420926,35.0,Honolulu
2024-12-06 09:32:00,7.7420926,35.0,Honolulu
2024-12-06 10:00:00,7.7420926,35.0,Honolulu
2024-12-06 10:01:00,7.7420926,35.0,Honolulu
2024-12-06 10:02:00,7.7420926,35.0,Honolulu
2024-12-06 10:30:00,7.7420926,35.0,Honolulu
2024-12-06 10:31:00,9.037721,82.0,Honolulu
2024-12-06 10:32:00,9.037721,82.0,Honolulu
2024-12-06 11:00:00,9.037721,82.0,Honolulu
2024-12-06 11:01:00,9.037721,82.0,Honolulu
2024-12-06 11:02:00,9.037721,82.0,Honolulu
2024-12-06 11:30:00,9.1958685,88.0,Honolulu
2024-12-06 11:31:00,9.1958685,88.0,Honolulu
2024-12-06 11:32:00,9.1958685,88.0,Honolulu
2024-12-06 12:00:00,9.1958685,88.0,Honolulu
2024-12-06 12:01:00,9.1958685,88.0,Honolulu
2024-12-06 12:02:00,9.1958685,88.0,Honolulu
2024-12-06 12:30:00,9.1958685,88.0,Honolulu
2024-12-06 12:31:00,7.6409945,30.0,Honolulu
2024-12-06 12:32:00,7.6409945,30.0,Honolulu
2024-12-06 13:00:00,7.6409945,30.0,Honolulu
2024-12-06 13:01:00,7.6409945,30.0,Honolulu
2024-12-06 13:02:00,7.6409945,30.0,Honolulu
2024-12-06 13:30:00,8.139901,37.0,Honolulu
2024-12-06 13:31:00,8.139901,37.0,Honolulu
2024-12-06 13:32:00,8.139901,37.0,Honolulu
2024-12-06 14:00:00,8.139901,37.0,Honolulu
2024-12-06 14:01:00,8.139901,37.0,Honolulu
2024-12-06 14:02:00,8.139901,37.0,Honolulu
2024-12-06 14:30:00,8.139901,37.0,Honolulu
2024-12-06 14:31:00,6.76618,28.0,Honolulu
2024-12-06 14:32:00,6.76618,28.0,Honolulu
2024-12-06 15:00:00,6.76618,28.0,Honolulu
2024-12-06 15:01:00,6.76618,28.0,Honolulu
2024-12-06 15:02:00,6.76618,28.0,Honolulu
2024-12-06 15:30:00,7.4520864,9.0,Honolulu
2024-12-06 15:31:00,7.4520864,9.0,Honolulu
2024-12-06 15:32:00,7.4520864,9.0,Honolulu
2024-12-06 16:00:00,7.4520864,9.0,Honolulu
2024-12-06 16:01:00,7.4520864,9.0,Honolulu
2024-12-06 16:02:00,7.4520864,9.0,Honolulu
2024-12-06 16:30:00,7.4520864,9.0,Honolulu
2024-12-06 16:31:00,7.7734165,11.0,Honolulu
2024-12-06 16:32:00,7.7734165,11.0,Honolulu
2024-12-06 17:00:00,7.7734165,11.0,Honolulu
2024-12-06 17:01:00,7.7734165,11.0,Honolulu
2024-12-06 17:02:00,7.7734165,11.0,Honolulu
2024-12-06 17:30:00,7.0199995,11.0,Honolulu
2024-12-06 17:31:00,7.0199995,11.0,Honolulu
2024-12-06 17:32:00,7.0199995,11.0,Honolulu
2024-12-06 18:00:00,7.0199995,11.0,Honolulu
2024-12-06 18:01:00,7.0199995,11.0,Honolulu
2024-12-06 18:02:00,7.0199995,11.0,Honolulu
2024-12-06 18:30:00,7.0199995,11.0,Honolulu
2024-12-06 18:31:00,7.9383874,5.0,Honolulu
2024-12-06 18:32:00,7.9383874,5.0,Honolulu
2024-12-06 19:00:00,7.9383874,5.0,Honolulu
2024-12-06 19:01:00,7.9383874,5.0,Honolulu
2024-12-06 19:02:00,7.9383874,5.0,Honolulu
2024-12-06 19:30:00,7.2359104,5.0,Honolulu
2024-12-06 19:31:00,7.2359104,5.0,Honolulu
2024-12-06 19:32:00,7.2359104,5.0,Honolulu
2024-12-06 20:00:00,7.2359104,5.0,Honolulu
2024-12-06 20:01:00,7.2359104,5.0,Honolulu
2024-12-06 20:02:00,7.2359104,5.0,Honolulu
2024-12-06 20:30:00,7.2359104,5.0,Honolulu
2024-12-06 20:31:00,7.344794,13.0,Honolulu
2024-12-06 20:32:00,7.344794,13.0,Honolulu
2024-12-06 21:00:00,7.344794,13.0,Honolulu
2024-12-06 21:01:00,7.344794,13.0,Honolulu
2024-12-06 21:02:00,7.344794,13.0,Honolulu
2024-12-06 21:30:00,12.303366,34.0,Honolulu
2024-12-06 21:31:00,12.303366,34.0,Honolulu
2024-12-06 21:32:00,12.303366,34.0,Honolulu
2024-12-06 22:00:00,12.303366,34.0,Honolulu
2024-12-06 22:01:00,12.303366,34.0,Honolulu
2024-12-06 22:02:00,12.303366,34.0,Honolulu
2024-12-06 22:30:00,12.303366,34.0,Honolulu
2024-12-06 22:31:00,13.845967,21.0,Honolulu
2024-12-06 22:32:00,13.845967,21.0,Honolulu
2024-12-06 23:00:00,13.845967,21.0,Honolulu
2024-12-06 23:01:00,13.845967,21.0,Honolulu
2024-12-06 23:02:00,13.845967,21.0,Honolulu
2024-12-06 23:30:00,11.968308,23.0,Honolulu
2024-12-06 23:31:00,11.968308,23.0,Honolulu
2024-12-06 23:32:00,11.968308,23.0,Honolulu
2024-12-07 00:00:00,11.968308,23.0,Honolulu
2024-12-07 00:01:00,11.968308,23.0,Honolulu
2024-12-07 00:02:00,11.968308,23.0,Honolulu
2024-12-07 00:30:00,11.968308,23.0,Honolulu
2024-12-07 00:31:00,10.081606,32.0,Honolulu
2024-12-07 00:32:00,10.081606,32.0,Honolulu
2024-12-07 01:00:00,10.081606,32.0,Honolulu
2024-12-07 01:01:00,10.081606,32.0,Honolulu
2024-12-07 01:02:00,10.081606,32.0,Honolulu
2024-12-07 01:30:00,6.6624317,27.0,Honolulu
2024-12-07 01:31:00,6.6624317,27.0,Honolulu
2024-12-07 01:32:00,6.6624317,27.0,Honolulu
2024-12-07 02:00:00,6.6624317,27.0,Honolulu
2024-12-07 02:01:00,6.6624317,27.0,Honolulu
2024-12-07 02:02:00,6.6624317,27.0,Honolulu
2024-12-07 02:30:00,6.6624317,27.0,Honolulu
2024-12-07 02:31:00,3.3481934,4.0,Honolulu
2024-12-07 02:32:00,3.3481934,4.0,Honolulu
2024-12-07 03:00:00,3.3481934,4.0,Honolulu
2024-12-07 03:01:00,3.3481934,4.0,Honolulu
2024-12-07 03:02:00,3.3481934,4.0,Honolulu
2024-12-07 03:30:00,1.5484185,1.0,Honolulu
2024-12-07 03:31:00,1.5484185,1.0,Honolulu
2024-12-07 03:32:00,1.5484185,1.0,Honolulu
2024-12-07 04:00:00,1.5484185,1.0,Honolulu
2024-12-07 04:01:00,1.5484185,1.0,Honolulu
2024-12-07 04:02:00,1.5484185,1.0,Honolulu
2024-12-07 04:30:00,1.5484185,1.0,Honolulu
2024-12-07 04:31:00,0.71999997,0.0,Honolulu
2024-12-07 04:32:00,0.71999997,0.0,Honolulu
2024-12-07 05:00:00,0.71999997,0.0,Honolulu
2024-12-07 05:01:00,0.71999997,0.0,Honolulu
2024-12-07 05:02:00,0.71999997,0.0,Honolulu
2024-12-07 05:30:00,1.4399999,0.0,Honolulu
2024-12-07 05:31:00,1.4399999,0.0,Honolulu
2024-12-07 05:32:00,1.4399999,0.0,Honolulu
2024-12-07 06:00:00,1.4399999,0.0,Honolulu
2024-12-07 06:01:00,1.4399999,0.0,Honolulu
2024-12-07 06:02:00,1.4399999,0.0,Honolulu
2024-12-07 06:30:00,1.4399999,0.0,Honolulu
2024-12-07 06:31:00,2.3469126,0.0,Honolulu
2024-12-07 06:32:00,2.3469126,0.0,Honolulu
2024-12-07 07:00:00,2.3469126,0.0,Honolulu
2024-12-07 07:01:00,2.3469126,0.0,Honolulu
2024-12-07 07:02:00,2.3469126,0.0,Honolulu
2024-12-07 07:30:00,4.3349743,0.0,Honolulu
2024-12-07 07:31:00,4.3349743,0.0,Honolulu
2024-12-07 07:32:00,4.3349743,0.0,Honolulu
2024-12-07 08:00:00,4.3349743,0.0,Honolulu
2024-12-07 08:01:00,4.3349743,0.0,Honolulu
2024-12-07 08:02:00,4.3349743,0.0,Honolulu
2024-12-07 08:30:00,4.3349743,0.0,Honolulu
2024-12-07 08:31:00,5.4744864,0.0,Honolulu
2024-12-07 08:32:00,5.4744864,0.0,Honolulu
2024-12-07 09:00:00,5.4744864,0.0,Honolulu
2024-12-07 09:01:00,5.4744864,0.0,Honolulu
2024-12-07 09:02:00,5.4744864,0.0,Honolulu
2024-12-07 09:30:00,7.1208143,9.0,Honolulu
2024-12-07 09:31:00,7.1208143,9.0,Honolulu
2024-12-07 09:32:00,7.1208143,9.0,Honolulu
2024-12-07 10:00:00,7.1208143,9.0,Honolulu
2024-12-07 10:01:00,7.1208143,9.0,Honolulu
2024-12-07 10:02:00,7.1208143,9.0,Honolulu
2024-12-07 10:30:00,7.1208143,9.0,Honolulu
2024-12-07 10:31:00,8.227004,19.0,Honolulu
2024-12-07 10:32:00,8.227004,19.0,Honolulu
2024-12-07 11:00:00,8.227004,19.0,Honolulu
2024-12-07 11:01:00,8.227004,19.0,Honolulu
2024-12-07 11:02:00,8.227004,19.0,Honolulu
2024-12-07 11:30:00,8.849339,34.0,Honolulu
2024-12-07 11:31:00,8.849339,34.0,Honolulu
2024-12-07 11:32:00,8.849339,34.0,Honolulu
2024-12-07 12:00:00,8.849339,34.0,Honolulu
2024-12-07 12:01:00,8.849339,34.0,Honolulu
2024-12-07 12:02:00,8.849339,34.0,Honolulu
2024-12-07 12:30:00,8.849339,34.0,Honolulu
2024-12-07 12:31:00,10.266314,64.0,Honolulu
2024-12-07 12:32:00,10.266314,64.0,Honolulu
2024-12-07 13:00:00,10.266314,64.0,Honolulu
2024-12-07 13:01:00,10.266314,64.0,Honolulu
2024-12-07 13:02:00,10.266314,64.0,Honolulu
2024-12-07 13:30:00,10.661107,55.0,Honolulu
2024-12-07 13:31:00,10.661107,55.0,Honolulu
2024-12-07 13:32:00,10.661107,55.0,Honolulu
2024-12-07 14:00:00,10.661107,55.0,Honolulu
2024-12-07 14:01:00,10.661107,55.0,Honolulu
2024-12-07 14:02:00,10.661107,55.0,Honolulu
2024-12-07 14:30:00,10.661107,55.0,Honolulu
2024-12-07 14:31:00,3.4949677,100.0,Honolulu
2024-12-07 14:32:00,3.4949677,100.0,Honolulu
2024-12-07 15:00:00,3.4949677,100.0,Honolulu
2024-12-07 15:01:00,3.4949677,100.0,Honolulu
2024-12-07 15:02:00,3.4949677,100.0,Honolulu
2024-12-07 15:30:00,2.0523157,90.0,Honolulu
2024-12-07 15:31:00,2.0523157,90.0,Honolulu
2024-12-07 15:32:00,2.0523157,90.0,Honolulu
2024-12-07 16:00:00,2.0523157,90.0,Honolulu
2024-12-07 16:01:00,2.0523157,90.0,Honolulu
2024-12-07 16:02:00,2.0523157,90.0,Honolulu
2024-12-07 16:30:00,2.0523157,90.0,Honolulu
2024-12-07 16:31:00,1.2727921,80.0,Honolulu
2024-12-07 16:32:00,1.2727921,80.0,Honolulu
2024-12-07 17:00:00,1.2727921,80.0,Honolulu
2024-12-07 17:01:00,1.2727921,80.0,Honolulu
2024-12-07 17:02:00,1.2727921,80.0,Honolulu
2024-12-07 17:30:00,1.9469976,47.0,Honolulu
2024-12-07 17:31:00,1.9469976,47.0,Honolulu
2024-12-07 17:32:00,1.9469976,47.0,Honolulu
2024-12-07 18:00:00,1.9469976,47.0,Honolulu
2024-12-07 18:01:00,1.9469976,47.0,Honolulu
2024-12-07 18:02:00,1.9469976,47.0,Honolulu
2024-12-07 18:30:00,1.9469976,47.0,Honolulu
2024-12-07 18:31:00,3.3092594,11.0,Honolulu
2024-12-07 18:32:00,3.3092594,11.0,Honolulu
2024-12-07 19:00:00,3.3092594,11.0,Honolulu
2024-12-07 19:01:00,3.3092594,11.0,Honolulu
2024-12-07 19:02:00,3.3092594,11.0,Honolulu
2024-12-07 19:30:00,3.9312592,16.0,Honolulu
2024-12-07 19:31:00,3.9312592,16.0,Honolulu
2024-12-07 19:32:00,3.9312592,16.0,Honolulu
2024-12-07 20:00:00,3.9312592,16.0,Honolulu
2024-12-07 20:01:00,3.9312592,16.0,Honolulu
2024-12-07 20:02:00,3.9312592,16.0,Honolulu
2024-12-07 20:30:00,3.9312592,16.0,Honolulu
2024-12-07 20:31:00,5.3699164,24.0,Honolulu
2024-12-07 20:32:00,5.3699164,24.0,Honolulu
2024-12-07 21:00:00,5.3699164,24.0,Honolulu
2024-12-07 21:01:00,5.3699164,24.0,Honolulu
2024-12-07 21:02:00,5.3699164,24.0,Honolulu
2024-12-07 21:30:00,5.4119864,28.0,Honolulu
2024-12-07 21:31:00,5.4119864,28.0,Honolulu
2024-12-07 21:32:00,5.4119864,28.0,Honolulu
2024-12-07 22:00:00,5.4119864,28.0,Honolulu
2024-12-07 22:01:00,5.4119864,28.0,Honolulu
2024-12-07 22:02:00,5.4119864,28.0,Honolulu
2024-12-07 22:30:00,5.4119864,28.0,Honolulu
2024-12-07 22:31:00,5.7599998,17.0,Honolulu
2024-12-07 22:32:00,5.7599998,17.0,Honolulu
2024-12-07 23:00:00,5.7599998,17.0,Honolulu
2024-12-07 23:01:00,5.7599998,17.0,Honolulu
2024-12-07 23:02:00,5.7599998,17.0,Honolulu
2024-12-07 23:30:00,7.289444,15.0,Honolulu
2024-12-07 23:31:00,7.289444,15.0,Honolulu
2024-12-07 23:32:00,7.289444,15.0,Honolulu
2024-12-08 00:00:00,7.289444,15.0,Honolulu
2024-12-08 00:01:00,7.289444,15.0,Honolulu
2024-12-08 00:02:00,7.289444,15.0,Honolulu
2024-12-08 00:30:00,7.289444,15.0,Honolulu
2024-12-08 00:31:00,8.461915,20.0,Honolulu
2024-12-08 00:32:00,8.461915,20.0,Honolulu
2024-12-08 01:00:00,8.461915,20.0,Honolulu
2024-12-08 01:01:00,8.461915,20.0,Honolulu
2024-12-08 01:02:00,8.461915,20.0,Honolulu
2024-12-08 01:30:00,8.139901,31.0,Honolulu
2024-12-08 01:31:00,8.139901,31.0,Honolulu
2024-12-08 01:32:00,8.139901,31.0,Honolulu
2024-12-08 02:00:00,8.139901,31.0,Honolulu
2024-12-08 02:01:00,8.139901,31.0,Honolulu
2024-12-08 02:02:00,8.139901,31.0,Honolulu
2024-12-08 02:30:00,8.139901,31.0,Honolulu
2024-12-08 02:31:00,7.4672885,11.0,Honolulu
2024-12-08 02:32:00,7.4672885,11.0,Honolulu
2024-12-08 03:00:00,7.4672885,11.0,Honolulu
2024-12-08 03:01:00,7.4672885,11.0,Honolulu
2024-12-08 03:02:00,7.4672885,11.0,Honolulu
2024-12-08 03:30:00,6.8138976,17.0,Honolulu
2024-12-08 03:31:00,6.8138976,17.0,Honolulu
2024-12-08 03:32:00,6.8138976,17.0,Honolulu
2024-12-08 04:00:00,6.8138976,17.0,Honolulu
2024-12-08 04:01:00,6.8138976,17.0,Honolulu
2024-12-08 04:02:00,6.8138976,17.0,Honolulu
2024-12-08 04:30:00,6.8138976,17.0,Honolulu
2024-12-08 04:31:00,5.9644947,18.0,Honolulu
2024-12-08 04:32:00,5.9644947,18.0,Honolulu
2024-12-08 05:00:00,5.9644947,18.0,Honolulu
2024-12-08 05:01:00,5.9644947,18.0,Honolulu
2024-12-08 05:02:00,5.9644947,18.0,Honolulu
2024-12-08 05:30:00,5.9644947,23.0,Honolulu
2024-12-08 05:31:00,5.9644947,23.0,Honolulu
2024-12-08 05:32:00,5.9644947,23.0,Honolulu
2024-12-08 06:00:00,5.9644947,23.0,Honolulu
2024-12-08 06:01:00,5.9644947,23.0,Honolulu
2024-12-08 06:02:00,5.9644947,23.0,Honolulu
2024-12-08 06:30:00,5.9644947,23.0,Honolulu
2024-12-08 06:31:00,5.5216303,14.0,Honolulu
2024-12-08 06:32:00,5.5216303,14.0,Honolulu
2024-12-08 07:00:00,5.5216303,14.0,Honolulu
2024-12-08 07:01:00,5.5216303,14.0,Honolulu
2024-12-08 07:02:00,5.5216303,14.0,Honolulu
2024-12-08 07:30:00,8.435069,18.0,Honolulu
2024-12-08 07:31:00,8.435069,18.0,Honolulu
2024-12-08 07:32:00,8.435069,18.0,Honolulu
2024-12-08 08:00:00,8.435069,18.0,Honolulu
2024-12-08 08:01:00,8.435069,18.0,Honolulu
2024-12-08 08:02:00,8.435069,18.0,Honolulu
2024-12-08 08:30:00,8.435069,18.0,Honolulu
2024-12-08 08:31:00,12.47726,26.0,Honolulu
2024-12-08 08:32:00,12.47726,26.0,Honolulu
2024-12-08 09:00:00,12.47726,26.0,Honolulu
2024-12-08 09:01:00,12.47726,26.0,Honolulu
2024-12-08 09:02:00,12.47726,26.0,Honolulu
2024-12-08 09:30:00,13.472372,31.0,Honolulu
2024-12-08 09:31:00,13.472372,31.0,Honolulu
2024-12-08 09:32:00,13.472372,31.0,Honolulu
2024-12-08 10:00:00,13.472372,31.0,Honolulu
2024-12-08 10:01:00,13.472372,31.0,Honolulu
2024-12-08 10:02:00,13.472372,31.0,Honolulu
2024-12-08 10:30:00,13.472372,31.0,Honolulu
2024-12-08 10:31:00,13.948548,38.0,Honolulu
2024-12-08 10:32:00,13.948548,38.0,Honolulu
2024-12-08 11:00:00,13.948548,38.0,Honolulu
2024-12-08 11:01:00,13.948548,38.0,Honolulu
2024-12-08 11:02:00,13.948548,38.0,Honolulu
2024-12-08 11:30:00,14.275713,51.0,Honolulu
2024-12-08 11:31:00,14.275713,51.0,Honolulu
2024-12-08 11:32:00,14.275713,51.0,Honolulu
2024-12-08 12:00:00,14.275713,51.0,Honolulu
2024-12-08 12:01:00,14.275713,51.0,Honolulu
2024-12-08 12:02:00,14.275713,51.0,Honolulu
2024-12-08 12:30:00,14.275713,51.0,Honolulu
2024-12-08 12:31:00,15.2947035,59.0,Honolulu
2024-12-08 12:32:00,15.2947035,59.0,Honolulu
2024-12-08 13:00:00,15.2947035,59.0,Honolulu
2024-12-08 13:01:00,15.2947035,59.0,Honolulu
2024-12-08 13:02:00,15.2947035,59.0,Honolulu
2024-12-08 13:30:00,15.1884165,41.0,Honolulu
2024-12-08 13:31:00,15.1884165,41.0,Honolulu
2024-12-08 13:32:00,15.1884165,41.0,Honolulu
2024-12-08 14:00:00,15.1884165,41.0,Honolulu
2024-12-08 14:01:00,15.1884165,41.0,Honolulu
2024-12-08 14:02:00,15.1884165,41.0,Honolulu
2024-12-08 14:30:00,15.1884165,41.0,Honolulu
2024-12-08 14:31:00,13.529966,13.0,Honolulu
2024-12-08 14:32:00,13.529966,13.0,Honolulu
2024-12-08 15:00:00,13.529966,13.0,Honolulu
2024-12-08 15:01:00,13.529966,13.0,Honolulu
2024-12-08 15:02:00,13.529966,13.0,Honolulu
2024-12-08 15:30:00,12.606426,5.0,Honolulu
2024-12-08 15:31:00,12.606426,5.0,Honolulu
2024-12-08 15:32:00,12.606426,5.0,Honolulu
2024-12-08 16:00:00,12.606426,5.0,Honolulu
2024-12-08 16:01:00,12.606426,5.0,Honolulu
2024-12-08 16:02:00,12.606426,5.0,Honolulu
2024-12-08 16:30:00,12.606426,5.0,Honolulu
2024-12-08 16:31:00,14.266632,12.0,Honolulu
2024-12-08 16:32:00,14.266632,12.0,Honolulu
2024-12-08 17:00:00,14.266632,12.0,Honolulu
2024-12-08 17:01:00,14.266632,12.0,Honolulu
2024-12-08 17:02:00,14.266632,12.0,Honolulu
2024-12-08 17:30:00,10.6261,9.0,Honolulu
2024-12-08 17:31:00,10.6261,9.0,Honolulu
2024-12-08 17:32:00,10.6261,9.0,Honolulu
2024-12-08 18:00:00,10.6261,9.0,Honolulu
2024-12-08 18:01:00,10.6261,9.0,Honolulu
2024-12-08 18:02:00,10.6261,9.0,Honolulu
2024-12-08 18:30:00,10.6261,9.0,Honolulu
2024-12-08 18:31:00,11.666721,16.0,Honolulu
2024-12-08 18:32:00,11.666721,16.0,Honolulu
2024-12-08 19:00:00,11.666721,16.0,Honolulu
2024-12-08 19:01:00,11.666721,16.0,Honolulu
2024-12-08 19:02:00,11.666721,16.0,Honolulu
2024-12-08 19:30:00,13.115319,28.0,Honolulu
2024-12-08 19:31:00,13.115319,28.0,Honolulu
2024-12-08 19:32:00,13.115319,28.0,Honolulu
2024-12-08 20:00:00,13.115319,28.0,Honolulu
2024-12-08 20:01:00,13.115319,28.0,Honolulu
2024-12-08 20:02:00,13.115319,28.0,Honolulu
2024-12-08 20:30:00,13.115319,28.0,Honolulu
2024-12-08 20:31:00,12.870944,17.0,Honolulu
2024-12-08 20:32:00,12.870944,17.0,Honolulu
2024-12-08 21:00:00,12.870944,17.0,Honolulu
2024-12-08 21:01:00,12.870944,17.0,Honolulu
2024-12-08 21:02:00,12.870944,17.0,Honolulu
2024-12-08 21:30:00,13.184308,17.0,Honolulu
2024-12-08 21:31:00,13.184308,17.0,Honolulu
2024-12-08 21:32:00,13.184308,17.0,Honolulu
2024-12-08 22:00:00,13.184308,17.0,Honolulu
2024-12-08 22:01:00,13.184308,17.0,Honolulu
2024-12-08 22:02:00,13.184308,17.0,Honolulu
2024-12-08 22:30:00,13.184308,17.0,Honolulu
2024-12-08 22:31:00,13.130133,22.0,Honolulu
2024-12-08 22:32:00,13.130133,22.0,Honolulu
2024-12-08 23:00:00,13.130133,22.0,Honolulu
2024-12-08 23:01:00,13.130133,22.0,Honolulu
2024-12-08 23:02:00,13.130133,22.0,Honolulu
2024-12-08 23:30:00,12.879752,31.0,Honolulu
2024-12-08 23:31:00,12.879752,31.0,Honolulu
2024-12-08 23:32:00,12.879752,31.0,Honolulu
2024-12-09 00:00:00,12.879752,31.0,Honolulu
2024-12-09 00:01:00,12.879752,31.0,Honolulu
2024-12-09 00:02:00,12.879752,31.0,Honolulu
2024-12-09 00:30:00,12.879752,31.0,Honolulu
2024-12-09 00:31:00,13.570615,29.0,Honolulu
2024-12-09 00:32:00,13.570615,29.0,Honolulu
2024-12-09 01:00:00,13.570615,29.0,Honolulu
2024-12-09 01:01:00,13.570615,29.0,Honolulu
2024-12-09 01:02:00,13.570615,29.0,Honolulu
2024-12-09 01:30:00,13.358861,22.0,Honolulu
2024-12-09 01:31:00,13.358861,22.0,Honolulu
2024-12-09 01:32:00,13.358861,22.0,Honolulu
2024-12-09 02:00:00,13.358861,22.0,Honolulu
2024-12-09 02:01:00,13.358861,22.0,Honolulu
2024-12-09 02:02:00,13.358861,22.0,Honolulu
2024-12-09 02:30:00,13.358861,22.0,Honolulu
2024-12-09 02:31:00,13.374618,15.0,Honolulu
2024-12-09 02:32:00,13.374618,15.0,Honolulu
2024-12-09 03:00:00,13.374618,15.0,Honolulu
2024-12-09 03:01:00,13.374618,15.0,Honolulu
2024-12-09 03:02:00,13.374618,15.0,Honolulu
2024-12-09 03:30:00,12.904882,22.0,Honolulu
2024-12-09 03:31:00,12.904882,22.0,Honolulu
2024-12-09 03:32:00,12.904882,22.0,Honolulu
2024-12-09 04:00:00,12.904882,22.0,Honolulu
2024-12-09 04:01:00,12.904882,22.0,Honolulu
2024-12-09 04:02:00,12.904882,22.0,Honolulu
2024-12-09 04:30:00,12.904882,22.0,Honolulu
2024-12-09 04:31:00,14.021525,37.0,Honolulu
2024-12-09 04:32:00,14.021525,37.0,Honolulu
2024-12-09 05:00:00,14.021525,37.0,Honolulu
2024-12-09 05:01:00,14.021525,37.0,Honolulu
2024-12-09 05:02:00,14.021525,37.0,Honolulu
2024-12-09 05:30:00,14.336861,27.0,Honolulu
2024-12-09 05:31:00,14.336861,27.0,Honolulu
2024-12-09 05:32:00,14.336861,27.0,Honolulu
2024-12-09 06:00:00,14.336861,27.0,Honolulu
2024-12-09 06:01:00,14.336861,27.0,Honolulu
2024-12-09 06:02:00,14.336861,27.0,Honolulu
2024-12-09 06:30:00,14.336861,27.0,Honolulu
2024-12-09 06:31:00,13.845967,29.0,Honolulu
2024-12-09 06:32:00,13.845967,29.0,Honolulu
2024-12-09 07:00:00,13.845967,29.0,Honolulu
2024-12-09 07:01:00,13.845967,29.0,Honolulu
2024-12-09 07:02:00,13.845967,29.0,Honolulu
2024-12-09 07:30:00,15.385525,37.0,Honolulu
2024-12-09 07:31:00,15.385525,37.0,Honolulu
2024-12-09 07:32:00,15.385525,37.0,Honolulu
2024-12-09 08:00:00,15.385525,37.0,Honolulu
2024-12-09 08:01:00,15.385525,37.0,Honolulu
2024-12-09 08:02:00,15.385525,37.0,Honolulu
2024-12-09 08:30:00,15.385525,37.0,Honolulu
2024-12-09 08:31:00,18.689688,44.0,Honolulu
2024-12-09 08:32:00,18.689688,44.0,Honolulu
2024-12-09 09:00:00,18.689688,44.0,Honolulu
2024-12-09 09:01:00,18.689688,44.0,Honolulu
2024-12-09 09:02:00,18.689688,44.0,Honolulu
2024-12-09 09:30:00,19.88328,30.0,Honolulu
2024-12-09 09:31:00,19.88328,30.0,Honolulu
2024-12-09 09:32:00,19.88328,30.0,Honolulu
2024-12-09 10:00:00,19.88328,30.0,Honolulu
2024-12-09 10:01:00,19.88328,30.0,Honolulu
2024-12-09 10:02:00,19.88328,30.0,Honolulu
2024-12-09 10:30:00,19.88328,30.0,Honolulu
2024-12-09 10:31:00,20.693735,18.0,Honolulu
2024-12-09 10:32:00,20.693735,18.0,Honolulu
2024-12-09 11:00:00,20.693735,18.0,Honolulu
2024-12-09 11:01:00,20.693735,18.0,Honolulu
2024-12-09 11:02:00,20.693735,18.0,Honolulu
2024-12-09 11:30:00,20.447239,16.0,Honolulu
2024-12-09 11:31:00,20.447239,16.0,Honolulu
2024-12-09 11:32:00,20.447239,16.0,Honolulu
2024-12-09 12:00:00,20.447239,16.0,Honolulu
2024-12-09 12:01:00,20.447239,16.0,Honolulu
2024-12-09 12:02:00,20.447239,16.0,Honolulu
2024-12-09 12:30:00,20.447239,16.0,Honolulu
2024-12-09 12:31:00,20.700783,13.0,Honolulu
2024-12-09 12:32:00,20.700783,13.0,Honolulu
2024-12-09 13:00:00,20.700783,13.0,Honolulu
2024-12-09 13:01:00,20.700783,13.0,Honolulu
2024-12-09 13:02:00,20.700783,13.0,Honolulu
2024-12-09 13:30:00,20.917982,8.0,Honolulu
2024-12-09 13:31:00,20.917982,8.0,Honolulu
2024-12-09 13:32:00,20.917982,8.0,Honolulu
2024-12-09 14:00:00,20.917982,8.0,Honolulu
2024-12-09 14:01:00,20.917982,8.0,Honolulu
2024-12-09 14:02:00,20.917982,8.0,Honolulu
2024-12-09 14:30:00,20.917982,8.0,Honolulu
2024-12-09 14:31:00,18.727787,2.0,Honolulu
2024-12-09 14:32:00,18.727787,2.0,Honolulu
2024-12-09 15:00:00,18.727787,2.0,Honolulu
2024-12-09 15:01:00,18.727787,2.0,Honolulu
2024-12-09 15:02:00,18.727787,2.0,Honolulu
2024-12-09 15:30:00,18.076338,22.0,Honolulu
2024-12-09 15:31:00,18.076338,22.0,Honolulu
2024-12-09 15:32:00,18.076338,22.0,Honolulu
2024-12-09 16:00:00,18.076338,22.0,Honolulu
2024-12-09 16:01:00,18.076338,22.0,Honolulu
2024-12-09 16:02:00,18.076338,22.0,Honolulu
2024-12-09 16:30:00,18.076338,22.0,Honolulu
2024-12-09 16:31:00,19.228851,51.0,Honolulu
2024-12-09 16:32:00,19.228851,51.0,Honolulu
2024-12-09 17:00:00,19.228851,51.0,Honolulu
2024-12-09 17:01:00,19.228851,51.0,Honolulu
2024-12-09 17:02:00,19.228851,51.0,Honolulu
2024-12-09 17:30:00,16.341381,24.0,Honolulu
2024-12-09 17:31:00,16.341381,24.0,Honolulu
2024-12-09 17:32:00,16.341381,24.0,Honolulu
2024-12-09 18:00:00,16.341381,24.0,Honolulu
2024-12-09 18:01:00,16.341381,24.0,Honolulu
2024-12-09 18:02:00,16.341381,24.0,Honolulu
2024-12-09 18:30:00,16.341381,24.0,Honolulu
2024-12-09 18:31:00,16.740969,15.0,Honolulu
2024-12-09 18:32:00,16.740969,15.0,Honolulu
2024-12-09 19:00:00,16.740969,15.0,Honolulu
2024-12-09 19:01:00,16.740969,15.0,Honolulu
2024-12-09 19:02:00,16.740969,15.0,Honolulu
2024-12-09 19:30:00,16.733225,15.0,Honolulu
2024-12-09 19:31:00,16.733225,15.0,Honolulu
2024-12-09 19:32:00,16.733225,15.0,Honolulu
2024-12-09 20:00:00,16.733225,15.0,Honolulu
2024-12-09 20:01:00,16.733225,15.0,Honolulu
2024-12-09 20:02:00,16.733225,15.0,Honolulu
2024-12-09 20:30:00,16.733225,15.0,Honolulu
2024-12-09 20:31:00,17.555307,25.0,Honolulu
2024-12-09 20:32:00,17.555307,25.0,Honolulu
2024-12-09 21:00:00,17.555307,25.0,Honolulu
2024-12-09 21:01:00,17.555307,25.0,Honolulu
2024-12-09 21:02:00,17.555307,25.0,Honolulu
2024-12-09 21:30:00,17.84271,15.0,Honolulu
2024-12-09 21:31:00,17.84271,15.0,Honolulu
2024-12-09 21:32:00,17.84271,15.0,Honolulu
2024-12-09 22:00:00,17.84271,15.0,Honolulu
2024-12-09 22:01:00,17.84271,15.0,Honolulu
2024-12-09 22:02:00,17.84271,15.0,Honolulu
2024-12-09 22:30:00,17.84271,15.0,Honolulu
2024-12-09 22:31:00,17.283749,6.0,Honolulu
2024-12-09 22:32:00,17.283749,6.0,Honolulu
2024-12-09 23:00:00,17.283749,6.0,Honolulu
2024-12-09 23:01:00,17.283749,6.0,Honolulu
2024-12-09 23:02:00,17.283749,6.0,Honolulu
2024-12-09 23:30:00,17.244337,15.0,Honolulu
2024-12-09 23:31:00,17.244337,15.0,Honolulu
2024-12-09 23:32:00,17.244337,15.0,Honolulu
2024-12-10 00:00:00,17.244337,15.0,Honolulu
2024-12-10 00:01:00,17.244337,15.0,Honolulu
2024-12-10 00:02:00,17.244337,15.0,Honolulu
2024-12-10 00:30:00,17.244337,15.0,Honolulu
2024-12-10 00:31:00,16.87398,20.0,Honolulu
2024-12-10 00:32:00,16.87398,20.0,Honolulu
2024-12-10 01:00:00,16.87398,20.0,Honolulu
2024-12-10 01:01:00,16.87398,20.0,Honolulu
2024-12-10 01:02:00,16.87398,20.0,Honolulu
2024-12-10 01:30:00,17.688606,26.0,Honolulu
2024-12-10 01:31:00,17.688606,26.0,Honolulu
2024-12-10 01:32:00,17.688606,26.0,Honolulu
2024-12-10 02:00:00,17.688606,26.0,Honolulu
2024-12-10 02:01:00,17.688606,26.0,Honolulu
2024-12-10 02:02:00,17.688606,26.0,Honolulu
2024-12-10 02:30:00,17.688606,26.0,Honolulu
2024-12-10 02:31:00,17.325876,11.0,Honolulu
2024-12-10 02:32:00,17.325876,11.0,Honolulu
2024-12-10 03:00:00,17.325876,11.0,Honolulu
2024-12-10 03:01:00,17.325876,11.0,Honolulu
2024-12-10 03:02:00,17.325876,11.0,Honolulu
2024-12-10 03:30:00,18.183563,17.0,Honolulu
2024-12-10 03:31:00,18.183563,17.0,Honolulu
2024-12-10 03:32:00,18.183563,17.0,Honolulu
2024-12-10 04:00:00,18.183563,17.0,Honolulu
2024-12-10 04:01:00,18.183563,17.0,Honolulu
2024-12-10 04:02:00,18.183563,17.0,Honolulu
2024-12-10 04:30:00,18.183563,17.0,Honolulu
2024-12-10 04:31:00,18.47698,17.0,Honolulu
2024-12-10 04:32:00,18.47698,17.0,Honolulu
2024-12-10 05:00:00,18.47698,17.0,Honolulu
2024-12-10 05:01:00,18.47698,17.0,Honolulu
2024-12-10 05:02:00,18.47698,17.0,Honolulu
2024-12-10 05:30:00,20.340796,28.0,Honolulu
2024-12-10 05:31:00,20.340796,28.0,Honolulu
2024-12-10 05:32:00,20.340796,28.0,Honolulu
2024-12-10 06:00:00,20.340796,28.0,Honolulu
2024-12-10 06:01:00,20.340796,28.0,Honolulu
2024-12-10 06:02:00,20.340796,28.0,Honolulu
2024-12-10 06:30:00,20.340796,28.0,Honolulu
2024-12-10 06:31:00,20.87379,13.0,Honolulu
2024-12-10 06:32:00,20.87379,13.0,Honolulu
2024-12-10 07:00:00,20.87379,13.0,Honolulu
2024-12-10 07:01:00,20.87379,13.0,Honolulu
2024-12-10 07:02:00,20.87379,13.0,Honolulu
2024-12-10 07:30:00,21.57974,18.0,Honolulu
2024-12-10 07:31:00,21.57974,18.0,Honolulu
2024-12-10 07:32:00,21.57974,18.0,Honolulu
2024-12-10 08:00:00,21.57974,18.0,Honolulu
2024-12-10 08:01:00,21.57974,18.0,Honolulu
2024-12-10 08:02:00,21.57974,18.0,Honolulu
2024-12-10 08:30:00,21.57974,18.0,Honolulu
2024-12-10 08:31:00,24.321323,34.0,Honolulu
2024-12-10 08:32:00,24.321323,34.0,Honolulu
2024-12-10 09:00:00,24.321323,34.0,Honolulu
2024-12-10 09:01:00,24.321323,34.0,Honolulu
2024-12-10 09:02:00,24.321323,34.0,Honolulu
2024-12-10 09:30:00,26.567535,53.0,Honolulu
2024-12-10 09:31:00,26.567535,53.0,Honolulu
2024-12-10 09:32:00,26.567535,53.0,Honolulu
2024-12-10 10:00:00,26.567535,53.0,Honolulu
2024-12-10 10:01:00,26.567535,53.0,Honolulu
2024-12-10 10:02:00,26.567535,53.0,Honolulu
2024-12-10 10:30:00,26.567535,53.0,Honolulu
2024-12-10 10:31:00,27.36947,68.0,Honolulu
2024-12-10 10:32:00,27.36947,68.0,Honolulu
2024-12-10 11:00:00,27.36947,68.0,Honolulu
2024-12-10 11:01:00,27.36947,68.0,Honolulu
2024-12-10 11:02:00,27.36947,68.0,Honolulu
2024-12-10 11:30:00,27.698954,77.0,Honolulu
2024-12-10 11:31:00,27.698954,77.0,Honolulu
2024-12-10 11:32:00,27.698954,77.0,Honolulu
2024-12-10 12:00:00,27.698954,77.0,Honolulu
2024-12-10 12:01:00,27.698954,77.0,Honolulu
2024-12-10 12:02:00,27.698954,77.0,Honolulu
2024-12-10 12:30:00,27.698954,77.0,Honolulu
2024-12-10 12:31:00,28.429745,66.0,Honolulu
2024-12-10 12:32:00,28.429745,66.0,Honolulu
2024-12-10 13:00:00,28.429745,66.0,Honolulu
2024-12-10 13:01:00,28.429745,66.0,Honolulu
2024-12-10 13:02:00,28.429745,66.0,Honolulu
2024-12-10 13:30:00,27.88606,46.0,Honolulu
2024-12-10 13:31:00,27.88606,46.0,Honolulu
2024-12-10 13:32:00,27.88606,46.0,Honolulu
2024-12-10 14:00:00,27.88606,46.0,Honolulu
2024-12-10 14:01:00,27.88606,46.0,Honolulu
2024-12-10 14:02:00,27.88606,46.0,Honolulu
2024-12-10 14:30:00,27.88606,46.0,Honolulu
2024-12-10 14:31:00,24.363249,19.0,Honolulu
2024-12-10 14:32:00,24.363249,19.0,Honolulu
2024-12-10 15:00:00,24.363249,19.0,Honolulu
2024-12-10 15:01:00,24.363249,19.0,Honolulu
2024-12-10 15:02:00,24.363249,19.0,Honolulu
2024-12-10 15:30:00,25.344229,34.0,Honolulu
2024-12-10 15:31:00,25.344229,34.0,Honolulu
2024-12-10 15:32:00,25.344229,34.0,Honolulu
2024-12-10 16:00:00,25.344229,34.0,Honolulu
2024-12-10 16:01:00,25.344229,34.0,Honolulu
2024-12-10 16:02:00,25.344229,34.0,Honolulu
2024-12-10 16:30:00,25.344229,34.0,Honolulu
2024-12-10 16:31:00,25.443748,38.0,Honolulu
2024-12-10 16:32:00,25.443748,38.0,Honolulu
2024-12-10 17:00:00,25.443748,38.0,Honolulu
2024-12-10 17:01:00,25.443748,38.0,Honolulu
2024-12-10 17:02:00,25.443748,38.0,Honolulu
2024-12-10 17:30:00,21.27734,13.0,Honolulu
2024-12-10 17:31:00,21.27734,13.0,Honolulu
2024-12-10 17:32:00,21.27734,13.0,Honolulu
2024-12-10 18:00:00,21.27734,13.0,Honolulu
2024-12-10 18:01:00,21.27734,13.0,Honolulu
2024-12-10 18:02:00,21.27734,13.0,Honolulu
2024-12-10 18:30:00,21.27734,13.0,Honolulu
2024-12-10 18:31:00,20.837282,3.0,Honolulu
2024-12-10 18:32:00,20.837282,3.0,Honolulu
2024-12-10 19:00:00,20.837282,3.0,Honolulu
2024-12-10 19:01:00,20.837282,3.0,Honolulu
2024-12-10 19:02:00,20.837282,3.0,Honolulu
2024-12-10 19:30:00,21.611996,12.0,Honolulu
2024-12-10 19:31:00,21.611996,12.0,Honolulu
2024-12-10 19:32:00,21.611996,12.0,Honolulu
2024-12-10 20:00:00,21.611996,12.0,Honolulu
2024-12-10 20:01:00,21.611996,12.0,Honolulu
2024-12-10 20:02:00,21.611996,12.0,Honolulu
2024-12-10 20:30:00,21.611996,12.0,Honolulu
2024-12-10 20:31:00,22.728518,17.0,Honolulu
2024-12-10 20:32:00,22.728518,17.0,Honolulu
2024-12-10 21:00:00,22.728518,17.0,Honolulu
2024-12-10 21:01:00,22.728518,17.0,Honolulu
2024-12-10 21:02:00,22.728518,17.0,Honolulu
2024-12-10 21:30:00,22.640678,23.0,Honolulu
2024-12-10 21:31:00,22.640678,23.0,Honolulu
2024-12-10 21:32:00,22.640678,23.0,Honolulu
2024-12-10 22:00:00,22.640678,23.0,Honolulu
2024-12-10 22:01:00,22.640678,23.0,Honolulu
2024-12-10 22:02:00,22.640678,23.0,Honolulu
2024-12-10 22:30:00,22.640678,23.0,Honolulu
2024-12-10 22:31:00,22.468296,21.0,Honolulu
2024-12-10 22:32:00,22.468296,21.0,Honolulu
2024-12-10 23:00:00,22.468296,21.0,Honolulu
2024-12-10 23:01:00,22.468296,21.0,Honolulu
2024-12-10 23:02:00,22.468296,21.0,Honolulu
2024-12-10 23:30:00,22.298214,25.0,Honolulu
2024-12-10 23:31:00,22.298214,25.0,Honolulu
2024-12-10 23:32:00,22.298214,25.0,Honolulu
2024-12-11 00:00:00,22.298214,25.0,Honolulu
2024-12-11 00:01:00,22.298214,25.0,Honolulu
2024-12-11 00:02:00,22.298214,25.0,Honolulu
2024-12-11 00:30:00,22.298214,25.0,Honolulu
2024-12-11 00:31:00,22.543158,18.0,Honolulu
2024-12-11 00:32:00,22.543158,18.0,Honolulu
2024-12-11 01:00:00,22.543158,18.0,Honolulu
2024-12-11 01:01:00,22.543158,18.0,Honolulu
2024-12-11 01:02:00,22.543158,18.0,Honolulu
2024-12-11 01:30:00,22.783335,23.0,Honolulu
2024-12-11 01:31:00,22.783335,23.0,Honolulu
2024-12-11 01:32:00,22.783335,23.0,Honolulu
2024-12-11 02:00:00,22.783335,23.0,Honolulu
2024-12-11 02:01:00,22.783335,23.0,Honolulu
2024-12-11 02:02:00,22.783335,23.0,Honolulu
2024-12-11 02:30:00,22.783335,23.0,Honolulu
2024-12-11 02:31:00,21.42227,31.0,Honolulu
2024-12-11 02:32:00,21.42227,31.0,Honolulu
2024-12-11 03:00:00,21.42227,31.0,Honolulu
2024-12-11 03:01:00,21.42227,31.0,Honolulu
2024-12-11 03:02:00,21.42227,31.0,Honolulu
2024-12-11 03:30:00,22.218153,20.0,Honolulu
2024-12-11 03:31:00,22.218153,20.0,Honolulu
2024-12-11 03:32:00,22.218153,20.0,Honolulu
2024-12-11 04:00:00,22.218153,20.0,Honolulu
2024-12-11 04:01:00,22.218153,20.0,Honolulu
2024-12-11 04:02:00,22.218153,20.0,Honolulu
2024-12-11 04:30:00,22.218153,20.0,Honolulu
2024-12-11 04:31:00,22.381609,30.0,Honolulu
2024-12-11 04:32:00,22.381609,30.0,Honolulu
2024-12-11 05:00:00,22.381609,30.0,Honolulu
2024-12-11 05:01:00,22.381609,30.0,Honolulu
2024-12-11 05:02:00,22.381609,30.0,Honolulu
2024-12-11 05:30:00,24.480663,14.0,Honolulu
2024-12-11 05:31:00,24.480663,14.0,Honolulu
2024-12-11 05:32:00,24.480663,14.0,Honolulu
2024-12-11 06:00:00,24.480663,14.0,Honolulu
2024-12-11 06:01:00,24.480663,14.0,Honolulu
2024-12-11 06:02:00,24.480663,14.0,Honolulu
2024-12-11 06:30:00,24.480663,14.0,Honolulu
2024-12-11 06:31:00,25.49908,13.0,Honolulu
2024-12-11 06:32:00,25.49908,13.0,Honolulu
2024-12-11 07:00:00,25.49908,13.0,Honolulu
2024-12-11 07:01:00,25.49908,13.0,Honolulu
2024-12-11 07:02:00,25.49908,13.0,Honolulu
2024-12-11 07:30:00,27.942354,27.0,Honolulu
2024-12-11 07:31:00,27.942354,27.0,Honolulu
2024-12-11 07:32:00,27.942354,27.0,Honolulu
2024-12-11 08:00:00,27.942354,27.0,Honolulu
2024-12-11 08:01:00,27.942354,27.0,Honolulu
2024-12-11 08:02:00,27.942354,27.0,Honolulu
2024-12-11 08:30:00,27.942354,27.0,Honolulu
2024-12-11 08:31:00,29.004585,37.0,Honolulu
2024-12-11 08:32:00,29.004585,37.0,Honolulu
2024-12-11 09:00:00,29.004585,37.0,Honolulu
2024-12-11 09:01:00,29.004585,37.0,Honolulu
2024-12-11 09:02:00,29.004585,37.0,Honolulu
2024-12-11 09:30:00,32.05516,52.0,Honolulu
2024-12-11 09:31:00,32.05516,52.0,Honolulu
2024-12-11 09:32:00,32.05516,52.0,Honolulu
2024-12-11 10:00:00,32.05516,52.0,Honolulu
2024-12-11 10:01:00,32.05516,52.0,Honolulu
2024-12-11 10:02:00,32.05516,52.0,Honolulu
2024-12-11 10:30:00,32.05516,52.0,Honolulu
2024-12-11 10:31:00,31.624725,28.0,Honolulu
2024-12-11 10:32:00,31.624725,28.0,Honolulu
2024-12-11 11:00:00,31.624725,28.0,Honolulu
2024-12-11 11:01:00,31.624725,28.0,Honolulu
2024-12-11 11:02:00,31.624725,28.0,Honolulu
2024-12-11 11:30:00,31.956968,24.0,Honolulu
2024-12-11 11:31:00,31.956968,24.0,Honolulu
2024-12-11 11:32:00,31.956968,24.0,Honolulu
2024-12-11 12:00:00,31.956968,24.0,Honolulu
2024-12-11 12:01:00,31.956968,24.0,Honolulu
2024-12-11 12:02:00,31.956968,24.0,Honolulu
2024-12-11 12:30:00,31.956968,24.0,Honolulu
2024-12-11 12:31:00,31.223124,18.0,Honolulu
2024-12-11 12:32:00,31.223124,18.0,Honolulu
2024-12-11 13:00:00,31.223124,18.0,Honolulu
2024-12-11 13:01:00,31.223124,18.0,Honolulu
2024-12-11 13:02:00,31.223124,18.0,Honolulu
2024-12-11 13:30:00,30.466827,74.0,Honolulu
2024-12-11 13:31:00,30.466827,74.0,Honolulu
2024-12-11 13:32:00,30.466827,74.0,Honolulu
2024-12-11 14:00:00,30.466827,74.0,Honolulu
2024-12-11 14:01:00,30.466827,74.0,Honolulu
2024-12-11 14:02:00,30.466827,74.0,Honolulu
2024-12-11 14:30:00,30.466827,74.0,Honolulu
2024-12-11 14:31:00,25.360205,0.0,Honolulu
2024-12-11 14:32:00,25.360205,0.0,Honolulu
2024-12-11 15:00:00,25.360205,0.0,Honolulu
2024-12-11 15:01:00,25.360205,0.0,Honolulu
2024-12-11 15:02:00,25.360205,0.0,Honolulu
2024-12-11 15:30:00,25.125961,10.0,Honolulu
2024-12-11 15:31:00,25.125961,10.0,Honolulu
2024-12-11 15:32:00,25.125961,10.0,Honolulu
2024-12-11 16:00:00,25.125961,10.0,Honolulu
2024-12-11 16:01:00,25.125961,10.0,Honolulu
2024-12-11 16:02:00,25.125961,10.0,Honolulu
2024-12-11 16:30:00,25.125961,10.0,Honolulu
2024-12-11 16:31:00,27.698954,29.0,Honolulu
2024-12-11 16:32:00,27.698954,29.0,Honolulu
2024-12-11 17:00:00,27.698954,29.0,Honolulu
2024-12-11 17:01:00,27.698954,29.0,Honolulu
2024-12-11 17:02:00,27.698954,29.0,Honolulu
2024-12-11 17:30:00,25.762648,96.0,Honolulu
2024-12-11 17:31:00,25.762648,96.0,Honolulu
2024-12-11 17:32:00,25.762648,96.0,Honolulu
2024-12-11 18:00:00,25.762648,96.0,Honolulu
2024-12-11 18:01:00,25.762648,96.0,Honolulu
2024-12-11 18:02:00,25.762648,96.0,Honolulu
2024-12-11 18:30:00,25.762648,96.0,Honolulu
2024-12-11 18:31:00,26.16509,65.0,Honolulu
2024-12-11 18:32:00,26.16509,65.0,Honolulu
2024-12-11 19:00:00,26.16509,65.0,Honolulu
2024-12-11 19:01:00,26.16509,65.0,Honolulu
2024-12-11 19:02:00,26.16509,65.0,Honolulu
2024-12-11 19:30:00,26.089447,45.0,Honolulu
2024-12-11 19:31:00,26.089447,45.0,Honolulu
2024-12-11 19:32:00,26.089447,45.0,Honolulu
2024-12-11 20:00:00,26.089447,45.0,Honolulu
2024-12-11 20:01:00,26.089447,45.0,Honolulu
2024-12-11 20:02:00,26.089447,45.0,Honolulu
2024-12-11 20:30:00,26.089447,45.0,Honolulu
2024-12-11 20:31:00,26.925497,41.0,Honolulu
2024-12-11 20:32:00,26.925497,41.0,Honolulu
2024-12-11 21:00:00,26.925497,41.0,Honolulu
2024-12-11 21:01:00,26.925497,41.0,Honolulu
2024-12-11 21:02:00,26.925497,41.0,Honolulu
2024-12-11 21:30:00,27.13765,4.0,Honolulu
2024-12-11 21:31:00,27.13765,4.0,Honolulu
2024-12-11 21:32:00,27.13765,4.0,Honolulu
2024-12-11 22:00:00,27.13765,4.0,Honolulu
2024-12-11 22:01:00,27.13765,4.0,Honolulu
2024-12-11 22:02:00,27.13765,4.0,Honolulu
2024-12-11 22:30:00,27.13765,4.0,Honolulu
2024-12-11 22:31:00,25.44566,14.0,Honolulu
2024-12-11 22:32:00,25.44566,14.0,Honolulu
2024-12-11 23:00:00,25.44566,14.0,Honolulu
2024-12-11 23:01:00,25.44566,14.0,Honolulu
2024-12-11 23:02:00,25.44566,14.0,Honolulu
2024-12-11 23:30:00,26.302181,41.0,Honolulu
2024-12-11 23:31:00,26.302181,41.0,Honolulu
2024-12-11 23:32:00,26.302181,41.0,Honolulu
2024-12-12 00:00:00,26.302181,41.0,Honolulu
2024-12-12 00:01:00,26.302181,41.0,Honolulu
2024-12-12 00:02:00,26.302181,41.0,Honolulu
2024-12-12 00:30:00,26.302181,41.0,Honolulu
2024-12-12 00:31:00,26.887566,43.0,Honolulu
2024-12-12 00:32:00,26.887566,43.0,Honolulu
2024-12-12 01:00:00,26.887566,43.0,Honolulu
2024-12-12 01:01:00,26.887566,43.0,Honolulu
2024-12-12 01:02:00,26.887566,43.0,Honolulu
2024-12-12 01:30:00,24.72364,64.0,Honolulu
2024-12-12 01:31:00,24.72364,64.0,Honolulu
2024-12-12 01:32:00,24.72364,64.0,Honolulu
2024-12-12 02:00:00,24.72364,64.0,Honolulu
2024-12-12 02:01:00,24.72364,64.0,Honolulu
2024-12-12 02:02:00,24.72364,64.0,Honolulu
2024-12-12 02:30:00,24.72364,64.0,Honolulu
2024-12-12 02:31:00,24.464113,26.0,Honolulu
2024-12-12 02:32:00,24.464113,26.0,Honolulu
2024-12-12 03:00:00,24.464113,26.0,Honolulu
2024-12-12 03:01:00,24.464113,26.0,Honolulu
2024-12-12 03:02:00,24.464113,26.0,Honolulu
2024-12-12 03:30:00,26.120474,42.0,Honolulu
2024-12-12 03:31:00,26.120474,42.0,Honolulu
2024-12-12 03:32:00,26.120474,42.0,Honolulu
2024-12-12 04:00:00,26.120474,42.0,Honolulu
2024-12-12 04:01:00,26.120474,42.0,Honolulu
2024-12-12 04:02:00,26.120474,42.0,Honolulu
2024-12-12 04:30:00,26.120474,42.0,Honolulu
2024-12-12 04:31:00,26.24854,36.0,Honolulu
2024-12-12 04:32:00,26.24854,36.0,Honolulu
2024-12-12 05:00:00,26.24854,36.0,Honolulu
2024-12-12 05:01:00,26.24854,36.0,Honolulu
2024-12-12 05:02:00,26.24854,36.0,Honolulu
2024-12-12 05:30:00,25.282791,13.0,Honolulu
2024-12-12 05:31:00,25.282791,13.0,Honolulu
2024-12-12 05:32:00,25.282791,13.0,Honolulu
2024-12-12 06:00:00,25.282791,13.0,Honolulu
2024-12-12 06:01:00,25.282791,13.0,Honolulu
2024-12-12 06:02:00,25.282791,13.0,Honolulu
2024-12-12 06:30:00,25.282791,13.0,Honolulu
2024-12-12 06:31:00,25.518135,30.0,Honolulu
2024-12-12 06:32:00,25.518135,30.0,Honolulu
2024-12-12 07:00:00,25.518135,30.0,Honolulu
2024-12-12 07:01:00,25.518135,30.0,Honolulu
2024-12-12 07:02:00,25.518135,30.0,Honolulu
2024-12-12 07:30:00,26.849579,7.0,Honolulu
2024-12-12 07:31:00,26.849579,7.0,Honolulu
2024-12-12 07:32:00,26.849579,7.0,Honolulu
2024-12-12 08:00:00,26.849579,7.0,Honolulu
2024-12-12 08:01:00,26.849579,7.0,Honolulu
2024-12-12 08:02:00,26.849579,7.0,Honolulu
2024-12-12 08:30:00,26.849579,7.0,Honolulu
2024-12-12 08:31:00,28.044207,63.0,Honolulu
2024-12-12 08:32:00,28.044207,63.0,Honolulu
2024-12-12 09:00:00,28.044207,63.0,Honolulu
2024-12-12 09:01:00,28.044207,63.0,Honolulu
2024-12-12 09:02:00,28.044207,63.0,Honolulu
2024-12-12 09:30:00,29.648134,39.0,Honolulu
2024-12-12 09:31:00,29.648134,39.0,Honolulu
2024-12-12 09:32:00,29.648134,39.0,Honolulu
2024-12-12 10:00:00,29.648134,39.0,Honolulu
2024-12-12 10:01:00,29.648134,39.0,Honolulu
2024-12-12 10:02:00,29.648134,39.0,Honolulu
2024-12-12 10:30:00,29.648134,39.0,Honolulu
2024-12-12 10:31:00,27.591717,4.0,Honolulu
2024-12-12 10:32:00,27.591717,4.0,Honolulu
2024-12-12 11:00:00,27.591717,4.0,Honolulu
2024-12-12 11:01:00,27.591717,4.0,Honolulu
2024-12-12 11:02:00,27.591717,4.0,Honolulu
2024-12-12 11:30:00,28.664682,32.0,Honolulu
2024-12-12 11:31:00,28.664682,32.0,Honolulu
2024-12-12 11:32:00,28.664682,32.0,Honolulu
2024-12-12 12:00:00,28.664682,32.0,Honolulu
2024-12-12 12:01:00,28.664682,32.0,Honolulu
2024-12-12 12:02:00,28.664682,32.0,Honolulu
2024-12-12 12:30:00,28.664682,32.0,Honolulu
2024-12-12 12:31:00,27.64568,62.0,Honolulu
2024-12-12 12:32:00,27.64568,62.0,Honolulu
2024-12-12 13:00:00,27.64568,62.0,Honolulu
2024-12-12 13:01:00,27.64568,62.0,Honolulu
2024-12-12 13:02:00,27.64568,62.0,Honolulu
2024-12-12 13:30:00,26.228785,36.0,Honolulu
2024-12-12 13:31:00,26.228785,36.0,Honolulu
2024-12-12 13:32:00,26.228785,36.0,Honolulu
2024-12-12 14:00:00,26.228785,36.0,Honolulu
2024-12-12 14:01:00,26.228785,36.0,Honolulu
2024-12-12 14:02:00,26.228785,36.0,Honolulu
2024-12-12 14:30:00,26.228785,36.0,Honolulu
2024-12-12 14:31:00,21.809732,83.0,Honolulu
2024-12-12 14:32:00,21.809732,83.0,Honolulu
2024-12-12 15:00:00,21.809732,83.0,Honolulu
2024-12-12 15:01:00,21.809732,83.0,Honolulu
2024-12-12 15:02:00,21.809732,83.0,Honolulu
2024-12-12 15:30:00,20.893959,100.0,Honolulu
2024-12-12 15:31:00,20.893959,100.0,Honolulu
2024-12-12 15:32:00,20.893959,100.0,Honolulu
2024-12-12 16:00:00,20.893959,100.0,Honolulu
2024-12-12 16:01:00,20.893959,100.0,Honolulu
2024-12-12 16:02:00,20.893959,100.0,Honolulu
2024-12-12 16:30:00,20.893959,100.0,Honolulu
2024-12-12 16:31:00,21.120682,75.0,Honolulu
2024-12-12 16:32:00,21.120682,75.0,Honolulu
2024-12-12 17:00:00,21.120682,75.0,Honolulu
2024-12-12 17:01:00,21.120682,75.0,Honolulu
2024-12-12 17:02:00,21.120682,75.0,Honolulu
2024-12-12 17:30:00,20.819393,98.0,Honolulu
2024-12-12 17:31:00,20.819393,98.0,Honolulu
2024-12-12 17:32:00,20.819393,98.0,Honolulu
2024-12-12 18:00:00,20.819393,98.0,Honolulu
2024-12-12 18:01:00,20.819393,98.0,Honolulu
2024-12-12 18:02:00,20.819393,98.0,Honolulu
2024-12-12 18:30:00,20.819393,98.0,Honolulu
2024-12-12 18:31:00,19.976755,100.0,Honolulu
2024-12-12 18:32:00,19.976755,100.0,Honolulu
2024-12-12 19:00:00,19.976755,100.0,Honolulu
2024-12-12 19:01:00,19.976755,100.0,Honolulu
2024-12-12 19:02:00,19.976755,100.0,Honolulu
2024-12-12 19:30:00,20.316889,65.0,Honolulu
2024-12-12 19:31:00,20.316889,65.0,Honolulu
2024-12-12 19:32:00,20.316889,65.0,Honolulu
2024-12-12 20:00:00,20.316889,65.0,Honolulu
2024-12-12 20:01:00,20.316889,65.0,Honolulu
2024-12-12 20:02:00,20.316889,65.0,Honolulu
2024-12-12 20:30:00,20.316889,65.0,Honolulu
2024-12-12 20:31:00,19.32801,37.0,Honolulu
2024-12-12 20:32:00,19.32801,37.0,Honolulu
2024-12-12 21:00:00,19.32801,37.0,Honolulu
2024-12-12 21:01:00,19.32801,37.0,Honolulu
2024-12-12 21:02:00,19.32801,37.0,Honolulu
2024-12-12 21:30:00,20.188908,75.0,Honolulu
2024-12-12 21:31:00,20.188908,75.0,Honolulu
2024-12-12 21:32:00,20.188908,75.0,Honolulu
2024-12-12 22:00:00,20.188908,75.0,Honolulu
2024-12-12 22:01:00,20.188908,75.0,Honolulu
2024-12-12 22:02:00,20.188908,75.0,Honolulu
2024-12-12 22:30:00,20.188908,75.0,Honolulu
2024-12-12 22:31:00,20.778112,64.0,Honolulu
2024-12-12 22:32:00,20.778112,64.0,Honolulu
2024-12-12 23:00:00,20.778112,64.0,Honolulu
2024-12-12 23:01:00,20.778112,64.0,Honolulu
2024-12-12 23:02:00,20.778112,64.0,Honolulu
2024-12-12 23:30:00,20.63023,50.0,Honolulu
2024-12-12 23:31:00,20.63023,50.0,Honolulu
2024-12-12 23:32:00,20.63023,50.0,Honolulu
2024-12-13 00:00:00,20.63023,50.0,Honolulu
2024-12-13 00:01:00,20.63023,50.0,Honolulu
2024-12-13 00:02:00,20.63023,50.0,Honolulu
2024-12-13 00:30:00,20.63023,50.0,Honolulu
2024-12-13 00:31:00,20.406792,37.0,Honolulu
2024-12-13 00:32:00,20.406792,37.0,Honolulu
2024-12-13 01:00:00,20.406792,37.0,Honolulu
2024-12-13 01:01:00,20.406792,37.0,Honolulu
2024-12-13 01:02:00,20.406792,37.0,Honolulu
2024-12-13 01:30:00,20.473368,100.0,Honolulu
2024-12-13 01:31:00,20.473368,100.0,Honolulu
2024-12-13 01:32:00,20.473368,100.0,Honolulu
2024-12-13 02:00:00,20.473368,100.0,Honolulu
2024-12-13 02:01:00,20.473368,100.0,Honolulu
2024-12-13 02:02:00,20.473368,100.0,Honolulu
2024-12-13 02:30:00,20.473368,100.0,Honolulu
2024-12-13 02:31:00,19.293615,5.0,Honolulu
2024-12-13 02:32:00,19.293615,5.0,Honolulu
2024-12-13 03:00:00,19.293615,5.0,Honolulu
2024-12-13 03:01:00,19.293615,5.0,Honolulu
2024-12-13 03:02:00,19.293615,5.0,Honolulu
2024-12-13 03:30:00,19.164717,30.0,Honolulu
2024-12-13 03:31:00,19.164717,30.0,Honolulu
2024-12-13 03:32:00,19.164717,30.0,Honolulu
2024-12-13 04:00:00,19.164717,30.0,Honolulu
2024-12-13 04:01:00,19.164717,30.0,Honolulu
2024-12-13 04:02:00,19.164717,30.0,Honolulu
2024-12-13 04:30:00,19.164717,30.0,Honolulu
2024-12-13 04:31:00,19.022177,14.0,Honolulu
2024-12-13 04:32:00,19.022177,14.0,Honolulu
2024-12-13 05:00:00,19.022177,14.0,Honolulu
2024-12-13 05:01:00,19.022177,14.0,Honolulu
2024-12-13 05:02:00,19.022177,14.0,Honolulu
2024-12-13 05:30:00,19.448332,17.0,Honolulu
2024-12-13 05:31:00,19.448332,17.0,Honolulu
2024-12-13 05:32:00,19.448332,17.0,Honolulu
2024-12-13 06:00:00,19.448332,17.0,Honolulu
2024-12-13 06:01:00,19.448332,17.0,Honolulu
2024-12-13 06:02:00,19.448332,17.0,Honolulu
2024-12-13 06:30:00,19.448332,17.0,Honolulu
2024-12-13 06:31:00,19.046858,20.0,Honolulu
2024-12-13 06:32:00,19.046858,20.0,Honolulu
2024-12-13 07:00:00,19.046858,20.0,Honolulu
2024-12-13 07:01:00,19.046858,20.0,Honolulu
2024-12-13 07:02:00,19.046858,20.0,Honolulu
2024-12-13 07:30:00,20.718773,89.0,Honolulu
2024-12-13 07:31:00,20.718773,89.0,Honolulu
2024-12-13 07:32:00,20.718773,89.0,Honolulu
2024-12-13 08:00:00,20.718773,89.0,Honolulu
2024-12-13 08:01:00,20.718773,89.0,Honolulu
2024-12-13 08:02:00,20.718773,89.0,Honolulu
2024-12-13 08:30:00,20.718773,89.0,Honolulu
2024-12-13 08:31:00,23.92443,91.0,Honolulu
2024-12-13 08:32:00,23.92443,91.0,Honolulu
2024-12-13 09:00:00,23.92443,91.0,Honolulu
2024-12-13 09:01:00,23.92443,91.0,Honolulu
2024-12-13 09:02:00,23.92443,91.0,Honolulu
2024-12-13 09:30:00,26.407907,58.0,Honolulu
2024-12-13 09:31:00,26.407907,58.0,Honolulu
2024-12-13 09:32:00,26.407907,58.0,Honolulu
2024-12-13 10:00:00,26.407907,58.0,Honolulu
2024-12-13 10:01:00,26.407907,58.0,Honolulu
2024-12-13 10:02:00,26.407907,58.0,Honolulu
2024-12-13 10:30:00,26.407907,58.0,Honolulu
2024-12-13 10:31:00,27.074898,68.0,Honolulu
2024-12-13 10:32:00,27.074898,68.0,Honolulu
2024-12-13 11:00:00,27.074898,68.0,Honolulu
2024-12-13 11:01:00,27.074898,68.0,Honolulu
2024-12-13 11:02:00,27.074898,68.0,Honolulu
2024-12-13 11:30:00,27.196682,80.0,Honolulu
2024-12-13 11:31:00,27.196682,80.0,Honolulu
2024-12-13 11:32:00,27.196682,80.0,Honolulu
2024-12-13 12:00:00,27.196682,80.0,Honolulu
2024-12-13 12:01:00,27.196682,80.0,Honolulu
2024-12-13 12:02:00,27.196682,80.0,Honolulu
2024-12-13 12:30:00,27.196682,80.0,Honolulu
2024-12-13 12:31:00,27.381306,85.0,Honolulu
2024-12-13 12:32:00,27.381306,85.0,Honolulu
2024-12-13 13:00:00,27.381306,85.0,Honolulu
2024-12-13 13:01:00,27.381306,85.0,Honolulu
2024-12-13 13:02:00,27.381306,85.0,Honolulu
2024-12-13 13:30:00,26.735302,88.0,Honolulu
2024-12-13 13:31:00,26.735302,88.0,Honolulu
2024-12-13 13:32:00,26.735302,88.0,Honolulu
2024-12-13 14:00:00,26.735302,88.0,Honolulu
2024-12-13 14:01:00,26.735302,88.0,Honolulu
2024-12-13 14:02:00,26.735302,88.0,Honolulu
2024-12-13 14:30:00,26.735302,88.0,Honolulu
2024-12-13 14:31:00,20.929594,47.0,Honolulu
2024-12-13 14:32:00,20.929594,47.0,Honolulu
2024-12-13 15:00:00,20.929594,47.0,Honolulu
2024-12-13 15:01:00,20.929594,47.0,Honolulu
2024-12-13 15:02:00,20.929594,47.0,Honolulu
2024-12-13 15:30:00,22.543158,62.0,Honolulu
2024-12-13 15:31:00,22.543158,62.0,Honolulu
2024-12-13 15:32:00,22.543158,62.0,Honolulu
2024-12-13 16:00:00,22.543158,62.0,Honolulu
2024-12-13 16:01:00,22.543158,62.0,Honolulu
2024-12-13 16:02:00,22.543158,62.0,Honolulu
2024-12-13 16:30:00,22.543158,62.0,Honolulu
2024-12-13 16:31:00,20.37899,85.0,Honolulu
2024-12-13 16:32:00,20.37899,85.0,Honolulu
2024-12-13 17:00:00,20.37899,85.0,Honolulu
2024-12-13 17:01:00,20.37899,85.0,Honolulu
2024-12-13 17:02:00,20.37899,85.0,Honolulu
2024-12-13 17:30:00,18.838184,39.0,Honolulu
2024-12-13 17:31:00,18.838184,39.0,Honolulu
2024-12-13 17:32:00,18.838184,39.0,Honolulu
2024-12-13 18:00:00,18.838184,39.0,Honolulu
2024-12-13 18:01:00,18.838184,39.0,Honolulu
2024-12-13 18:02:00,18.838184,39.0,Honolulu
2024-12-13 18:30:00,18.838184,39.0,Honolulu
2024-12-13 18:31:00,19.59356,19.0,Honolulu
2024-12-13 18:32:00,19.59356,19.0,Honolulu
2024-12-13 19:00:00,19.59356,19.0,Honolulu
2024-12-13 19:01:00,19.59356,19.0,Honolulu
2024-12-13 19:02:00,19.59356,19.0,Honolulu
2024-12-13 19:30:00,17.801807,6.0,Honolulu
2024-12-13 19:31:00,17.801807,6.0,Honolulu
2024-12-13 19:32:00,17.801807,6.0,Honolulu
2024-12-13 20:00:00,17.801807,6.0,Honolulu
2024-12-13 20:01:00,17.801807,6.0,Honolulu
2024-12-13 20:02:00,17.801807,6.0,Honolulu
2024-12-13 20:30:00,17.801807,6.0,Honolulu
2024-12-13 20:31:00,16.68669,3.0,Honolulu
2024-12-13 20:32:00,16.68669,3.0,Honolulu
2024-12-13 21:00:00,16.68669,3.0,Honolulu
2024-12-13 21:01:00,16.68669,3.0,Honolulu
2024-12-13 21:02:00,16.68669,3.0,Honolulu
2024-12-13 21:30:00,16.478603,9.0,Honolulu
2024-12-13 21:31:00,16.478603,9.0,Honolulu
2024-12-13 21:32:00,16.478603,9.0,Honolulu
2024-12-13 22:00:00,16.478603,9.0,Honolulu
2024-12-13 22:01:00,16.478603,9.0,Honolulu
2024-12-13 22:02:00,16.478603,9.0,Honolulu
2024-12-13 22:30:00,16.478603,9.0,Honolulu
2024-12-13 22:31:00,16.712881,8.0,Honolulu
2024-12-13 22:32:00,16.712881,8.0,Honolulu
2024-12-13 23:00:00,16.712881,8.0,Honolulu
2024-12-13 23:01:00,16.712881,8.0,Honolulu
2024-12-13 23:02:00,16.712881,8.0,Honolulu
2024-12-13 23:30:00,16.357237,20.0,Honolulu
2024-12-13 23:31:00,16.357237,20.0,Honolulu
2024-12-13 23:32:00,16.357237,20.0,Honolulu
2024-12-14 00:00:00,16.357237,20.0,Honolulu
2024-12-14 00:01:00,16.357237,20.0,Honolulu
2024-12-14 00:02:00,16.357237,20.0,Honolulu
2024-12-14 00:30:00,16.357237,20.0,Honolulu
2024-12-14 00:31:00,16.180988,59.0,Honolulu
2024-12-14 00:32:00,16.180988,59.0,Honolulu
2024-12-14 01:00:00,16.180988,59.0,Honolulu
2024-12-14 01:01:00,16.180988,59.0,Honolulu
2024-12-14 01:02:00,16.180988,59.0,Honolulu
2024-12-14 01:30:00,16.053335,68.0,Honolulu
2024-12-14 01:31:00,16.053335,68.0,Honolulu
2024-12-14 01:32:00,16.053335,68.0,Honolulu
2024-12-14 02:00:00,16.053335,68.0,Honolulu
2024-12-14 02:01:00,16.053335,68.0,Honolulu
2024-12-14 02:02:00,16.053335,68.0,Honolulu
2024-12-14 02:30:00,16.053335,68.0,Honolulu
2024-12-14 02:31:00,16.144905,29.0,Honolulu
2024-12-14 02:32:00,16.144905,29.0,Honolulu
2024-12-14 03:00:00,16.144905,29.0,Honolulu
2024-12-14 03:01:00,16.144905,29.0,Honolulu
2024-12-14 03:02:00,16.144905,29.0,Honolulu
2024-12-14 03:30:00,16.525724,34.0,Honolulu
2024-12-14 03:31:00,16.525724,34.0,Honolulu
2024-12-14 03:32:00,16.525724,34.0,Honolulu
2024-12-14 04:00:00,16.525724,34.0,Honolulu
2024-12-14 04:01:00,16.525724,34.0,Honolulu
2024-12-14 04:02:00,16.525724,34.0,Honolulu
2024-12-14 04:30:00,16.525724,34.0,Honolulu
2024-12-14 04:31:00,17.640919,48.0,Honolulu
2024-12-14 04:32:00,17.640919,48.0,Honolulu
2024-12-14 05:00:00,17.640919,48.0,Honolulu
2024-12-14 05:01:00,17.640919,48.0,Honolulu
2024-12-14 05:02:00,17.640919,48.0,Honolulu
2024-12-14 05:30:00,19.649702,52.0,Honolulu
2024-12-14 05:31:00,19.649702,52.0,Honolulu
2024-12-14 05:32:00,19.649702,52.0,Honolulu
2024-12-14 06:00:00,19.649702,52.0,Honolulu
2024-12-14 06:01:00,19.649702,52.0,Honolulu
2024-12-14 06:02:00,19.649702,52.0,Honolulu
2024-12-14 06:30:00,19.649702,52.0,Honolulu
2024-12-14 06:31:00,20.122196,12.0,Honolulu
2024-12-14 06:32:00,20.122196,12.0,Honolulu
2024-12-14 07:00:00,20.122196,12.0,Honolulu
2024-12-14 07:01:00,20.122196,12.0,Honolulu
2024-12-14 07:02:00,20.122196,12.0,Honolulu
2024-12-14 07:30:00,19.263363,9.0,Honolulu
2024-12-14 07:31:00,19.263363,9.0,Honolulu
2024-12-14 07:32:00,19.263363,9.0,Honolulu
2024-12-14 08:00:00,19.263363,9.0,Honolulu
2024-12-14 08:01:00,19.263363,9.0,Honolulu
2024-12-14 08:02:00,19.263363,9.0,Honolulu
2024-12-14 08:30:00,19.263363,9.0,Honolulu
2024-12-14 08:31:00,21.218632,26.0,Honolulu
2024-12-14 08:32:00,21.218632,26.0,Honolulu
2024-12-14 09:00:00,21.218632,26.0,Honolulu
2024-12-14 09:01:00,21.218632,26.0,Honolulu
2024-12-14 09:02:00,21.218632,26.0,Honolulu
2024-12-14 09:30:00,20.499462,18.0,Honolulu
2024-12-14 09:31:00,20.499462,18.0,Honolulu
2024-12-14 09:32:00,20.499462,18.0,Honolulu
2024-12-14 10:00:00,20.499462,18.0,Honolulu
2024-12-14 10:01:00,20.499462,18.0,Honolulu
2024-12-14 10:02:00,20.499462,18.0,Honolulu
2024-12-14 10:30:00,20.499462,18.0,Honolulu
2024-12-14 10:31:00,20.778112,73.0,Honolulu
2024-12-14 10:32:00,20.778112,73.0,Honolulu
2024-12-14 11:00:00,20.778112,73.0,Honolulu
2024-12-14 11:01:00,20.778112,73.0,Honolulu
2024-12-14 11:02:00,20.778112,73.0,Honolulu
2024-12-14 11:30:00,22.16998,70.0,Honolulu
2024-12-14 11:31:00,22.16998,70.0,Honolulu
2024-12-14 11:32:00,22.16998,70.0,Honolulu
2024-12-14 12:00:00,22.16998,70.0,Honolulu
2024-12-14 12:01:00,22.16998,70.0,Honolulu
2024-12-14 12:02:00,22.16998,70.0,Honolulu
2024-12-14 12:30:00,22.16998,70.0,Honolulu
2024-12-14 12:31:00,21.547436,100.0,Honolulu
2024-12-14 12:32:00,21.547436,100.0,Honolulu
2024-12-14 13:00:00,21.547436,100.0,Honolulu
2024-12-14 13:01:00,21.547436,100.0,Honolulu
2024-12-14 13:02:00,21.547436,100.0,Honolulu
2024-12-14 13:30:00,23.12212,32.0,Honolulu
2024-12-14 13:31:00,23.12212,32.0,Honolulu
2024-12-14 13:32:00,23.12212,32.0,Honolulu
2024-12-14 14:00:00,23.12212,32.0,Honolulu
2024-12-14 14:01:00,23.12212,32.0,Honolulu
2024-12-14 14:02:00,23.12212,32.0,Honolulu
2024-12-14 14:30:00,23.12212,32.0,Honolulu
2024-12-14 14:31:00,22.240019,94.0,Honolulu
2024-12-14 14:32:00,22.240019,94.0,Honolulu
2024-12-14 15:00:00,22.240019,94.0,Honolulu
2024-12-14 15:01:00,22.240019,94.0,Honolulu
2024-12-14 15:02:00,22.240019,94.0,Honolulu
2024-12-14 15:30:00,23.25625,98.0,Honolulu
2024-12-14 15:31:00,23.25625,98.0,Honolulu
2024-12-14 15:32:00,23.25625,98.0,Honolulu
2024-12-14 16:00:00,23.25625,98.0,Honolulu
2024-12-14 16:01:00,23.25625,98.0,Honolulu
2024-12-14 16:02:00,23.25625,98.0,Honolulu
2024-12-14 16:30:00,23.25625,98.0,Honolulu
2024-12-14 16:31:00,20.592503,100.0,Honolulu
2024-12-14 16:32:00,20.592503,100.0,Honolulu
2024-12-14 17:00:00,20.592503,100.0,Honolulu
2024-12-14 17:01:00,20.592503,100.0,Honolulu
2024-12-14 17:02:00,20.592503,100.0,Honolulu
2024-12-14 17:30:00,20.00512,98.0,Honolulu
2024-12-14 17:31:00,20.00512,98.0,Honolulu
2024-12-14 17:32:00,20.00512,98.0,Honolulu
2024-12-14 18:00:00,20.00512,98.0,Honolulu
2024-12-14 18:01:00,20.00512,98.0,Honolulu
2024-12-14 18:02:00,20.00512,98.0,Honolulu
2024-12-14 18:30:00,20.00512,98.0,Honolulu
2024-12-14 18:31:00,20.859041,99.0,Honolulu
2024-12-14 18:32:00,20.859041,99.0,Honolulu
2024-12-14 19:00:00,20.859041,99.0,Honolulu
2024-12-14 19:01:00,20.859041,99.0,Honolulu
2024-12-14 19:02:00,20.859041,99.0,Honolulu
2024-12-14 19:30:00,19.652176,77.0,Honolulu
2024-12-14 19:31:00,19.652176,77.0,Honolulu
2024-12-14 19:32:00,19.652176,77.0,Honolulu
2024-12-14 20:00:00,19.652176,77.0,Honolulu
2024-12-14 20:01:00,19.652176,77.0,Honolulu
2024-12-14 20:02:00,19.652176,77.0,Honolulu
2024-12-14 20:30:00,19.652176,77.0,Honolulu
2024-12-14 20:31:00,20.592503,24.0,Honolulu
2024-12-14 20:32:00,20.592503,24.0,Honolulu
2024-12-14 21:00:00,20.592503,24.0,Honolulu
2024-12-14 21:01:00,20.592503,24.0,Honolulu
2024-12-14 21:02:00,20.592503,24.0,Honolulu
2024-12-14 21:30:00,19.72212,100.0,Honolulu
2024-12-14 21:31:00,19.72212,100.0,Honolulu
2024-12-14 21:32:00,19.72212,100.0,Honolulu
2024-12-14 22:00:00,19.72212,100.0,Honolulu
2024-12-14 22:01:00,19.72212,100.0,Honolulu
2024-12-14 22:02:00,19.72212,100.0,Honolulu
2024-12-14 22:30:00,19.72212,100.0,Honolulu
2024-12-14 22:31:00,19.66948,96.0,Honolulu
2024-12-14 22:32:00,19.66948,96.0,Honolulu
2024-12-14 23:00:00,19.66948,96.0,Honolulu
2024-12-14 23:01:00,19.66948,96.0,Honolulu
2024-12-14 23:02:00,19.66948,96.0,Honolulu
2024-12-14 23:30:00,18.59671,62.0,Honolulu
2024-12-14 23:31:00,18.59671,62.0,Honolulu
2024-12-14 23:32:00,18.59671,62.0,Honolulu
2024-12-15 00:00:00,18.59671,62.0,Honolulu
2024-12-15 00:01:00,18.59671,62.0,Honolulu
2024-12-15 00:02:00,18.59671,62.0,Honolulu
2024-12-15 00:30:00,18.59671,62.0,Honolulu
2024-12-15 00:31:00,18.845062,99.0,Honolulu
2024-12-15 00:32:00,18.845062,99.0,Honolulu
2024-12-15 01:00:00,18.845062,99.0,Honolulu
2024-12-15 01:01:00,18.845062,99.0,Honolulu
2024-12-15 01:02:00,18.845062,99.0,Honolulu
2024-12-15 01:30:00,16.886456,95.0,Honolulu
2024-12-15 01:31:00,16.886456,95.0,Honolulu
2024-12-15 01:32:00,16.886456,95.0,Honolulu
2024-12-15 02:00:00,16.886456,95.0,Honolulu
2024-12-15 02:01:00,16.886456,95.0,Honolulu
2024-12-15 02:02:00,16.886456,95.0,Honolulu
2024-12-15 02:30:00,16.886456,95.0,Honolulu
2024-12-15 02:31:00,16.021011,91.0,Honolulu
2024-12-15 02:32:00,16.021011,91.0,Honolulu
2024-12-15 03:00:00,16.021011,91.0,Honolulu
2024-12-15 03:01:00,16.021011,91.0,Honolulu
2024-12-15 03:02:00,16.021011,91.0,Honolulu
2024-12-15 03:30:00,15.539537,52.0,Honolulu
2024-12-15 03:31:00,15.539537,52.0,Honolulu
2024-12-15 03:32:00,15.539537,52.0,Honolulu
2024-12-15 04:00:00,15.539537,52.0,Honolulu
2024-12-15 04:01:00,15.539537,52.0,Honolulu
2024-12-15 04:02:00,15.539537,52.0,Honolulu
2024-12-15 04:30:00,15.539537,52.0,Honolulu
2024-12-15 04:31:00,15.62686,36.0,Honolulu
2024-12-15 04:32:00,15.62686,36.0,Honolulu
2024-12-15 05:00:00,15.62686,36.0,Honolulu
2024-12-15 05:01:00,15.62686,36.0,Honolulu
2024-12-15 05:02:00,15.62686,36.0,Honolulu
2024-12-15 05:30:00,16.740967,19.0,Honolulu
2024-12-15 05:31:00,16.740967,19.0,Honolulu
2024-12-15 05:32:00,16.740967,19.0,Honolulu
2024-12-15 06:00:00,16.740967,19.0,Honolulu
2024-12-15 06:01:00,16.740967,19.0,Honolulu
2024-12-15 06:02:00,16.740967,19.0,Honolulu
2024-12-15 06:30:00,16.740967,19.0,Honolulu
2024-12-15 06:31:00,16.965895,38.0,Honolulu
2024-12-15 06:32:00,16.965895,38.0,Honolulu
2024-12-15 07:00:00,16.965895,38.0,Honolulu
2024-12-15 07:01:00,16.965895,38.0,Honolulu
2024-12-15 07:02:00,16.965895,38.0,Honolulu
2024-12-15 07:30:00,18.183563,18.0,Honolulu
2024-12-15 07:31:00,18.183563,18.0,Honolulu
2024-12-15 07:32:00,18.183563,18.0,Honolulu
2024-12-15 08:00:00,18.183563,18.0,Honolulu
2024-12-15 08:01:00,18.183563,18.0,Honolulu
2024-12-15 08:02:00,18.183563,18.0,Honolulu
2024-12-15 08:30:00,18.183563,18.0,Honolulu
2024-12-15 08:31:00,22.180935,44.0,Honolulu
2024-12-15 08:32:00,22.180935,44.0,Honolulu
2024-12-15 09:00:00,22.180935,44.0,Honolulu
2024-12-15 09:01:00,22.180935,44.0,Honolulu
2024-12-15 09:02:00,22.180935,44.0,Honolulu
2024-12-15 09:30:00,23.964348,76.0,Honolulu
2024-12-15 09:31:00,23.964348,76.0,Honolulu
2024-12-15 09:32:00,23.964348,76.0,Honolulu
2024-12-15 10:00:00,23.964348,76.0,Honolulu
2024-12-15 10:01:00,23.964348,76.0,Honolulu
2024-12-15 10:02:00,23.964348,76.0,Honolulu
2024-12-15 10:30:00,23.964348,76.0,Honolulu
2024-12-15 10:31:00,22.655699,99.0,Honolulu
2024-12-15 10:32:00,22.655699,99.0,Honolulu
2024-12-15 11:00:00,22.655699,99.0,Honolulu
2024-12-15 11:01:00,22.655699,99.0,Honolulu
2024-12-15 11:02:00,22.655699,99.0,Honolulu
2024-12-15 11:30:00,20.6624,53.0,Honolulu
2024-12-15 11:31:00,20.6624,53.0,Honolulu
2024-12-15 11:32:00,20.6624,53.0,Honolulu
2024-12-15 12:00:00,20.6624,53.0,Honolulu
2024-12-15 12:01:00,20.6624,53.0,Honolulu
2024-12-15 12:02:00,20.6624,53.0,Honolulu
2024-12-15 12:30:00,20.6624,53.0,Honolulu
2024-12-15 12:31:00,19.386593,31.0,Honolulu
2024-12-15 12:32:00,19.386593,31.0,Honolulu
2024-12-15 13:00:00,19.386593,31.0,Honolulu
2024-12-15 13:01:00,19.386593,31.0,Honolulu
2024-12-15 13:02:00,19.386593,31.0,Honolulu
2024-12-15 13:30:00,18.921415,23.0,Honolulu
2024-12-15 13:31:00,18.921415,23.0,Honolulu
2024-12-15 13:32:00,18.921415,23.0,Honolulu
2024-12-15 14:00:00,18.921415,23.0,Honolulu
2024-12-15 14:01:00,18.921415,23.0,Honolulu
2024-12-15 14:02:00,18.921415,23.0,Honolulu
2024-12-15 14:30:00,18.921415,23.0,Honolulu
2024-12-15 14:31:00,13.708391,11.0,Honolulu
2024-12-15 14:32:00,13.708391,11.0,Honolulu
2024-12-15 15:00:00,13.708391,11.0,Honolulu
2024-12-15 15:01:00,13.708391,11.0,Honolulu
2024-12-15 15:02:00,13.708391,11.0,Honolulu
2024-12-15 15:30:00,13.584932,20.0,Honolulu
2024-12-15 15:31:00,13.584932,20.0,Honolulu
2024-12-15 15:32:00,13.584932,20.0,Honolulu
2024-12-15 16:00:00,13.584932,20.0,Honolulu
2024-12-15 16:01:00,13.584932,20.0,Honolulu
2024-12-15 16:02:00,13.584932,20.0,Honolulu
2024-12-15 16:30:00,13.584932,20.0,Honolulu
2024-12-15 16:31:00,16.244936,41.0,Honolulu
2024-12-15 16:32:00,16.244936,41.0,Honolulu
2024-12-15 17:00:00,16.244936,41.0,Honolulu
2024-12-15 17:01:00,16.244936,41.0,Honolulu
2024-12-15 17:02:00,16.244936,41.0,Honolulu
2024-12-15 17:30:00,14.178927,18.0,Honolulu
2024-12-15 17:31:00,14.178927,18.0,Honolulu
2024-12-15 17:32:00,14.178927,18.0,Honolulu
2024-12-15 18:00:00,14.178927,18.0,Honolulu
2024-12-15 18:01:00,14.178927,18.0,Honolulu
2024-12-15 18:02:00,14.178927,18.0,Honolulu
2024-12-15 18:30:00,14.178927,18.0,Honolulu
2024-12-15 18:31:00,15.1884165,7.0,Honolulu
2024-12-15 18:32:00,15.1884165,7.0,Honolulu
2024-12-15 19:00:00,15.1884165,7.0,Honolulu
2024-12-15 19:01:00,15.1884165,7.0,Honolulu
2024-12-15 19:02:00,15.1884165,7.0,Honolulu
2024-12-15 19:30:00,15.646544,2.0,Honolulu
2024-12-15 19:31:00,15.646544,2.0,Honolulu
2024-12-15 19:32:00,15.646544,2.0,Honolulu
2024-12-15 20:00:00,15.646544,2.0,Honolulu
2024-12-15 20:01:00,15.646544,2.0,Honolulu
2024-12-15 20:02:00,15.646544,2.0,Honolulu
2024-12-15 20:30:00,15.646544,2.0,Honolulu
2024-12-15 20:31:00,16.34832,1.0,Honolulu
2024-12-15 20:32:00,16.34832,1.0,Honolulu
2024-12-15 21:00:00,16.34832,1.0,Honolulu
2024-12-15 21:01:00,16.34832,1.0,Honolulu
2024-12-15 21:02:00,16.34832,1.0,Honolulu
2024-12-15 21:30:00,15.312701,0.0,Honolulu
2024-12-15 21:31:00,15.312701,0.0,Honolulu
2024-12-15 21:32:00,15.312701,0.0,Honolulu
2024-12-15 22:00:00,15.312701,0.0,Honolulu
2024-12-15 22:01:00,15.312701,0.0,Honolulu
2024-12-15 22:02:00,15.312701,0.0,Honolulu
2024-12-15 22:30:00,15.312701,0.0,Honolulu
2024-12-15 22:31:00,13.31635,0.0,Honolulu
2024-12-15 22:32:00,13.31635,0.0,Honolulu
2024-12-15 23:00:00,13.31635,0.0,Honolulu
2024-12-15 23:01:00,13.31635,0.0,Honolulu
2024-12-15 23:02:00,13.31635,0.0,Honolulu
2024-12-15 23:30:00,11.481968,1.0,Honolulu
2024-12-15 23:31:00,11.481968,1.0,Honolulu
2024-12-15 23:32:00,11.481968,1.0,Honolulu
2024-12-16 00:00:00,11.481968,1.0,Honolulu
2024-12-16 00:01:00,11.481968,1.0,Honolulu
2024-12-16 00:02:00,11.481968,1.0,Honolulu
2024-12-16 00:30:00,11.481968,1.0,Honolulu
2024-12-16 00:31:00,9.266067,3.0,Honolulu
2024-12-16 00:32:00,9.266067,3.0,Honolulu
2024-12-16 01:00:00,9.266067,3.0,Honolulu
2024-12-16 01:01:00,9.266067,3.0,Honolulu
2024-12-16 01:02:00,9.266067,3.0,Honolulu
2024-12-16 01:30:00,5.369916,11.0,Honolulu
2024-12-16 01:31:00,5.369916,11.0,Honolulu
2024-12-16 01:32:00,5.369916,11.0,Honolulu
2024-12-16 02:00:00,5.369916,11.0,Honolulu
2024-12-16 02:01:00,5.369916,11.0,Honolulu
2024-12-16 02:02:00,5.369916,11.0,Honolulu
2024-12-16 02:30:00,5.369916,11.0,Honolulu
2024-12-16 02:31:00,3.6447225,18.0,Honolulu
2024-12-16 02:32:00,3.6447225,18.0,Honolulu
2024-12-16 03:00:00,3.6447225,18.0,Honolulu
2024-12-16 03:01:00,3.6447225,18.0,Honolulu
2024-12-16 03:02:00,3.6447225,18.0,Honolulu
2024-12-16 03:30:00,2.9301877,6.0,Honolulu
2024-12-16 03:31:00,2.9301877,6.0,Honolulu
2024-12-16 03:32:00,2.9301877,6.0,Honolulu
2024-12-16 04:00:00,2.9301877,6.0,Honolulu
2024-12-16 04:01:00,2.9301877,6.0,Honolulu
2024-12-16 04:02:00,2.9301877,6.0,Honolulu
2024-12-16 04:30:00,2.9301877,6.0,Honolulu
2024-12-16 04:31:00,4.6277857,7.0,Honolulu
2024-12-16 04:32:00,4.6277857,7.0,Honolulu
2024-12-16 05:00:00,4.6277857,7.0,Honolulu
2024-12-16 05:01:00,4.6277857,7.0,Honolulu
2024-12-16 05:02:00,4.6277857,7.0,Honolulu
2024-12-16 05:30:00,4.846648,6.0,Honolulu
2024-12-16 05:31:00,4.846648,6.0,Honolulu
2024-12-16 05:32:00,4.846648,6.0,Honolulu
2024-12-16 06:00:00,4.846648,6.0,Honolulu
2024-12-16 06:01:00,4.846648,6.0,Honolulu
2024-12-16 06:02:00,4.846648,6.0,Honolulu
2024-12-16 06:30:00,4.846648,6.0,Honolulu
2024-12-16 06:31:00,6.638072,17.0,Honolulu
2024-12-16 06:32:00,6.638072,17.0,Honolulu
2024-12-16 07:00:00,6.638072,17.0,Honolulu
2024-12-16 07:01:00,6.638072,17.0,Honolulu
2024-12-16 07:02:00,6.638072,17.0,Honolulu
2024-12-16 07:30:00,7.7043357,0.0,Honolulu
2024-12-16 07:31:00,7.7043357,0.0,Honolulu
2024-12-16 07:32:00,7.7043357,0.0,Honolulu
2024-12-16 08:00:00,7.7043357,0.0,Honolulu
2024-12-16 08:01:00,7.7043357,0.0,Honolulu
2024-12-16 08:02:00,7.7043357,0.0,Honolulu
2024-12-16 08:30:00,7.7043357,0.0,Honolulu
2024-12-16 08:31:00,4.2021422,0.0,Honolulu
2024-12-16 08:32:00,4.2021422,0.0,Honolulu
2024-12-16 09:00:00,4.2021422,0.0,Honolulu
2024-12-16 09:01:00,4.2021422,0.0,Honolulu
2024-12-16 09:02:00,4.2021422,0.0,Honolulu
2024-12-16 09:30:00,1.8089776,0.0,Honolulu
2024-12-16 09:31:00,1.8089776,0.0,Honolulu
2024-12-16 09:32:00,1.8089776,0.0,Honolulu
2024-12-16 10:00:00,1.8089776,0.0,Honolulu
2024-12-16 10:01:00,1.8089776,0.0,Honolulu
2024-12-16 10:02:00,1.8089776,0.0,Honolulu
2024-12-16 10:30:00,1.8089776,0.0,Honolulu
2024-12-16 10:31:00,1.8532133,0.0,Honolulu
2024-12-16 10:32:00,1.8532133,0.0,Honolulu
2024-12-16 11:00:00,1.8532133,0.0,Honolulu
2024-12-16 11:01:00,1.8532133,0.0,Honolulu
2024-12-16 11:02:00,1.8532133,0.0,Honolulu
2024-12-16 11:30:00,6.279395,0.0,Honolulu
2024-12-16 11:31:00,6.279395,0.0,Honolulu
2024-12-16 11:32:00,6.279395,0.0,Honolulu
2024-12-16 12:00:00,6.279395,0.0,Honolulu
2024-12-16 12:01:00,6.279395,0.0,Honolulu
2024-12-16 12:02:00,6.279395,0.0,Honolulu
2024-12-16 12:30:00,6.279395,0.0,Honolulu
2024-12-16 12:31:00,9.096681,25.0,Honolulu
2024-12-16 12:32:00,9.096681,25.0,Honolulu
2024-12-16 13:00:00,9.096681,25.0,Honolulu
2024-12-16 13:01:00,9.096681,25.0,Honolulu
2024-12-16 13:02:00,9.096681,25.0,Honolulu
2024-12-16 13:30:00,9.919618,45.0,Honolulu
2024-12-16 13:31:00,9.919618,45.0,Honolulu
2024-12-16 13:32:00,9.919618,45.0,Honolulu
2024-12-16 14:00:00,9.919618,45.0,Honolulu
2024-12-16 14:01:00,9.919618,45.0,Honolulu
2024-12-16 14:02:00,9.919618,45.0,Honolulu
2024-12-16 14:30:00,9.919618,45.0,Honolulu
2024-12-16 14:31:00,8.297589,100.0,Honolulu
2024-12-16 14:32:00,8.297589,100.0,Honolulu
2024-12-16 15:00:00,8.297589,100.0,Honolulu
2024-12-16 15:01:00,8.297589,100.0,Honolulu
2024-12-16 15:02:00,8.297589,100.0,Honolulu
2024-12-16 15:30:00,8.209263,75.0,Honolulu
2024-12-16 15:31:00,8.209263,75.0,Honolulu
2024-12-16 15:32:00,8.209263,75.0,Honolulu
2024-12-16 16:00:00,8.209263,75.0,Honolulu
2024-12-16 16:01:00,8.209263,75.0,Honolulu
2024-12-16 16:02:00,8.209263,75.0,Honolulu
2024-12-16 16:30:00,8.209263,75.0,Honolulu
2024-12-16 16:31:00,6.502461,2.0,Honolulu
2024-12-16 16:32:00,6.502461,2.0,Honolulu
2024-12-16 17:00:00,6.502461,2.0,Honolulu
2024-12-16 17:01:00,6.502461,2.0,Honolulu
2024-12-16 17:02:00,6.502461,2.0,Honolulu
2024-12-16 17:30:00,5.7628117,2.0,Honolulu
2024-12-16 17:31:00,5.7628117,2.0,Honolulu
2024-12-16 17:32:00,5.7628117,2.0,Honolulu
2024-12-16 18:00:00,5.7628117,2.0,Honolulu
2024-12-16 18:01:00,5.7628117,2.0,Honolulu
2024-12-16 18:02:00,5.7628117,2.0,Honolulu
2024-12-16 18:30:00,5.7628117,2.0,Honolulu
2024-12-16 18:31:00,5.0432134,5.0,Honolulu
2024-12-16 18:32:00,5.0432134,5.0,Honolulu
2024-12-16 19:00:00,5.0432134,5.0,Honolulu
2024-12-16 19:01:00,5.0432134,5.0,Honolulu
2024-12-16 19:02:00,5.0432134,5.0,Honolulu
2024-12-16 19:30:00,3.244996,14.0,Honolulu
2024-12-16 19:31:00,3.244996,14.0,Honolulu
2024-12-16 19:32:00,3.244996,14.0,Honolulu
2024-12-16 20:00:00,3.244996,14.0,Honolulu
2024-12-16 20:01:00,3.244996,14.0,Honolulu
2024-12-16 20:02:00,3.244996,14.0,Honolulu
2024-12-16 20:30:00,3.244996,14.0,Honolulu
2024-12-16 20:31:00,2.1674871,4.0,Honolulu
2024-12-16 20:32:00,2.1674871,4.0,Honolulu
2024-12-16 21:00:00,2.1674871,4.0,Honolulu
2024-12-16 21:01:00,2.1674871,4.0,Honolulu
2024-12-16 21:02:00,2.1674871,4.0,Honolulu
2024-12-16 21:30:00,1.9134263,35.0,Honolulu
2024-12-16 21:31:00,1.9134263,35.0,Honolulu
2024-12-16 21:32:00,1.9134263,35.0,Honolulu
2024-12-16 22:00:00,1.9134263,35.0,Honolulu
2024-12-16 22:01:00,1.9134263,35.0,Honolulu
2024-12-16 22:02:00,1.9134263,35.0,Honolulu
2024-12-16 22:30:00,1.9134263,35.0,Honolulu
2024-12-16 22:31:00,2.19718,1.0,Honolulu
2024-12-16 22:32:00,2.19718,1.0,Honolulu
2024-12-16 23:00:00,2.19718,1.0,Honolulu
2024-12-16 23:01:00,2.19718,1.0,Honolulu
2024-12-16 23:02:00,2.19718,1.0,Honolulu
2024-12-16 23:30:00,2.1749482,4.0,Honolulu
2024-12-16 23:31:00,2.1749482,4.0,Honolulu
2024-12-16 23:32:00,2.1749482,4.0,Honolulu
2024-12-17 00:00:00,2.1749482,4.0,Honolulu
2024-12-17 00:01:00,2.1749482,4.0,Honolulu
2024-12-17 00:02:00,2.1749482,4.0,Honolulu
2024-12-17 00:30:00,2.1749482,4.0,Honolulu
2024-12-17 00:31:00,3.219938,11.0,Honolulu
2024-12-17 00:32:00,3.219938,11.0,Honolulu
2024-12-17 01:00:00,3.219938,11.0,Honolulu
2024-12-17 01:01:00,3.219938,11.0,Honolulu
2024-12-17 01:02:00,3.219938,11.0,Honolulu
2024-12-17 01:30:00,3.06,0.0,Honolulu
2024-12-17 01:31:00,3.06,0.0,Honolulu
2024-12-17 01:32:00,3.06,0.0,Honolulu
2024-12-17 02:00:00,3.06,0.0,Honolulu
2024-12-17 02:01:00,3.06,0.0,Honolulu
2024-12-17 02:02:00,3.06,0.0,Honolulu
2024-12-17 02:30:00,3.06,0.0,Honolulu
2024-12-17 02:31:00,3.0758414,0.0,Honolulu
2024-12-17 02:32:00,3.0758414,0.0,Honolulu
2024-12-17 03:00:00,3.0758414,0.0,Honolulu
2024-12-17 03:01:00,3.0758414,0.0,Honolulu
2024-12-17 03:02:00,3.0758414,0.0,Honolulu
2024-12-17 03:30:00,4.9785542,0.0,Honolulu
2024-12-17 03:31:00,4.9785542,0.0,Honolulu
2024-12-17 03:32:00,4.9785542,0.0,Honolulu
2024-12-17 04:00:00,4.9785542,0.0,Honolulu
2024-12-17 04:01:00,4.9785542,0.0,Honolulu
2024-12-17 04:02:00,4.9785542,0.0,Honolulu
2024-12-17 04:30:00,4.9785542,0.0,Honolulu
2024-12-17 04:31:00,3.6402748,1.0,Honolulu
2024-12-17 04:32:00,3.6402748,1.0,Honolulu
2024-12-17 05:00:00,3.6402748,1.0,Honolulu
2024-12-17 05:01:00,3.6402748,1.0,Honolulu
2024-12-17 05:02:00,3.6402748,1.0,Honolulu
2024-12-17 05:30:00,1.7076298,15.0,Honolulu
2024-12-17 05:31:00,1.7076298,15.0,Honolulu
2024-12-17 05:32:00,1.7076298,15.0,Honolulu
2024-12-17 06:00:00,1.7076298,15.0,Honolulu
2024-12-17 06:01:00,1.7076298,15.0,Honolulu
2024-12-17 06:02:00,1.7076298,15.0,Honolulu
2024-12-17 06:30:00,1.7076298,15.0,Honolulu
2024-12-17 06:31:00,0.9693296,15.0,Honolulu
2024-12-17 06:32:00,0.9693296,15.0,Honolulu
2024-12-17 07:00:00,0.9693296,15.0,Honolulu
2024-12-17 07:01:00,0.9693296,15.0,Honolulu
2024-12-17 07:02:00,0.9693296,15.0,Honolulu
2024-12-17 07:30:00,1.08,0.0,Honolulu
2024-12-17 07:31:00,1.08,0.0,Honolulu
2024-12-17 07:32:00,1.08,0.0,Honolulu
2024-12-17 08:00:00,1.08,0.0,Honolulu
2024-12-17 08:01:00,1.08,0.0,Honolulu
2024-12-17 08:02:00,1.08,0.0,Honolulu
2024-12-17 08:30:00,1.08,0.0,Honolulu
2024-12-17 08:31:00,0.742159,1.0,Honolulu
2024-12-17 08:32:00,0.742159,1.0,Honolulu
2024-12-17 09:00:00,0.742159,1.0,Honolulu
2024-12-17 09:01:00,0.742159,1.0,Honolulu
2024-12-17 09:02:00,0.742159,1.0,Honolulu
2024-12-17 09:30:00,5.1919937,2.0,Honolulu
2024-12-17 09:31:00,5.1919937,2.0,Honolulu
2024-12-17 09:32:00,5.1919937,2.0,Honolulu
2024-12-17 10:00:00,5.1919937,2.0,Honolulu
2024-12-17 10:01:00,5.1919937,2.0,Honolulu
2024-12-17 10:02:00,5.1919937,2.0,Honolulu
2024-12-17 10:30:00,5.1919937,2.0,Honolulu
2024-12-17 10:31:00,8.373386,23.0,Honolulu
2024-12-17 10:32:00,8.373386,23.0,Honolulu
2024-12-17 11:00:00,8.373386,23.0,Honolulu
2024-12-17 11:01:00,8.373386,23.0,Honolulu
2024-12-17 11:02:00,8.373386,23.0,Honolulu
2024-12-17 11:30:00,10.6261,0.0,Honolulu
2024-12-17 11:31:00,10.6261,0.0,Honolulu
2024-12-17 11:32:00,10.6261,0.0,Honolulu
2024-12-17 12:00:00,10.6261,0.0,Honolulu
2024-12-17 12:01:00,10.6261,0.0,Honolulu
2024-12-17 12:02:00,10.6261,0.0,Honolulu
2024-12-17 12:30:00,10.6261,0.0,Honolulu
2024-12-17 12:31:00,12.785069,0.0,Honolulu
2024-12-17 12:32:00,12.785069,0.0,Honolulu
2024-12-17 13:00:00,12.785069,0.0,Honolulu
2024-12-17 13:01:00,12.785069,0.0,Honolulu
2024-12-17 13:02:00,12.785069,0.0,Honolulu
2024-12-17 13:30:00,13.608762,1.0,Honolulu
2024-12-17 13:31:00,13.608762,1.0,Honolulu
2024-12-17 13:32:00,13.608762,1.0,Honolulu
2024-12-17 14:00:00,13.608762,1.0,Honolulu
2024-12-17 14:01:00,13.608762,1.0,Honolulu
2024-12-17 14:02:00,13.608762,1.0,Honolulu
2024-12-17 14:30:00,13.608762,1.0,Honolulu
2024-12-17 14:31:00,11.638917,12.0,Honolulu
2024-12-17 14:32:00,11.638917,12.0,Honolulu
2024-12-17 15:00:00,11.638917,12.0,Honolulu
2024-12-17 15:01:00,11.638917,12.0,Honolulu
2024-12-17 15:02:00,11.638917,12.0,Honolulu
2024-12-17 15:30:00,9.840914,13.0,Honolulu
2024-12-17 15:31:00,9.840914,13.0,Honolulu
2024-12-17 15:32:00,9.840914,13.0,Honolulu
2024-12-17 16:00:00,9.840914,13.0,Honolulu
2024-12-17 16:01:00,9.840914,13.0,Honolulu
2024-12-17 16:02:00,9.840914,13.0,Honolulu
2024-12-17 16:30:00,9.840914,13.0,Honolulu
2024-12-17 16:31:00,8.415842,10.0,Honolulu
2024-12-17 16:32:00,8.415842,10.0,Honolulu
2024-12-17 17:00:00,8.415842,10.0,Honolulu
2024-12-17 17:01:00,8.415842,10.0,Honolulu
2024-12-17 17:02:00,8.415842,10.0,Honolulu
2024-12-17 17:30:00,4.965521,4.0,Honolulu
2024-12-17 17:31:00,4.965521,4.0,Honolulu
2024-12-17 17:32:00,4.965521,4.0,Honolulu
2024-12-17 18:00:00,4.965521,4.0,Honolulu
2024-12-17 18:01:00,4.965521,4.0,Honolulu
2024-12-17 18:02:00,4.965521,4.0,Honolulu
2024-12-17 18:30:00,4.965521,4.0,Honolulu
2024-12-17 18:31:00,4.6102495,1.0,Honolulu
2024-12-17 18:32:00,4.6102495,1.0,Honolulu
2024-12-17 19:00:00,4.6102495,1.0,Honolulu
2024-12-17 19:01:00,4.6102495,1.0,Honolulu
2024-12-17 19:02:00,4.6102495,1.0,Honolulu
2024-12-17 19:30:00,4.39436,0.0,Honolulu
2024-12-17 19:31:00,4.39436,0.0,Honolulu
2024-12-17 19:32:00,4.39436,0.0,Honolulu
2024-12-17 20:00:00,4.39436,0.0,Honolulu
2024-12-17 20:01:00,4.39436,0.0,Honolulu
2024-12-17 20:02:00,4.39436,0.0,Honolulu
2024-12-17 20:30:00,4.39436,0.0,Honolulu
2024-12-17 20:31:00,3.9312592,4.0,Honolulu
2024-12-17 20:32:00,3.9312592,4.0,Honolulu
2024-12-17 21:00:00,3.9312592,4.0,Honolulu
2024-12-17 21:01:00,3.9312592,4.0,Honolulu
2024-12-17 21:02:00,3.9312592,4.0,Honolulu
2024-12-17 21:30:00,3.604497,7.0,Honolulu
2024-12-17 21:31:00,3.604497,7.0,Honolulu
2024-12-17 21:32:00,3.604497,7.0,Honolulu
2024-12-17 22:00:00,3.604497,7.0,Honolulu
2024-12-17 22:01:00,3.604497,7.0,Honolulu
2024-12-17 22:02:00,3.604497,7.0,Honolulu
2024-12-17 22:30:00,3.604497,7.0,Honolulu
2024-12-17 22:31:00,3.244996,5.0,Honolulu
2024-12-17 22:32:00,3.244996,5.0,Honolulu
2024-12-17 23:00:00,3.244996,5.0,Honolulu
2024-12-17 23:01:00,3.244996,5.0,Honolulu
2024-12-17 23:02:00,3.244996,5.0,Honolulu
2024-12-17 23:30:00,4.2481523,13.0,Honolulu
2024-12-17 23:31:00,4.2481523,13.0,Honolulu
2024-12-17 23:32:00,4.2481523,13.0,Honolulu
2024-12-18 00:00:00,4.2481523,13.0,Honolulu
2024-12-18 00:01:00,4.2481523,13.0,Honolulu
2024-12-18 00:02:00,4.2481523,13.0,Honolulu
2024-12-18 00:30:00,4.2481523,13.0,Honolulu
2024-12-18 00:31:00,4.6452556,26.0,Honolulu
2024-12-18 00:32:00,4.6452556,26.0,Honolulu
2024-12-18 01:00:00,4.6452556,26.0,Honolulu
2024-12-18 01:01:00,4.6452556,26.0,Honolulu
2024-12-18 01:02:00,4.6452556,26.0,Honolulu
2024-12-18 01:30:00,3.8939953,27.0,Honolulu
2024-12-18 01:31:00,3.8939953,27.0,Honolulu
2024-12-18 01:32:00,3.8939953,27.0,Honolulu
2024-12-18 02:00:00,3.8939953,27.0,Honolulu
2024-12-18 02:01:00,3.8939953,27.0,Honolulu
2024-12-18 02:02:00,3.8939953,27.0,Honolulu
2024-12-18 02:30:00,3.8939953,27.0,Honolulu
2024-12-18 02:31:00,0.6489992,2.0,Honolulu
2024-12-18 02:32:00,0.6489992,2.0,Honolulu
2024-12-18 03:00:00,0.6489992,2.0,Honolulu
2024-12-18 03:01:00,0.6489992,2.0,Honolulu
2024-12-18 03:02:00,0.6489992,2.0,Honolulu
2024-12-18 03:30:00,3.2048087,17.0,Honolulu
2024-12-18 03:31:00,3.2048087,17.0,Honolulu
2024-12-18 03:32:00,3.2048087,17.0,Honolulu
2024-12-18 04:00:00,3.2048087,17.0,Honolulu
2024-12-18 04:01:00,3.2048087,17.0,Honolulu
2024-12-18 04:02:00,3.2048087,17.0,Honolulu
2024-12-18 04:30:00,3.2048087,17.0,Honolulu
2024-12-18 04:31:00,2.8460498,26.0,Honolulu
2024-12-18 04:32:00,2.8460498,26.0,Honolulu
2024-12-18 05:00:00,2.8460498,26.0,Honolulu
2024-12-18 05:01:00,2.8460498,26.0,Honolulu
2024-12-18 05:02:00,2.8460498,26.0,Honolulu
2024-12-18 05:30:00,1.2727921,30.0,Honolulu
2024-12-18 05:31:00,1.2727921,30.0,Honolulu
2024-12-18 05:32:00,1.2727921,30.0,Honolulu
2024-12-18 06:00:00,1.2727921,30.0,Honolulu
2024-12-18 06:01:00,1.2727921,30.0,Honolulu
2024-12-18 06:02:00,1.2727921,30.0,Honolulu
2024-12-18 06:30:00,1.2727921,30.0,Honolulu
2024-12-18 06:31:00,1.2074767,94.0,Honolulu
2024-12-18 06:32:00,1.2074767,94.0,Honolulu
2024-12-18 07:00:00,1.2074767,94.0,Honolulu
2024-12-18 07:01:00,1.2074767,94.0,Honolulu
2024-12-18 07:02:00,1.2074767,94.0,Honolulu
2024-12-18 07:30:00,2.5582807,19.0,Honolulu
2024-12-18 07:31:00,2.5582807,19.0,Honolulu
2024-12-18 07:32:00,2.5582807,19.0,Honolulu
2024-12-18 08:00:00,2.5582807,19.0,Honolulu
2024-12-18 08:01:00,2.5582807,19.0,Honolulu
2024-12-18 08:02:00,2.5582807,19.0,Honolulu
2024-12-18 08:30:00,2.5582807,19.0,Honolulu
2024-12-18 08:31:00,5.8631387,56.0,Honolulu
2024-12-18 08:32:00,5.8631387,56.0,Honolulu
2024-12-18 09:00:00,5.8631387,56.0,Honolulu
2024-12-18 09:01:00,5.8631387,56.0,Honolulu
2024-12-18 09:02:00,5.8631387,56.0,Honolulu
2024-12-18 09:30:00,8.4042845,64.0,Honolulu
2024-12-18 09:31:00,8.4042845,64.0,Honolulu
2024-12-18 09:32:00,8.4042845,64.0,Honolulu
2024-12-18 10:00:00,8.4042845,64.0,Honolulu
2024-12-18 10:01:00,8.4042845,64.0,Honolulu
2024-12-18 10:02:00,8.4042845,64.0,Honolulu
2024-12-18 10:30:00,8.4042845,64.0,Honolulu
2024-12-18 10:31:00,9.499157,45.0,Honolulu
2024-12-18 10:32:00,9.499157,45.0,Honolulu
2024-12-18 11:00:00,9.499157,45.0,Honolulu
2024-12-18 11:01:00,9.499157,45.0,Honolulu
2024-12-18 11:02:00,9.499157,45.0,Honolulu
2024-12-18 11:30:00,8.65873,39.0,Honolulu
2024-12-18 11:31:00,8.65873,39.0,Honolulu
2024-12-18 11:32:00,8.65873,39.0,Honolulu
2024-12-18 12:00:00,8.65873,39.0,Honolulu
2024-12-18 12:01:00,8.65873,39.0,Honolulu
2024-12-18 12:02:00,8.65873,39.0,Honolulu
2024-12-18 12:30:00,8.65873,39.0,Honolulu
2024-12-18 12:31:00,10.134496,7.0,Honolulu
2024-12-18 12:32:00,10.134496,7.0,Honolulu
2024-12-18 13:00:00,10.134496,7.0,Honolulu
2024-12-18 13:01:00,10.134496,7.0,Honolulu
2024-12-18 13:02:00,10.134496,7.0,Honolulu
2024-12-18 13:30:00,11.726277,6.0,Honolulu
2024-12-18 13:31:00,11.726277,6.0,Honolulu
2024-12-18 13:32:00,11.726277,6.0,Honolulu
2024-12-18 14:00:00,11.726277,6.0,Honolulu
2024-12-18 14:01:00,11.726277,6.0,Honolulu
2024-12-18 14:02:00,11.726277,6.0,Honolulu
2024-12-18 14:30:00,11.726277,6.0,Honolulu
2024-12-18 14:31:00,6.379216,33.0,Honolulu
2024-12-18 14:32:00,6.379216,33.0,Honolulu
2024-12-18 15:00:00,6.379216,33.0,Honolulu
2024-12-18 15:01:00,6.379216,33.0,Honolulu
2024-12-18 15:02:00,6.379216,33.0,Honolulu
2024-12-18 15:30:00,7.771331,69.0,Honolulu
2024-12-18 15:31:00,7.771331,69.0,Honolulu
2024-12-18 15:32:00,7.771331,69.0,Honolulu
2024-12-18 16:00:00,7.771331,69.0,Honolulu
2024-12-18 16:01:00,7.771331,69.0,Honolulu
2024-12-18 16:02:00,7.771331,69.0,Honolulu
2024-12-18 16:30:00,7.771331,69.0,Honolulu
2024-12-18 16:31:00,6.9480934,67.0,Honolulu
2024-12-18 16:32:00,6.9480934,67.0,Honolulu
2024-12-18 17:00:00,6.9480934,67.0,Honolulu
2024-12-18 17:01:00,6.9480934,67.0,Honolulu
2024-12-18 17:02:00,6.9480934,67.0,Honolulu
2024-12-18 17:30:00,3.0652893,56.0,Honolulu
2024-12-18 17:31:00,3.0652893,56.0,Honolulu
2024-12-18 17:32:00,3.0652893,56.0,Honolulu
2024-12-18 18:00:00,3.0652893,56.0,Honolulu
2024-12-18 18:01:00,3.0652893,56.0,Honolulu
2024-12-18 18:02:00,3.0652893,56.0,Honolulu
2024-12-18 18:30:00,3.0652893,56.0,Honolulu
2024-12-18 18:31:00,2.5455842,42.0,Honolulu
2024-12-18 18:32:00,2.5455842,42.0,Honolulu
2024-12-18 19:00:00,2.5455842,42.0,Honolulu
2024-12-18 19:01:00,2.5455842,42.0,Honolulu
2024-12-18 19:02:00,2.5455842,42.0,Honolulu
2024-12-18 19:30:00,2.7943513,33.0,Honolulu
2024-12-18 19:31:00,2.7943513,33.0,Honolulu
2024-12-18 19:32:00,2.7943513,33.0,Honolulu
2024-12-18 20:00:00,2.7943513,33.0,Honolulu
2024-12-18 20:01:00,2.7943513,33.0,Honolulu
2024-12-18 20:02:00,2.7943513,33.0,Honolulu
2024-12-18 20:30:00,2.7943513,33.0,Honolulu
2024-12-18 20:31:00,3.1072817,5.0,Honolulu
2024-12-18 20:32:00,3.1072817,5.0,Honolulu
2024-12-18 21:00:00,3.1072817,5.0,Honolulu
2024-12-18 21:01:00,3.1072817,5.0,Honolulu
2024-12-18 21:02:00,3.1072817,5.0,Honolulu
2024-12-18 21:30:00,3.244996,1.0,Honolulu
2024-12-18 21:31:00,3.244996,1.0,Honolulu
2024-12-18 21:32:00,3.244996,1.0,Honolulu
2024-12-18 22:00:00,3.244996,1.0,Honolulu
2024-12-18 22:01:00,3.244996,1.0,Honolulu
2024-12-18 22:02:00,3.244996,1.0,Honolulu
2024-12-18 22:30:00,3.244996,1.0,Honolulu
2024-12-18 22:31:00,2.7943513,1.0,Honolulu
2024-12-18 22:32:00,2.7943513,1.0,Honolulu
2024-12-18 23:00:00,2.7943513,1.0,Honolulu
2024-12-18 23:01:00,2.7943513,1.0,Honolulu
2024-12-18 23:02:00,2.7943513,1.0,Honolulu
2024-12-18 23:30:00,3.6,1.0,Honolulu
2024-12-18 23:31:00,3.6,1.0,Honolulu
2024-12-18 23:32:00,3.6,1.0,Honolulu
2024-12-19 00:00:00,3.6,1.0,Honolulu
2024-12-19 00:01:00,3.6,1.0,Honolulu
2024-12-19 00:02:00,3.6,1.0,Honolulu
2024-12-19 00:30:00,3.6,1.0,Honolulu
2024-12-19 00:31:00,3.2048087,10.0,Honolulu
2024-12-19 00:32:00,3.2048087,10.0,Honolulu
2024-12-19 01:00:00,3.2048087,10.0,Honolulu
2024-12-19 01:01:00,3.2048087,10.0,Honolulu
2024-12-19 01:02:00,3.2048087,10.0,Honolulu
2024-12-19 01:30:00,1.5379207,94.0,Honolulu
2024-12-19 01:31:00,1.5379207,94.0,Honolulu
2024-12-19 01:32:00,1.5379207,94.0,Honolulu
2024-12-19 02:00:00,1.5379207,94.0,Honolulu
2024-12-19 02:01:00,1.5379207,94.0,Honolulu
2024-12-19 02:02:00,1.5379207,94.0,Honolulu
2024-12-19 02:30:00,1.5379207,94.0,Honolulu
2024-12-19 02:31:00,2.4149535,97.0,Honolulu
2024-12-19 02:32:00,2.4149535,97.0,Honolulu
2024-12-19 03:00:00,2.4149535,97.0,Honolulu
2024-12-19 03:01:00,2.4149535,97.0,Honolulu
2024-12-19 03:02:00,2.4149535,97.0,Honolulu
2024-12-19 03:30:00,2.5772076,95.0,Honolulu
2024-12-19 03:31:00,2.5772076,95.0,Honolulu
2024-12-19 03:32:00,2.5772076,95.0,Honolulu
2024-12-19 04:00:00,2.5772076,95.0,Honolulu
2024-12-19 04:01:00,2.5772076,95.0,Honolulu
2024-12-19 04:02:00,2.5772076,95.0,Honolulu
2024-12-19 04:30:00,2.5772076,95.0,Honolulu
2024-12-19 04:31:00,1.6981165,96.0,Honolulu
2024-12-19 04:32:00,1.6981165,96.0,Honolulu
2024-12-19 05:00:00,1.6981165,96.0,Honolulu
2024-12-19 05:01:00,1.6981165,96.0,Honolulu
2024-12-19 05:02:00,1.6981165,96.0,Honolulu
2024-12-19 05:30:00,1.8,95.0,Honolulu
2024-12-19 05:31:00,1.8,95.0,Honolulu
2024-12-19 05:32:00,1.8,95.0,Honolulu
2024-12-19 06:00:00,1.8,95.0,Honolulu
2024-12-19 06:01:00,1.8,95.0,Honolulu
2024-12-19 06:02:00,1.8,95.0,Honolulu
2024-12-19 06:30:00,1.8,95.0,Honolulu
2024-12-19 06:31:00,2.0124612,95.0,Honolulu
2024-12-19 06:32:00,2.0124612,95.0,Honolulu
2024-12-19 07:00:00,2.0124612,95.0,Honolulu
2024-12-19 07:01:00,2.0124612,95.0,Honolulu
2024-12-19 07:02:00,2.0124612,95.0,Honolulu
2024-12-19 07:30:00,2.9301877,90.0,Honolulu
2024-12-19 07:31:00,2.9301877,90.0,Honolulu
2024-12-19 07:32:00,2.9301877,90.0,Honolulu
2024-12-19 08:00:00,2.9301877,90.0,Honolulu
2024-12-19 08:01:00,2.9301877,90.0,Honolulu
2024-12-19 08:02:00,2.9301877,90.0,Honolulu
2024-12-19 08:30:00,2.9301877,90.0,Honolulu
2024-12-19 08:31:00,3.4152596,4.0,Honolulu
2024-12-19 08:32:00,3.4152596,4.0,Honolulu
2024-12-19 09:00:00,3.4152596,4.0,Honolulu
2024-12-19 09:01:00,3.4152596,4.0,Honolulu
2024-12-19 09:02:00,3.4152596,4.0,Honolulu
2024-12-19 09:30:00,2.8460498,0.0,Honolulu
2024-12-19 09:31:00,2.8460498,0.0,Honolulu
2024-12-19 09:32:00,2.8460498,0.0,Honolulu
2024-12-19 10:00:00,2.8460498,0.0,Honolulu
2024-12-19 10:01:00,2.8460498,0.0,Honolulu
2024-12-19 10:02:00,2.8460498,0.0,Honolulu
2024-12-19 10:30:00,2.8460498,0.0,Honolulu
2024-12-19 10:31:00,3.0547013,52.0,Honolulu
2024-12-19 10:32:00,3.0547013,52.0,Honolulu
2024-12-19 11:00:00,3.0547013,52.0,Honolulu
2024-12-19 11:01:00,3.0547013,52.0,Honolulu
2024-12-19 11:02:00,3.0547013,52.0,Honolulu
2024-12-19 11:30:00,4.6102495,77.0,Honolulu
2024-12-19 11:31:00,4.6102495,77.0,Honolulu
2024-12-19 11:32:00,4.6102495,77.0,Honolulu
2024-12-19 12:00:00,4.6102495,77.0,Honolulu
2024-12-19 12:01:00,4.6102495,77.0,Honolulu
2024-12-19 12:02:00,4.6102495,77.0,Honolulu
2024-12-19 12:30:00,4.6102495,77.0,Honolulu
2024-12-19 12:31:00,6.542201,37.0,Honolulu
2024-12-19 12:32:00,6.542201,37.0,Honolulu
2024-12-19 13:00:00,6.542201,37.0,Honolulu
2024-12-19 13:01:00,6.542201,37.0,Honolulu
2024-12-19 13:02:00,6.542201,37.0,Honolulu
2024-12-19 13:30:00,6.778141,96.0,Honolulu
2024-12-19 13:31:00,6.778141,96.0,Honolulu
2024-12-19 13:32:00,6.778141,96.0,Honolulu
2024-12-19 14:00:00,6.778141,96.0,Honolulu
2024-12-19 14:01:00,6.778141,96.0,Honolulu
2024-12-19 14:02:00,6.778141,96.0,Honolulu
2024-12-19 14:30:00,6.778141,96.0,Honolulu
2024-12-19 14:31:00,5.12289,100.0,Honolulu
2024-12-19 14:32:00,5.12289,100.0,Honolulu
2024-12-19 15:00:00,5.12289,100.0,Honolulu
2024-12-19 15:01:00,5.12289,100.0,Honolulu
2024-12-19 15:02:00,5.12289,100.0,Honolulu
2024-12-19 15:30:00,2.9301877,100.0,Honolulu
2024-12-19 15:31:00,2.9301877,100.0,Honolulu
2024-12-19 15:32:00,2.9301877,100.0,Honolulu
2024-12-19 16:00:00,2.9301877,100.0,Honolulu
2024-12-19 16:01:00,2.9301877,100.0,Honolulu
2024-12-19 16:02:00,2.9301877,100.0,Honolulu
2024-12-19 16:30:00,2.9301877,100.0,Honolulu
2024-12-19 16:31:00,1.5379207,100.0,Honolulu
2024-12-19 16:32:00,1.5379207,100.0,Honolulu
2024-12-19 17:00:00,1.5379207,100.0,Honolulu
2024-12-19 17:01:00,1.5379207,100.0,Honolulu
2024-12-19 17:02:00,1.5379207,100.0,Honolulu
2024-12-19 17:30:00,2.9024127,100.0,Honolulu
2024-12-19 17:31:00,2.9024127,100.0,Honolulu
2024-12-19 17:32:00,2.9024127,100.0,Honolulu
2024-12-19 18:00:00,2.9024127,100.0,Honolulu
2024-12-19 18:01:00,2.9024127,100.0,Honolulu
2024-12-19 18:02:00,2.9024127,100.0,Honolulu
2024-12-19 18:30:00,2.9024127,100.0,Honolulu
2024-12-19 18:31:00,4.86,100.0,Honolulu
2024-12-19 18:32:00,4.86,100.0,Honolulu
2024-12-19 19:00:00,4.86,100.0,Honolulu
2024-12-19 19:01:00,4.86,100.0,Honolulu
2024-12-19 19:02:00,4.86,100.0,Honolulu
2024-12-19 19:30:00,6.482499,100.0,Honolulu
2024-12-19 19:31:00,6.482499,100.0,Honolulu
2024-12-19 19:32:00,6.482499,100.0,Honolulu
2024-12-19 20:00:00,6.482499,100.0,Honolulu
2024-12-19 20:01:00,6.482499,100.0,Honolulu
2024-12-19 20:02:00,6.482499,100.0,Honolulu
2024-12-19 20:30:00,6.482499,100.0,Honolulu
2024-12-19 20:31:00,6.6818557,72.0,Honolulu
2024-12-19 20:32:00,6.6818557,72.0,Honolulu
2024-12-19 21:00:00,6.6818557,72.0,Honolulu
2024-12-19 21:01:00,6.6818557,72.0,Honolulu
2024-12-19 21:02:00,6.6818557,72.0,Honolulu
2024-12-19 21:30:00,6.1226463,34.0,Honolulu
2024-12-19 21:31:00,6.1226463,34.0,Honolulu
2024-12-19 21:32:00,6.1226463,34.0,Honolulu
2024-12-19 22:00:00,6.1226463,34.0,Honolulu
2024-12-19 22:01:00,6.1226463,34.0,Honolulu
2024-12-19 22:02:00,6.1226463,34.0,Honolulu
2024-12-19 22:30:00,6.1226463,34.0,Honolulu
2024-12-19 22:31:00,5.0911684,22.0,Honolulu
2024-12-19 22:32:00,5.0911684,22.0,Honolulu
2024-12-19 23:00:00,5.0911684,22.0,Honolulu
2024-12-19 23:01:00,5.0911684,22.0,Honolulu
2024-12-19 23:02:00,5.0911684,22.0,Honolulu
2024-12-19 23:30:00,4.5572357,17.0,Honolulu
2024-12-19 23:31:00,4.5572357,17.0,Honolulu
2024-12-19 23:32:00,4.5572357,17.0,Honolulu
2024-12-20 00:00:00,4.5572357,17.0,Honolulu
2024-12-20 00:01:00,4.5572357,17.0,Honolulu
2024-12-20 00:02:00,4.5572357,17.0,Honolulu
2024-12-20 00:30:00,4.5572357,17.0,Honolulu
2024-12-20 00:31:00,3.244996,19.0,Honolulu
2024-12-20 00:32:00,3.244996,19.0,Honolulu
2024-12-20 01:00:00,3.244996,19.0,Honolulu
2024-12-20 01:01:00,3.244996,19.0,Honolulu
2024-12-20 01:02:00,3.244996,19.0,Honolulu
2024-12-20 01:30:00,5.2694216,18.0,Honolulu
2024-12-20 01:31:00,5.2694216,18.0,Honolulu
2024-12-20 01:32:00,5.2694216,18.0,Honolulu
2024-12-20 02:00:00,5.2694216,18.0,Honolulu
2024-12-20 02:01:00,5.2694216,18.0,Honolulu
2024-12-20 02:02:00,5.2694216,18.0,Honolulu
2024-12-20 02:30:00,5.2694216,18.0,Honolulu
2024-12-20 02:31:00,4.0249224,14.0,Honolulu
2024-12-20 02:32:00,4.0249224,14.0,Honolulu
2024-12-20 03:00:00,4.0249224,14.0,Honolulu
2024-12-20 03:01:00,4.0249224,14.0,Honolulu
2024-12-20 03:02:00,4.0249224,14.0,Honolulu
2024-12-20 03:30:00,2.9024127,16.0,Honolulu
2024-12-20 03:31:00,2.9024127,16.0,Honolulu
2024-12-20 03:32:00,2.9024127,16.0,Honolulu
2024-12-20 04:00:00,2.9024127,16.0,Honolulu
2024-12-20 04:01:00,2.9024127,16.0,Honolulu
2024-12-20 04:02:00,2.9024127,16.0,Honolulu
2024-12-20 04:30:00,2.9024127,16.0,Honolulu
2024-12-20 04:31:00,2.5959969,27.0,Honolulu
2024-12-20 04:32:00,2.5959969,27.0,Honolulu
2024-12-20 05:00:00,2.5959969,27.0,Honolulu
2024-12-20 05:01:00,2.5959969,27.0,Honolulu
2024-12-20 05:02:00,2.5959969,27.0,Honolulu
2024-12-20 05:30:00,2.9024127,27.0,Honolulu
2024-12-20 05:31:00,2.9024127,27.0,Honolulu
2024-12-20 05:32:00,2.9024127,27.0,Honolulu
2024-12-20 06:00:00,2.9024127,27.0,Honolulu
2024-12-20 06:01:00,2.9024127,27.0,Honolulu
2024-12-20 06:02:00,2.9024127,27.0,Honolulu
2024-12-20 06:30:00,2.9024127,27.0,Honolulu
2024-12-20 06:31:00,3.1072817,37.0,Honolulu
2024-12-20 06:32:00,3.1072817,37.0,Honolulu
2024-12-20 07:00:00,3.1072817,37.0,Honolulu
2024-12-20 07:01:00,3.1072817,37.0,Honolulu
2024-12-20 07:02:00,3.1072817,37.0,Honolulu
2024-12-20 07:30:00,3.8773184,35.0,Honolulu
2024-12-20 07:31:00,3.8773184,35.0,Honolulu
2024-12-20 07:32:00,3.8773184,35.0,Honolulu
2024-12-20 08:00:00,3.8773184,35.0,Honolulu
2024-12-20 08:01:00,3.8773184,35.0,Honolulu
2024-12-20 08:02:00,3.8773184,35.0,Honolulu
2024-12-20 08:30:00,3.8773184,35.0,Honolulu
2024-12-20 08:31:00,4.5891175,50.0,Honolulu
2024-12-20 08:32:00,4.5891175,50.0,Honolulu
2024-12-20 09:00:00,4.5891175,50.0,Honolulu
2024-12-20 09:01:00,4.5891175,50.0,Honolulu
2024-12-20 09:02:00,4.5891175,50.0,Honolulu
2024-12-20 09:30:00,6.6818557,58.0,Honolulu
2024-12-20 09:31:00,6.6818557,58.0,Honolulu
2024-12-20 09:32:00,6.6818557,58.0,Honolulu
2024-12-20 10:00:00,6.6818557,58.0,Honolulu
2024-12-20 10:01:00,6.6818557,58.0,Honolulu
2024-12-20 10:02:00,6.6818557,58.0,Honolulu
2024-12-20 10:30:00,6.6818557,58.0,Honolulu
2024-12-20 10:31:00,7.3094187,69.0,Honolulu
2024-12-20 10:32:00,7.3094187,69.0,Honolulu
2024-12-20 11:00:00,7.3094187,69.0,Honolulu
2024-12-20 11:01:00,7.3094187,69.0,Honolulu
2024-12-20 11:02:00,7.3094187,69.0,Honolulu
2024-12-20 11:30:00,7.7734165,68.0,Honolulu
2024-12-20 11:31:00,7.7734165,68.0,Honolulu
2024-12-20 11:32:00,7.7734165,68.0,Honolulu
2024-12-20 12:00:00,7.7734165,68.0,Honolulu
2024-12-20 12:01:00,7.7734165,68.0,Honolulu
2024-12-20 12:02:00,7.7734165,68.0,Honolulu
2024-12-20 12:30:00,7.7734165,68.0,Honolulu
2024-12-20 12:31:00,7.989242,34.0,Honolulu
2024-12-20 12:32:00,7.989242,34.0,Honolulu
2024-12-20 13:00:00,7.989242,34.0,Honolulu
2024-12-20 13:01:00,7.989242,34.0,Honolulu
2024-12-20 13:02:00,7.989242,34.0,Honolulu
2024-12-20 13:30:00,7.973005,78.0,Honolulu
2024-12-20 13:31:00,7.973005,78.0,Honolulu
2024-12-20 13:32:00,7.973005,78.0,Honolulu
2024-12-20 14:00:00,7.973005,78.0,Honolulu
2024-12-20 14:01:00,7.973005,78.0,Honolulu
2024-12-20 14:02:00,7.973005,78.0,Honolulu
2024-12-20 14:30:00,7.973005,78.0,Honolulu
2024-12-20 14:31:00,4.143911,50.0,Honolulu
2024-12-20 14:32:00,4.143911,50.0,Honolulu
2024-12-20 15:00:00,4.143911,50.0,Honolulu
2024-12-20 15:01:00,4.143911,50.0,Honolulu
2024-12-20 15:02:00,4.143911,50.0,Honolulu
2024-12-20 15:30:00,2.9301877,91.0,Honolulu
2024-12-20 15:31:00,2.9301877,91.0,Honolulu
2024-12-20 15:32:00,2.9301877,91.0,Honolulu
2024-12-20 16:00:00,2.9301877,91.0,Honolulu
2024-12-20 16:01:00,2.9301877,91.0,Honolulu
2024-12-20 16:02:00,2.9301877,91.0,Honolulu
2024-12-20 16:30:00,2.9301877,91.0,Honolulu
2024-12-20 16:31:00,2.5455842,79.0,Honolulu
2024-12-20 16:32:00,2.5455842,79.0,Honolulu
2024-12-20 17:00:00,2.5455842,79.0,Honolulu
2024-12-20 17:01:00,2.5455842,79.0,Honolulu
2024-12-20 17:02:00,2.5455842,79.0,Honolulu
2024-12-20 17:30:00,1.08,100.0,Honolulu
2024-12-20 17:31:00,1.08,100.0,Honolulu
2024-12-20 17:32:00,1.08,100.0,Honolulu
2024-12-20 18:00:00,1.08,100.0,Honolulu
2024-12-20 18:01:00,1.08,100.0,Honolulu
2024-12-20 18:02:00,1.08,100.0,Honolulu
2024-12-20 18:30:00,1.08,100.0,Honolulu
2024-12-20 18:31:00,2.3400002,100.0,Honolulu
2024-12-20 18:32:00,2.3400002,100.0,Honolulu
2024-12-20 19:00:00,2.3400002,100.0,Honolulu
2024-12-20 19:01:00,2.3400002,100.0,Honolulu
2024-12-20 19:02:00,2.3400002,100.0,Honolulu
2024-12-20 19:30:00,3.2599385,99.0,Honolulu
2024-12-20 19:31:00,3.2599385,99.0,Honolulu
2024-12-20 19:32:00,3.2599385,99.0,Honolulu
2024-12-20 20:00:00,3.2599385,99.0,Honolulu
2024-12-20 20:01:00,3.2599385,99.0,Honolulu
2024-12-20 20:02:00,3.2599385,99.0,Honolulu
2024-12-20 20:30:00,3.2599385,99.0,Honolulu
2024-12-20 20:31:00,4.5572357,2.0,Honolulu
2024-12-20 20:32:00,4.5572357,2.0,Honolulu
2024-12-20 21:00:00,4.5572357,2.0,Honolulu
2024-12-20 21:01:00,4.5572357,2.0,Honolulu
2024-12-20 21:02:00,4.5572357,2.0,Honolulu
2024-12-20 21:30:00,3.8856654,13.0,Honolulu
2024-12-20 21:31:00,3.8856654,13.0,Honolulu
2024-12-20 21:32:00,3.8856654,13.0,Honolulu
2024-12-20 22:00:00,3.8856654,13.0,Honolulu
2024-12-20 22:01:00,3.8856654,13.0,Honolulu
2024-12-20 22:02:00,3.8856654,13.0,Honolulu
2024-12-20 22:30:00,3.8856654,13.0,Honolulu
2024-12-20 22:31:00,3.143565,43.0,Honolulu
2024-12-20 22:32:00,3.143565,43.0,Honolulu
2024-12-20 23:00:00,3.143565,43.0,Honolulu
2024-12-20 23:01:00,3.143565,43.0,Honolulu
2024-12-20 23:02:00,3.143565,43.0,Honolulu
2024-12-20 23:30:00,2.1068459,16.0,Honolulu
2024-12-20 23:31:00,2.1068459,16.0,Honolulu
2024-12-20 23:32:00,2.1068459,16.0,Honolulu
2024-12-21 00:00:00,2.1068459,16.0,Honolulu
2024-12-21 00:01:00,2.1068459,16.0,Honolulu
2024-12-21 00:02:00,2.1068459,16.0,Honolulu
2024-12-21 00:30:00,2.1068459,16.0,Honolulu
2024-12-21 00:31:00,1.8089776,42.0,Honolulu
2024-12-21 00:32:00,1.8089776,42.0,Honolulu
2024-12-21 01:00:00,1.8089776,42.0,Honolulu
2024-12-21 01:01:00,1.8089776,42.0,Honolulu
2024-12-21 01:02:00,1.8089776,42.0,Honolulu
2024-12-21 01:30:00,2.6208394,21.0,Honolulu
2024-12-21 01:31:00,2.6208394,21.0,Honolulu
2024-12-21 01:32:00,2.6208394,21.0,Honolulu
2024-12-21 02:00:00,2.6208394,21.0,Honolulu
2024-12-21 02:01:00,2.6208394,21.0,Honolulu
2024-12-21 02:02:00,2.6208394,21.0,Honolulu
2024-12-21 02:30:00,2.6208394,21.0,Honolulu
2024-12-21 02:31:00,3.62243,68.0,Honolulu
2024-12-21 02:32:00,3.62243,68.0,Honolulu
2024-12-21 03:00:00,3.62243,68.0,Honolulu
2024-12-21 03:01:00,3.62243,68.0,Honolulu
2024-12-21 03:02:00,3.62243,68.0,Honolulu
2024-12-21 03:30:00,4.186693,48.0,Honolulu
2024-12-21 03:31:00,4.186693,48.0,Honolulu
2024-12-21 03:32:00,4.186693,48.0,Honolulu
2024-12-21 04:00:00,4.186693,48.0,Honolulu
2024-12-21 04:01:00,4.186693,48.0,Honolulu
2024-12-21 04:02:00,4.186693,48.0,Honolulu
2024-12-21 04:30:00,4.186693,48.0,Honolulu
2024-12-21 04:31:00,3.8141315,41.0,Honolulu
2024-12-21 04:32:00,3.8141315,41.0,Honolulu
2024-12-21 05:00:00,3.8141315,41.0,Honolulu
2024-12-21 05:01:00,3.8141315,41.0,Honolulu
2024-12-21 05:02:00,3.8141315,41.0,Honolulu
2024-12-21 05:30:00,2.6758924,91.0,Honolulu
2024-12-21 05:31:00,2.6758924,91.0,Honolulu
2024-12-21 05:32:00,2.6758924,91.0,Honolulu
2024-12-21 06:00:00,2.6758924,91.0,Honolulu
2024-12-21 06:01:00,2.6758924,91.0,Honolulu
2024-12-21 06:02:00,2.6758924,91.0,Honolulu
2024-12-21 06:30:00,2.6758924,91.0,Honolulu
2024-12-21 06:31:00,2.0523157,4.0,Honolulu
2024-12-21 06:32:00,2.0523157,4.0,Honolulu
2024-12-21 07:00:00,2.0523157,4.0,Honolulu
2024-12-21 07:01:00,2.0523157,4.0,Honolulu
2024-12-21 07:02:00,2.0523157,4.0,Honolulu
2024-12-21 07:30:00,3.4247334,1.0,Honolulu
2024-12-21 07:31:00,3.4247334,1.0,Honolulu
2024-12-21 07:32:00,3.4247334,1.0,Honolulu
2024-12-21 08:00:00,3.4247334,1.0,Honolulu
2024-12-21 08:01:00,3.4247334,1.0,Honolulu
2024-12-21 08:02:00,3.4247334,1.0,Honolulu
2024-12-21 08:30:00,3.4247334,1.0,Honolulu
2024-12-21 08:31:00,3.7585104,0.0,Honolulu
2024-12-21 08:32:00,3.7585104,0.0,Honolulu
2024-12-21 09:00:00,3.7585104,0.0,Honolulu
2024-12-21 09:01:00,3.7585104,0.0,Honolulu
2024-12-21 09:02:00,3.7585104,0.0,Honolulu
2024-12-21 09:30:00,4.6102495,6.0,Honolulu
2024-12-21 09:31:00,4.6102495,6.0,Honolulu
2024-12-21 09:32:00,4.6102495,6.0,Honolulu
2024-12-21 10:00:00,4.6102495,6.0,Honolulu
2024-12-21 10:01:00,4.6102495,6.0,Honolulu
2024-12-21 10:02:00,4.6102495,6.0,Honolulu
2024-12-21 10:30:00,4.6102495,6.0,Honolulu
2024-12-21 10:31:00,5.7515564,28.0,Honolulu
2024-12-21 10:32:00,5.7515564,28.0,Honolulu
2024-12-21 11:00:00,5.7515564,28.0,Honolulu
2024-12-21 11:01:00,5.7515564,28.0,Honolulu
2024-12-21 11:02:00,5.7515564,28.0,Honolulu
2024-12-21 11:30:00,6.638072,98.0,Honolulu
2024-12-21 11:31:00,6.638072,98.0,Honolulu
2024-12-21 11:32:00,6.638072,98.0,Honolulu
2024-12-21 12:00:00,6.638072,98.0,Honolulu
2024-12-21 12:01:00,6.638072,98.0,Honolulu
2024-12-21 12:02:00,6.638072,98.0,Honolulu
2024-12-21 12:30:00,6.638072,98.0,Honolulu
2024-12-21 12:31:00,8.656858,100.0,Honolulu
2024-12-21 12:32:00,8.656858,100.0,Honolulu
2024-12-21 13:00:00,8.656858,100.0,Honolulu
2024-12-21 13:01:00,8.656858,100.0,Honolulu
2024-12-21 13:02:00,8.656858,100.0,Honolulu
2024-12-21 13:30:00,11.013882,71.0,Honolulu
2024-12-21 13:31:00,11.013882,71.0,Honolulu
2024-12-21 13:32:00,11.013882,71.0,Honolulu
2024-12-21 14:00:00,11.013882,71.0,Honolulu
2024-12-21 14:01:00,11.013882,71.0,Honolulu
2024-12-21 14:02:00,11.013882,71.0,Honolulu
2024-12-21 14:30:00,11.013882,71.0,Honolulu
2024-12-21 14:31:00,3.4388947,100.0,Honolulu
2024-12-21 14:32:00,3.4388947,100.0,Honolulu
2024-12-21 15:00:00,3.4388947,100.0,Honolulu
2024-12-21 15:01:00,3.4388947,100.0,Honolulu
2024-12-21 15:02:00,3.4388947,100.0,Honolulu
2024-12-21 15:30:00,1.4512063,98.0,Honolulu
2024-12-21 15:31:00,1.4512063,98.0,Honolulu
2024-12-21 15:32:00,1.4512063,98.0,Honolulu
2024-12-21 16:00:00,1.4512063,98.0,Honolulu
2024-12-21 16:01:00,1.4512063,98.0,Honolulu
2024-12-21 16:02:00,1.4512063,98.0,Honolulu
2024-12-21 16:30:00,1.4512063,98.0,Honolulu
2024-12-21 16:31:00,1.6299692,46.0,Honolulu
2024-12-21 16:32:00,1.6299692,46.0,Honolulu
2024-12-21 17:00:00,1.6299692,46.0,Honolulu
2024-12-21 17:01:00,1.6299692,46.0,Honolulu
2024-12-21 17:02:00,1.6299692,46.0,Honolulu
2024-12-21 17:30:00,0.5091169,19.0,Honolulu
2024-12-21 17:31:00,0.5091169,19.0,Honolulu
2024-12-21 17:32:00,0.5091169,19.0,Honolulu
2024-12-21 18:00:00,0.5091169,19.0,Honolulu
2024-12-21 18:01:00,0.5091169,19.0,Honolulu
2024-12-21 18:02:00,0.5091169,19.0,Honolulu
2024-12-21 18:30:00,0.5091169,19.0,Honolulu
2024-12-21 18:31:00,0.54,13.0,Honolulu
2024-12-21 18:32:00,0.54,13.0,Honolulu
2024-12-21 19:00:00,0.54,13.0,Honolulu
2024-12-21 19:01:00,0.54,13.0,Honolulu
2024-12-21 19:02:00,0.54,13.0,Honolulu
2024-12-21 19:30:00,0.17999999,2.0,Honolulu
2024-12-21 19:31:00,0.17999999,2.0,Honolulu
2024-12-21 19:32:00,0.17999999,2.0,Honolulu
2024-12-21 20:00:00,0.17999999,2.0,Honolulu
2024-12-21 20:01:00,0.17999999,2.0,Honolulu
2024-12-21 20:02:00,0.17999999,2.0,Honolulu
2024-12-21 20:30:00,0.17999999,2.0,Honolulu
2024-12-21 20:31:00,0.71999997,6.0,Honolulu
2024-12-21 20:32:00,0.71999997,6.0,Honolulu
2024-12-21 21:00:00,0.71999997,6.0,Honolulu
2024-12-21 21:01:00,0.71999997,6.0,Honolulu
2024-12-21 21:02:00,0.71999997,6.0,Honolulu
2024-12-21 21:30:00,1.6299692,2.0,Honolulu
2024-12-21 21:31:00,1.6299692,2.0,Honolulu
2024-12-21 21:32:00,1.6299692,2.0,Honolulu
2024-12-21 22:00:00,1.6299692,2.0,Honolulu
2024-12-21 22:01:00,1.6299692,2.0,Honolulu
2024-12-21 22:02:00,1.6299692,2.0,Honolulu
2024-12-21 22:30:00,1.6299692,2.0,Honolulu
2024-12-21 22:31:00,2.8116899,4.0,Honolulu
2024-12-21 22:32:00,2.8116899,4.0,Honolulu
2024-12-21 23:00:00,2.8116899,4.0,Honolulu
2024-12-21 23:01:00,2.8116899,4.0,Honolulu
2024-12-21 23:02:00,2.8116899,4.0,Honolulu
2024-12-21 23:30:00,5.728979,2.0,Honolulu
2024-12-21 23:31:00,5.728979,2.0,Honolulu
2024-12-21 23:32:00,5.728979,2.0,Honolulu
2024-12-22 00:00:00,5.728979,2.0,Honolulu
2024-12-22 00:01:00,5.728979,2.0,Honolulu
2024-12-22 00:02:00,5.728979,2.0,Honolulu
2024-12-22 00:30:00,5.728979,2.0,Honolulu
2024-12-22 00:31:00,6.269067,1.0,Honolulu
2024-12-22 00:32:00,6.269067,1.0,Honolulu
2024-12-22 01:00:00,6.269067,1.0,Honolulu
2024-12-22 01:01:00,6.269067,1.0,Honolulu
2024-12-22 01:02:00,6.269067,1.0,Honolulu
2024-12-22 01:30:00,6.4924874,7.0,Honolulu
2024-12-22 01:31:00,6.4924874,7.0,Honolulu
2024-12-22 01:32:00,6.4924874,7.0,Honolulu
2024-12-22 02:00:00,6.4924874,7.0,Honolulu
2024-12-22 02:01:00,6.4924874,7.0,Honolulu
2024-12-22 02:02:00,6.4924874,7.0,Honolulu
2024-12-22 02:30:00,6.4924874,7.0,Honolulu
2024-12-22 02:31:00,5.48631,6.0,Honolulu
2024-12-22 02:32:00,5.48631,6.0,Honolulu
2024-12-22 03:00:00,5.48631,6.0,Honolulu
2024-12-22 03:01:00,5.48631,6.0,Honolulu
2024-12-22 03:02:00,5.48631,6.0,Honolulu
2024-12-22 03:30:00,4.6102495,0.0,Honolulu
2024-12-22 03:31:00,4.6102495,0.0,Honolulu
2024-12-22 03:32:00,4.6102495,0.0,Honolulu
2024-12-22 04:00:00,4.6102495,0.0,Honolulu
2024-12-22 04:01:00,4.6102495,0.0,Honolulu
2024-12-22 04:02:00,4.6102495,0.0,Honolulu
2024-12-22 04:30:00,4.6102495,0.0,Honolulu
2024-12-22 04:31:00,3.9966483,5.0,Honolulu
2024-12-22 04:32:00,3.9966483,5.0,Honolulu
2024-12-22 05:00:00,3.9966483,5.0,Honolulu
2024-12-22 05:01:00,3.9966483,5.0,Honolulu
2024-12-22 05:02:00,3.9966483,5.0,Honolulu
2024-12-22 05:30:00,3.62243,12.0,Honolulu
2024-12-22 05:31:00,3.62243,12.0,Honolulu
2024-12-22 05:32:00,3.62243,12.0,Honolulu
2024-12-22 06:00:00,3.62243,12.0,Honolulu
2024-12-22 06:01:00,3.62243,12.0,Honolulu
2024-12-22 06:02:00,3.62243,12.0,Honolulu
2024-12-22 06:30:00,3.62243,12.0,Honolulu
2024-12-22 06:31:00,4.186693,13.0,Honolulu
2024-12-22 06:32:00,4.186693,13.0,Honolulu
2024-12-22 07:00:00,4.186693,13.0,Honolulu
2024-12-22 07:01:00,4.186693,13.0,Honolulu
2024-12-22 07:02:00,4.186693,13.0,Honolulu
2024-12-22 07:30:00,5.0688457,3.0,Honolulu
2024-12-22 07:31:00,5.0688457,3.0,Honolulu
2024-12-22 07:32:00,5.0688457,3.0,Honolulu
2024-12-22 08:00:00,5.0688457,3.0,Honolulu
2024-12-22 08:01:00,5.0688457,3.0,Honolulu
2024-12-22 08:02:00,5.0688457,3.0,Honolulu
2024-12-22 08:30:00,5.0688457,3.0,Honolulu
2024-12-22 08:31:00,3.143565,0.0,Honolulu
2024-12-22 08:32:00,3.143565,0.0,Honolulu
2024-12-22 09:00:00,3.143565,0.0,Honolulu
2024-12-22 09:01:00,3.143565,0.0,Honolulu
2024-12-22 09:02:00,3.143565,0.0,Honolulu
2024-12-22 09:30:00,4.7521367,0.0,Honolulu
2024-12-22 09:31:00,4.7521367,0.0,Honolulu
2024-12-22 09:32:00,4.7521367,0.0,Honolulu
2024-12-22 10:00:00,4.7521367,0.0,Honolulu
2024-12-22 10:01:00,4.7521367,0.0,Honolulu
2024-12-22 10:02:00,4.7521367,0.0,Honolulu
2024-12-22 10:30:00,4.7521367,0.0,Honolulu
2024-12-22 10:31:00,6.384293,13.0,Honolulu
2024-12-22 10:32:00,6.384293,13.0,Honolulu
2024-12-22 11:00:00,6.384293,13.0,Honolulu
2024-12-22 11:01:00,6.384293,13.0,Honolulu
2024-12-22 11:02:00,6.384293,13.0,Honolulu
2024-12-22 11:30:00,5.4744864,23.0,Honolulu
2024-12-22 11:31:00,5.4744864,23.0,Honolulu
2024-12-22 11:32:00,5.4744864,23.0,Honolulu
2024-12-22 12:00:00,5.4744864,23.0,Honolulu
2024-12-22 12:01:00,5.4744864,23.0,Honolulu
2024-12-22 12:02:00,5.4744864,23.0,Honolulu
2024-12-22 12:30:00,5.4744864,23.0,Honolulu
2024-12-22 12:31:00,4.353619,54.0,Honolulu
2024-12-22 12:32:00,4.353619,54.0,Honolulu
2024-12-22 13:00:00,4.353619,54.0,Honolulu
2024-12-22 13:01:00,4.353619,54.0,Honolulu
2024-12-22 13:02:00,4.353619,54.0,Honolulu
2024-12-22 13:30:00,1.5484185,61.0,Honolulu
2024-12-22 13:31:00,1.5484185,61.0,Honolulu
2024-12-22 13:32:00,1.5484185,61.0,Honolulu
2024-12-22 14:00:00,1.5484185,61.0,Honolulu
2024-12-22 14:01:00,1.5484185,61.0,Honolulu
2024-12-22 14:02:00,1.5484185,61.0,Honolulu
2024-12-22 14:30:00,1.5484185,61.0,Honolulu
2024-12-22 14:31:00,5.7204895,92.0,Honolulu
2024-12-22 14:32:00,5.7204895,92.0,Honolulu
2024-12-22 15:00:00,5.7204895,92.0,Honolulu
2024-12-22 15:01:00,5.7204895,92.0,Honolulu
2024-12-22 15:02:00,5.7204895,92.0,Honolulu
2024-12-22 15:30:00,6.1569467,90.0,Honolulu
2024-12-22 15:31:00,6.1569467,90.0,Honolulu
2024-12-22 15:32:00,6.1569467,90.0,Honolulu
2024-12-22 16:00:00,6.1569467,90.0,Honolulu
2024-12-22 16:01:00,6.1569467,90.0,Honolulu
2024-12-22 16:02:00,6.1569467,90.0,Honolulu
2024-12-22 16:30:00,6.1569467,90.0,Honolulu
2024-12-22 16:31:00,10.32924,43.0,Honolulu
2024-12-22 16:32:00,10.32924,43.0,Honolulu
2024-12-22 17:00:00,10.32924,43.0,Honolulu
2024-12-22 17:01:00,10.32924,43.0,Honolulu
2024-12-22 17:02:00,10.32924,43.0,Honolulu
2024-12-22 17:30:00,13.091829,5.0,Honolulu
2024-12-22 17:31:00,13.091829,5.0,Honolulu
2024-12-22 17:32:00,13.091829,5.0,Honolulu
2024-12-22 18:00:00,13.091829,5.0,Honolulu
2024-12-22 18:01:00,13.091829,5.0,Honolulu
2024-12-22 18:02:00,13.091829,5.0,Honolulu
2024-12-22 18:30:00,13.091829,5.0,Honolulu
2024-12-22 18:31:00,12.535548,5.0,Honolulu
2024-12-22 18:32:00,12.535548,5.0,Honolulu
2024-12-22 19:00:00,12.535548,5.0,Honolulu
2024-12-22 19:01:00,12.535548,5.0,Honolulu
2024-12-22 19:02:00,12.535548,5.0,Honolulu
2024-12-22 19:30:00,13.523978,3.0,Honolulu
2024-12-22 19:31:00,13.523978,3.0,Honolulu
2024-12-22 19:32:00,13.523978,3.0,Honolulu
2024-12-22 20:00:00,13.523978,3.0,Honolulu
2024-12-22 20:01:00,13.523978,3.0,Honolulu
2024-12-22 20:02:00,13.523978,3.0,Honolulu
2024-12-22 20:30:00,13.523978,3.0,Honolulu
2024-12-22 20:31:00,14.628807,7.0,Honolulu
2024-12-22 20:32:00,14.628807,7.0,Honolulu
2024-12-22 21:00:00,14.628807,7.0,Honolulu
2024-12-22 21:01:00,14.628807,7.0,Honolulu
2024-12-22 21:02:00,14.628807,7.0,Honolulu
2024-12-22 21:30:00,14.681866,18.0,Honolulu
2024-12-22 21:31:00,14.681866,18.0,Honolulu
2024-12-22 21:32:00,14.681866,18.0,Honolulu
2024-12-22 22:00:00,14.681866,18.0,Honolulu
2024-12-22 22:01:00,14.681866,18.0,Honolulu
2024-12-22 22:02:00,14.681866,18.0,Honolulu
2024-12-22 22:30:00,14.681866,18.0,Honolulu
2024-12-22 22:31:00,15.281989,42.0,Honolulu
2024-12-22 22:32:00,15.281989,42.0,Honolulu
2024-12-22 23:00:00,15.281989,42.0,Honolulu
2024-12-22 23:01:00,15.281989,42.0,Honolulu
2024-12-22 23:02:00,15.281989,42.0,Honolulu
2024-12-22 23:30:00,15.856354,49.0,Honolulu
2024-12-22 23:31:00,15.856354,49.0,Honolulu
2024-12-22 23:32:00,15.856354,49.0,Honolulu
2024-12-23 00:00:00,15.856354,49.0,Honolulu
2024-12-23 00:01:00,15.856354,49.0,Honolulu
2024-12-23 00:02:00,15.856354,49.0,Honolulu
2024-12-23 00:30:00,15.856354,49.0,Honolulu
2024-12-23 00:31:00,16.332458,40.0,Honolulu
2024-12-23 00:32:00,16.332458,40.0,Honolulu
2024-12-23 01:00:00,16.332458,40.0,Honolulu
2024-12-23 01:01:00,16.332458,40.0,Honolulu
2024-12-23 01:02:00,16.332458,40.0,Honolulu
2024-12-23 01:30:00,16.886456,33.0,Honolulu
2024-12-23 01:31:00,16.886456,33.0,Honolulu
2024-12-23 01:32:00,16.886456,33.0,Honolulu
2024-12-23 02:00:00,16.886456,33.0,Honolulu
2024-12-23 02:01:00,16.886456,33.0,Honolulu
2024-12-23 02:02:00,16.886456,33.0,Honolulu
2024-12-23 02:30:00,16.886456,33.0,Honolulu
2024-12-23 02:31:00,13.767352,0.0,Honolulu
2024-12-23 02:32:00,13.767352,0.0,Honolulu
2024-12-23 03:00:00,13.767352,0.0,Honolulu
2024-12-23 03:01:00,13.767352,0.0,Honolulu
2024-12-23 03:02:00,13.767352,0.0,Honolulu
2024-12-23 03:30:00,12.801531,0.0,Honolulu
2024-12-23 03:31:00,12.801531,0.0,Honolulu
2024-12-23 03:32:00,12.801531,0.0,Honolulu
2024-12-23 04:00:00,12.801531,0.0,Honolulu
2024-12-23 04:01:00,12.801531,0.0,Honolulu
2024-12-23 04:02:00,12.801531,0.0,Honolulu
2024-12-23 04:30:00,12.801531,0.0,Honolulu
2024-12-23 04:31:00,15.035119,2.0,Honolulu
2024-12-23 04:32:00,15.035119,2.0,Honolulu
2024-12-23 05:00:00,15.035119,2.0,Honolulu
2024-12-23 05:01:00,15.035119,2.0,Honolulu
2024-12-23 05:02:00,15.035119,2.0,Honolulu
2024-12-23 05:30:00,14.410121,0.0,Honolulu
2024-12-23 05:31:00,14.410121,0.0,Honolulu
2024-12-23 05:32:00,14.410121,0.0,Honolulu
2024-12-23 06:00:00,14.410121,0.0,Honolulu
2024-12-23 06:01:00,14.410121,0.0,Honolulu
2024-12-23 06:02:00,14.410121,0.0,Honolulu
2024-12-23 06:30:00,14.410121,0.0,Honolulu
2024-12-23 06:31:00,14.677451,0.0,Honolulu
2024-12-23 06:32:00,14.677451,0.0,Honolulu
2024-12-23 07:00:00,14.677451,0.0,Honolulu
2024-12-23 07:01:00,14.677451,0.0,Honolulu
2024-12-23 07:02:00,14.677451,0.0,Honolulu
2024-12-23 07:30:00,15.874734,7.0,Honolulu
2024-12-23 07:31:00,15.874734,7.0,Honolulu
2024-12-23 07:32:00,15.874734,7.0,Honolulu
2024-12-23 08:00:00,15.874734,7.0,Honolulu
2024-12-23 08:01:00,15.874734,7.0,Honolulu
2024-12-23 08:02:00,15.874734,7.0,Honolulu
2024-12-23 08:30:00,15.874734,7.0,Honolulu
2024-12-23 08:31:00,19.567083,26.0,Honolulu
2024-12-23 08:32:00,19.567083,26.0,Honolulu
2024-12-23 09:00:00,19.567083,26.0,Honolulu
2024-12-23 09:01:00,19.567083,26.0,Honolulu
2024-12-23 09:02:00,19.567083,26.0,Honolulu
2024-12-23 09:30:00,23.602661,34.0,Honolulu
2024-12-23 09:31:00,23.602661,34.0,Honolulu
2024-12-23 09:32:00,23.602661,34.0,Honolulu
2024-12-23 10:00:00,23.602661,34.0,Honolulu
2024-12-23 10:01:00,23.602661,34.0,Honolulu
2024-12-23 10:02:00,23.602661,34.0,Honolulu
2024-12-23 10:30:00,23.602661,34.0,Honolulu
2024-12-23 10:31:00,26.567537,47.0,Honolulu
2024-12-23 10:32:00,26.567537,47.0,Honolulu
2024-12-23 11:00:00,26.567537,47.0,Honolulu
2024-12-23 11:01:00,26.567537,47.0,Honolulu
2024-12-23 11:02:00,26.567537,47.0,Honolulu
2024-12-23 11:30:00,26.769215,57.0,Honolulu
2024-12-23 11:31:00,26.769215,57.0,Honolulu
2024-12-23 11:32:00,26.769215,57.0,Honolulu
2024-12-23 12:00:00,26.769215,57.0,Honolulu
2024-12-23 12:01:00,26.769215,57.0,Honolulu
2024-12-23 12:02:00,26.769215,57.0,Honolulu
2024-12-23 12:30:00,26.769215,57.0,Honolulu
2024-12-23 12:31:00,27.711231,57.0,Honolulu
2024-12-23 12:32:00,27.711231,57.0,Honolulu
2024-12-23 13:00:00,27.711231,57.0,Honolulu
2024-12-23 13:01:00,27.711231,57.0,Honolulu
2024-12-23 13:02:00,27.711231,57.0,Honolulu
2024-12-23 13:30:00,27.128096,54.0,Honolulu
2024-12-23 13:31:00,27.128096,54.0,Honolulu
2024-12-23 13:32:00,27.128096,54.0,Honolulu
2024-12-23 14:00:00,27.128096,54.0,Honolulu
2024-12-23 14:01:00,27.128096,54.0,Honolulu
2024-12-23 14:02:00,27.128096,54.0,Honolulu
2024-12-23 14:30:00,27.128096,54.0,Honolulu
2024-12-23 14:31:00,26.993998,56.0,Honolulu
2024-12-23 14:32:00,26.993998,56.0,Honolulu
2024-12-23 15:00:00,26.993998,56.0,Honolulu
2024-12-23 15:01:00,26.993998,56.0,Honolulu
2024-12-23 15:02:00,26.993998,56.0,Honolulu
2024-12-23 15:30:00,26.506489,41.0,Honolulu
2024-12-23 15:31:00,26.506489,41.0,Honolulu
2024-12-23 15:32:00,26.506489,41.0,Honolulu
2024-12-23 16:00:00,26.506489,41.0,Honolulu
2024-12-23 16:01:00,26.506489,41.0,Honolulu
2024-12-23 16:02:00,26.506489,41.0,Honolulu
2024-12-23 16:30:00,26.506489,41.0,Honolulu
2024-12-23 16:31:00,23.197662,5.0,Honolulu
2024-12-23 16:32:00,23.197662,5.0,Honolulu
2024-12-23 17:00:00,23.197662,5.0,Honolulu
2024-12-23 17:01:00,23.197662,5.0,Honolulu
2024-12-23 17:02:00,23.197662,5.0,Honolulu
2024-12-23 17:30:00,20.948164,4.0,Honolulu
2024-12-23 17:31:00,20.948164,4.0,Honolulu
2024-12-23 17:32:00,20.948164,4.0,Honolulu
2024-12-23 18:00:00,20.948164,4.0,Honolulu
2024-12-23 18:01:00,20.948164,4.0,Honolulu
2024-12-23 18:02:00,20.948164,4.0,Honolulu
2024-12-23 18:30:00,20.948164,4.0,Honolulu
2024-12-23 18:31:00,21.240763,0.0,Honolulu
2024-12-23 18:32:00,21.240763,0.0,Honolulu
2024-12-23 19:00:00,21.240763,0.0,Honolulu
2024-12-23 19:01:00,21.240763,0.0,Honolulu
2024-12-23 19:02:00,21.240763,0.0,Honolulu
2024-12-23 19:30:00,21.697279,10.0,Honolulu
2024-12-23 19:31:00,21.697279,10.0,Honolulu
2024-12-23 19:32:00,21.697279,10.0,Honolulu
2024-12-23 20:00:00,21.697279,10.0,Honolulu
2024-12-23 20:01:00,21.697279,10.0,Honolulu
2024-12-23 20:02:00,21.697279,10.0,Honolulu
2024-12-23 20:30:00,21.697279,10.0,Honolulu
2024-12-23 20:31:00,21.788923,15.0,Honolulu
2024-12-23 20:32:00,21.788923,15.0,Honolulu
2024-12-23 21:00:00,21.788923,15.0,Honolulu
2024-12-23 21:01:00,21.788923,15.0,Honolulu
2024-12-23 21:02:00,21.788923,15.0,Honolulu
2024-12-23 21:30:00,22.380884,32.0,Honolulu
2024-12-23 21:31:00,22.380884,32.0,Honolulu
2024-12-23 21:32:00,22.380884,32.0,Honolulu
2024-12-23 22:00:00,22.380884,32.0,Honolulu
2024-12-23 22:01:00,22.380884,32.0,Honolulu
2024-12-23 22:02:00,22.380884,32.0,Honolulu
2024-12-23 22:30:00,22.380884,32.0,Honolulu
2024-12-23 22:31:00,21.322214,6.0,Honolulu
2024-12-23 22:32:00,21.322214,6.0,Honolulu
2024-12-23 23:00:00,21.322214,6.0,Honolulu
2024-12-23 23:01:00,21.322214,6.0,Honolulu
2024-12-23 23:02:00,21.322214,6.0,Honolulu
2024-12-23 23:30:00,18.4243,4.0,Honolulu
2024-12-23 23:31:00,18.4243,4.0,Honolulu
2024-12-23 23:32:00,18.4243,4.0,Honolulu
2024-12-24 00:00:00,18.4243,4.0,Honolulu
2024-12-24 00:01:00,18.4243,4.0,Honolulu
2024-12-24 00:02:00,18.4243,4.0,Honolulu
2024-12-24 00:30:00,18.4243,4.0,Honolulu
2024-12-24 00:31:00,16.311613,1.0,Honolulu
2024-12-24 00:32:00,16.311613,1.0,Honolulu
2024-12-24 01:00:00,16.311613,1.0,Honolulu
2024-12-24 01:01:00,16.311613,1.0,Honolulu
2024-12-24 01:02:00,16.311613,1.0,Honolulu
2024-12-24 01:30:00,16.431347,2.0,Honolulu
2024-12-24 01:31:00,16.431347,2.0,Honolulu
2024-12-24 01:32:00,16.431347,2.0,Honolulu
2024-12-24 02:00:00,16.431347,2.0,Honolulu
2024-12-24 02:01:00,16.431347,2.0,Honolulu
2024-12-24 02:02:00,16.431347,2.0,Honolulu
2024-12-24 02:30:00,16.431347,2.0,Honolulu
2024-12-24 02:31:00,16.42247,2.0,Honolulu
2024-12-24 02:32:00,16.42247,2.0,Honolulu
2024-12-24 03:00:00,16.42247,2.0,Honolulu
2024-12-24 03:01:00,16.42247,2.0,Honolulu
2024-12-24 03:02:00,16.42247,2.0,Honolulu
2024-12-24 03:30:00,16.45007,13.0,Honolulu
2024-12-24 03:31:00,16.45007,13.0,Honolulu
2024-12-24 03:32:00,16.45007,13.0,Honolulu
2024-12-24 04:00:00,16.45007,13.0,Honolulu
2024-12-24 04:01:00,16.45007,13.0,Honolulu
2024-12-24 04:02:00,16.45007,13.0,Honolulu
2024-12-24 04:30:00,16.45007,13.0,Honolulu
2024-12-24 04:31:00,11.402683,3.0,Honolulu
2024-12-24 04:32:00,11.402683,3.0,Honolulu
2024-12-24 05:00:00,11.402683,3.0,Honolulu
2024-12-24 05:01:00,11.402683,3.0,Honolulu
2024-12-24 05:02:00,11.402683,3.0,Honolulu
2024-12-24 05:30:00,5.6521144,0.0,Honolulu
2024-12-24 05:31:00,5.6521144,0.0,Honolulu
2024-12-24 05:32:00,5.6521144,0.0,Honolulu
2024-12-24 06:00:00,5.6521144,0.0,Honolulu
2024-12-24 06:01:00,5.6521144,0.0,Honolulu
2024-12-24 06:02:00,5.6521144,0.0,Honolulu
2024-12-24 06:30:00,5.6521144,0.0,Honolulu
2024-12-24 06:31:00,3.3092597,5.0,Honolulu
2024-12-24 06:32:00,3.3092597,5.0,Honolulu
2024-12-24 07:00:00,3.3092597,5.0,Honolulu
2024-12-24 07:01:00,3.3092597,5.0,Honolulu
2024-12-24 07:02:00,3.3092597,5.0,Honolulu
2024-12-24 07:30:00,4.323748,15.0,Honolulu
2024-12-24 07:31:00,4.323748,15.0,Honolulu
2024-12-24 07:32:00,4.323748,15.0,Honolulu
2024-12-24 08:00:00,4.323748,15.0,Honolulu
2024-12-24 08:01:00,4.323748,15.0,Honolulu
2024-12-24 08:02:00,4.323748,15.0,Honolulu
2024-12-24 08:30:00,4.323748,15.0,Honolulu
2024-12-24 08:31:00,6.0347,13.0,Honolulu
2024-12-24 08:32:00,6.0347,13.0,Honolulu
2024-12-24 09:00:00,6.0347,13.0,Honolulu
2024-12-24 09:01:00,6.0347,13.0,Honolulu
2024-12-24 09:02:00,6.0347,13.0,Honolulu
2024-12-24 09:30:00,1.835647,12.0,Honolulu
2024-12-24 09:31:00,1.835647,12.0,Honolulu
2024-12-24 09:32:00,1.835647,12.0,Honolulu
2024-12-24 10:00:00,1.835647,12.0,Honolulu
2024-12-24 10:01:00,1.835647,12.0,Honolulu
2024-12-24 10:02:00,1.835647,12.0,Honolulu
2024-12-24 10:30:00,1.835647,12.0,Honolulu
2024-12-24 10:31:00,3.710795,28.0,Honolulu
2024-12-24 10:32:00,3.710795,28.0,Honolulu
2024-12-24 11:00:00,3.710795,28.0,Honolulu
2024-12-24 11:01:00,3.710795,28.0,Honolulu
2024-12-24 11:02:00,3.710795,28.0,Honolulu
2024-12-24 11:30:00,3.0811036,96.0,Honolulu
2024-12-24 11:31:00,3.0811036,96.0,Honolulu
2024-12-24 11:32:00,3.0811036,96.0,Honolulu
2024-12-24 12:00:00,3.0811036,96.0,Honolulu
2024-12-24 12:01:00,3.0811036,96.0,Honolulu
2024-12-24 12:02:00,3.0811036,96.0,Honolulu
2024-12-24 12:30:00,3.0811036,96.0,Honolulu
2024-12-24 12:31:00,6.6624317,99.0,Honolulu
2024-12-24 12:32:00,6.6624317,99.0,Honolulu
2024-12-24 13:00:00,6.6624317,99.0,Honolulu
2024-12-24 13:01:00,6.6624317,99.0,Honolulu
2024-12-24 13:02:00,6.6624317,99.0,Honolulu
2024-12-24 13:30:00,13.379461,95.0,Honolulu
2024-12-24 13:31:00,13.379461,95.0,Honolulu
2024-12-24 13:32:00,13.379461,95.0,Honolulu
2024-12-24 14:00:00,13.379461,95.0,Honolulu
2024-12-24 14:01:00,13.379461,95.0,Honolulu
2024-12-24 14:02:00,13.379461,95.0,Honolulu
2024-12-24 14:30:00,13.379461,95.0,Honolulu
2024-12-24 14:31:00,20.88,79.0,Honolulu
2024-12-24 14:32:00,20.88,79.0,Honolulu
2024-12-24 15:00:00,20.88,79.0,Honolulu
2024-12-24 15:01:00,20.88,79.0,Honolulu
2024-12-24 15:02:00,20.88,79.0,Honolulu
2024-12-24 15:30:00,18.030575,20.0,Honolulu
2024-12-24 15:31:00,18.030575,20.0,Honolulu
2024-12-24 15:32:00,18.030575,20.0,Honolulu
2024-12-24 16:00:00,18.030575,20.0,Honolulu
2024-12-24 16:01:00,18.030575,20.0,Honolulu
2024-12-24 16:02:00,18.030575,20.0,Honolulu
2024-12-24 16:30:00,18.030575,20.0,Honolulu
2024-12-24 16:31:00,16.434305,6.0,Honolulu
2024-12-24 16:32:00,16.434305,6.0,Honolulu
2024-12-24 17:00:00,16.434305,6.0,Honolulu
2024-12-24 17:01:00,16.434305,6.0,Honolulu
2024-12-24 17:02:00,16.434305,6.0,Honolulu
2024-12-24 17:30:00,13.690654,5.0,Honolulu
2024-12-24 17:31:00,13.690654,5.0,Honolulu
2024-12-24 17:32:00,13.690654,5.0,Honolulu
2024-12-24 18:00:00,13.690654,5.0,Honolulu
2024-12-24 18:01:00,13.690654,5.0,Honolulu
2024-12-24 18:02:00,13.690654,5.0,Honolulu
2024-12-24 18:30:00,13.690654,5.0,Honolulu
2024-12-24 18:31:00,14.917212,0.0,Honolulu
2024-12-24 18:32:00,14.917212,0.0,Honolulu
2024-12-24 19:00:00,14.917212,0.0,Honolulu
2024-12-24 19:01:00,14.917212,0.0,Honolulu
2024-12-24 19:02:00,14.917212,0.0,Honolulu
2024-12-24 19:30:00,17.811815,0.0,Honolulu
2024-12-24 19:31:00,17.811815,0.0,Honolulu
2024-12-24 19:32:00,17.811815,0.0,Honolulu
2024-12-24 20:00:00,17.811815,0.0,Honolulu
2024-12-24 20:01:00,17.811815,0.0,Honolulu
2024-12-24 20:02:00,17.811815,0.0,Honolulu
2024-12-24 20:30:00,17.811815,0.0,Honolulu
2024-12-24 20:31:00,17.134071,2.0,Honolulu
2024-12-24 20:32:00,17.134071,2.0,Honolulu
2024-12-24 21:00:00,17.134071,2.0,Honolulu
2024-12-24 21:01:00,17.134071,2.0,Honolulu
2024-12-24 21:02:00,17.134071,2.0,Honolulu
2024-12-24 21:30:00,15.070633,1.0,Honolulu
2024-12-24 21:31:00,15.070633,1.0,Honolulu
2024-12-24 21:32:00,15.070633,1.0,Honolulu
2024-12-24 22:00:00,15.070633,1.0,Honolulu
2024-12-24 22:01:00,15.070633,1.0,Honolulu
2024-12-24 22:02:00,15.070633,1.0,Honolulu
2024-12-24 22:30:00,15.070633,1.0,Honolulu
2024-12-24 22:31:00,9.499157,16.0,Honolulu
2024-12-24 22:32:00,9.499157,16.0,Honolulu
2024-12-24 23:00:00,9.499157,16.0,Honolulu
2024-12-24 23:01:00,9.499157,16.0,Honolulu
2024-12-24 23:02:00,9.499157,16.0,Honolulu
2024-12-24 23:30:00,4.379589,0.0,Honolulu
2024-12-24 23:31:00,4.379589,0.0,Honolulu
2024-12-24 23:32:00,4.379589,0.0,Honolulu
2024-12-25 00:00:00,4.379589,0.0,Honolulu
2024-12-25 00:01:00,4.379589,0.0,Honolulu
2024-12-25 00:02:00,4.379589,0.0,Honolulu
2024-12-25 00:30:00,4.379589,0.0,Honolulu
2024-12-25 00:31:00,3.8521678,12.0,Honolulu
2024-12-25 00:32:00,3.8521678,12.0,Honolulu
2024-12-25 01:00:00,3.8521678,12.0,Honolulu
2024-12-25 01:01:00,3.8521678,12.0,Honolulu
2024-12-25 01:02:00,3.8521678,12.0,Honolulu
2024-12-25 01:30:00,1.4512063,2.0,Honolulu
2024-12-25 01:31:00,1.4512063,2.0,Honolulu
2024-12-25 01:32:00,1.4512063,2.0,Honolulu
2024-12-25 02:00:00,1.4512063,2.0,Honolulu
2024-12-25 02:01:00,1.4512063,2.0,Honolulu
2024-12-25 02:02:00,1.4512063,2.0,Honolulu
2024-12-25 02:30:00,1.4512063,2.0,Honolulu
2024-12-25 02:31:00,3.0652895,4.0,Honolulu
2024-12-25 02:32:00,3.0652895,4.0,Honolulu
2024-12-25 03:00:00,3.0652895,4.0,Honolulu
2024-12-25 03:01:00,3.0652895,4.0,Honolulu
2024-12-25 03:02:00,3.0652895,4.0,Honolulu
2024-12-25 03:30:00,3.4152596,4.0,Honolulu
2024-12-25 03:31:00,3.4152596,4.0,Honolulu
2024-12-25 03:32:00,3.4152596,4.0,Honolulu
2024-12-25 04:00:00,3.4152596,4.0,Honolulu
2024-12-25 04:01:00,3.4152596,4.0,Honolulu
2024-12-25 04:02:00,3.4152596,4.0,Honolulu
2024-12-25 04:30:00,3.4152596,4.0,Honolulu
2024-12-25 04:31:00,4.6102495,3.0,Honolulu
2024-12-25 04:32:00,4.6102495,3.0,Honolulu
2024-12-25 05:00:00,4.6102495,3.0,Honolulu
2024-12-25 05:01:00,4.6102495,3.0,Honolulu
2024-12-25 05:02:00,4.6102495,3.0,Honolulu
2024-12-25 05:30:00,5.1481256,14.0,Honolulu
2024-12-25 05:31:00,5.1481256,14.0,Honolulu
2024-12-25 05:32:00,5.1481256,14.0,Honolulu
2024-12-25 06:00:00,5.1481256,14.0,Honolulu
2024-12-25 06:01:00,5.1481256,14.0,Honolulu
2024-12-25 06:02:00,5.1481256,14.0,Honolulu
2024-12-25 06:30:00,5.1481256,14.0,Honolulu
2024-12-25 06:31:00,15.710607,43.0,Honolulu
2024-12-25 06:32:00,15.710607,43.0,Honolulu
2024-12-25 07:00:00,15.710607,43.0,Honolulu
2024-12-25 07:01:00,15.710607,43.0,Honolulu
2024-12-25 07:02:00,15.710607,43.0,Honolulu
2024-12-25 07:30:00,16.459915,40.0,Honolulu
2024-12-25 07:31:00,16.459915,40.0,Honolulu
2024-12-25 07:32:00,16.459915,40.0,Honolulu
2024-12-25 08:00:00,16.459915,40.0,Honolulu
2024-12-25 08:01:00,16.459915,40.0,Honolulu
2024-12-25 08:02:00,16.459915,40.0,Honolulu
2024-12-25 08:30:00,16.459915,40.0,Honolulu
2024-12-25 08:31:00,19.73854,22.0,Honolulu
2024-12-25 08:32:00,19.73854,22.0,Honolulu
2024-12-25 09:00:00,19.73854,22.0,Honolulu
2024-12-25 09:01:00,19.73854,22.0,Honolulu
2024-12-25 09:02:00,19.73854,22.0,Honolulu
2024-12-25 09:30:00,22.175825,50.0,Honolulu
2024-12-25 09:31:00,22.175825,50.0,Honolulu
2024-12-25 09:32:00,22.175825,50.0,Honolulu
2024-12-25 10:00:00,22.175825,50.0,Honolulu
2024-12-25 10:01:00,22.175825,50.0,Honolulu
2024-12-25 10:02:00,22.175825,50.0,Honolulu
2024-12-25 10:30:00,22.175825,50.0,Honolulu
2024-12-25 10:31:00,20.558647,36.0,Honolulu
2024-12-25 10:32:00,20.558647,36.0,Honolulu
2024-12-25 11:00:00,20.558647,36.0,Honolulu
2024-12-25 11:01:00,20.558647,36.0,Honolulu
2024-12-25 11:02:00,20.558647,36.0,Honolulu
2024-12-25 11:30:00,19.110542,70.0,Honolulu
2024-12-25 11:31:00,19.110542,70.0,Honolulu
2024-12-25 11:32:00,19.110542,70.0,Honolulu
2024-12-25 12:00:00,19.110542,70.0,Honolulu
2024-12-25 12:01:00,19.110542,70.0,Honolulu
2024-12-25 12:02:00,19.110542,70.0,Honolulu
2024-12-25 12:30:00,19.110542,70.0,Honolulu
2024-12-25 12:31:00,19.523155,35.0,Honolulu
2024-12-25 12:32:00,19.523155,35.0,Honolulu
2024-12-25 13:00:00,19.523155,35.0,Honolulu
2024-12-25 13:01:00,19.523155,35.0,Honolulu
2024-12-25 13:02:00,19.523155,35.0,Honolulu
2024-12-25 13:30:00,20.583847,14.0,Honolulu
2024-12-25 13:31:00,20.583847,14.0,Honolulu
2024-12-25 13:32:00,20.583847,14.0,Honolulu
2024-12-25 14:00:00,20.583847,14.0,Honolulu
2024-12-25 14:01:00,20.583847,14.0,Honolulu
2024-12-25 14:02:00,20.583847,14.0,Honolulu
2024-12-25 14:30:00,20.583847,14.0,Honolulu
2024-12-25 14:31:00,20.343185,78.0,Honolulu
2024-12-25 14:32:00,20.343185,78.0,Honolulu
2024-12-25 15:00:00,20.343185,78.0,Honolulu
2024-12-25 15:01:00,20.343185,78.0,Honolulu
2024-12-25 15:02:00,20.343185,78.0,Honolulu
2024-12-25 15:30:00,16.068466,81.0,Honolulu
2024-12-25 15:31:00,16.068466,81.0,Honolulu
2024-12-25 15:32:00,16.068466,81.0,Honolulu
2024-12-25 16:00:00,16.068466,81.0,Honolulu
2024-12-25 16:01:00,16.068466,81.0,Honolulu
2024-12-25 16:02:00,16.068466,81.0,Honolulu
2024-12-25 16:30:00,16.068466,81.0,Honolulu
2024-12-25 16:31:00,10.703569,17.0,Honolulu
2024-12-25 16:32:00,10.703569,17.0,Honolulu
2024-12-25 17:00:00,10.703569,17.0,Honolulu
2024-12-25 17:01:00,10.703569,17.0,Honolulu
2024-12-25 17:02:00,10.703569,17.0,Honolulu
2024-12-25 17:30:00,2.9301877,6.0,Honolulu
2024-12-25 17:31:00,2.9301877,6.0,Honolulu
2024-12-25 17:32:00,2.9301877,6.0,Honolulu
2024-12-25 18:00:00,2.9301877,6.0,Honolulu
2024-12-25 18:01:00,2.9301877,6.0,Honolulu
2024-12-25 18:02:00,2.9301877,6.0,Honolulu
2024-12-25 18:30:00,2.9301877,6.0,Honolulu
2024-12-25 18:31:00,4.5322843,23.0,Honolulu
2024-12-25 18:32:00,4.5322843,23.0,Honolulu
2024-12-25 19:00:00,4.5322843,23.0,Honolulu
2024-12-25 19:01:00,4.5322843,23.0,Honolulu
2024-12-25 19:02:00,4.5322843,23.0,Honolulu
2024-12-25 19:30:00,6.341009,28.0,Honolulu
2024-12-25 19:31:00,6.341009,28.0,Honolulu
2024-12-25 19:32:00,6.341009,28.0,Honolulu
2024-12-25 20:00:00,6.341009,28.0,Honolulu
2024-12-25 20:01:00,6.341009,28.0,Honolulu
2024-12-25 20:02:00,6.341009,28.0,Honolulu
2024-12-25 20:30:00,6.341009,28.0,Honolulu
2024-12-25 20:31:00,1.4512063,20.0,Honolulu
2024-12-25 20:32:00,1.4512063,20.0,Honolulu
2024-12-25 21:00:00,1.4512063,20.0,Honolulu
2024-12-25 21:01:00,1.4512063,20.0,Honolulu
2024-12-25 21:02:00,1.4512063,20.0,Honolulu
2024-12-25 21:30:00,1.8532133,11.0,Honolulu
2024-12-25 21:31:00,1.8532133,11.0,Honolulu
2024-12-25 21:32:00,1.8532133,11.0,Honolulu
2024-12-25 22:00:00,1.8532133,11.0,Honolulu
2024-12-25 22:01:00,1.8532133,11.0,Honolulu
2024-12-25 22:02:00,1.8532133,11.0,Honolulu
2024-12-25 22:30:00,1.8532133,11.0,Honolulu
2024-12-25 22:31:00,5.509882,17.0,Honolulu
2024-12-25 22:32:00,5.509882,17.0,Honolulu
2024-12-25 23:00:00,5.509882,17.0,Honolulu
2024-12-25 23:01:00,5.509882,17.0,Honolulu
2024-12-25 23:02:00,5.509882,17.0,Honolulu
2024-12-25 23:30:00,6.945761,2.0,Honolulu
2024-12-25 23:31:00,6.945761,2.0,Honolulu
2024-12-25 23:32:00,6.945761,2.0,Honolulu
2024-12-26 00:00:00,6.945761,2.0,Honolulu
2024-12-26 00:01:00,6.945761,2.0,Honolulu
2024-12-26 00:02:00,6.945761,2.0,Honolulu
2024-12-26 00:30:00,6.945761,2.0,Honolulu
2024-12-26 00:31:00,6.3639607,5.0,Honolulu
2024-12-26 00:32:00,6.3639607,5.0,Honolulu
2024-12-26 01:00:00,6.3639607,5.0,Honolulu
2024-12-26 01:01:00,6.3639607,5.0,Honolulu
2024-12-26 01:02:00,6.3639607,5.0,Honolulu
2024-12-26 01:30:00,5.5450516,6.0,Honolulu
2024-12-26 01:31:00,5.5450516,6.0,Honolulu
2024-12-26 01:32:00,5.5450516,6.0,Honolulu
2024-12-26 02:00:00,5.5450516,6.0,Honolulu
2024-12-26 02:01:00,5.5450516,6.0,Honolulu
2024-12-26 02:02:00,5.5450516,6.0,Honolulu
2024-12-26 02:30:00,5.5450516,6.0,Honolulu
2024-12-26 02:31:00,2.5071096,10.0,Honolulu
2024-12-26 02:32:00,2.5071096,10.0,Honolulu
2024-12-26 03:00:00,2.5071096,10.0,Honolulu
2024-12-26 03:01:00,2.5071096,10.0,Honolulu
2024-12-26 03:02:00,2.5071096,10.0,Honolulu
2024-12-26 03:30:00,2.7475805,33.0,Honolulu
2024-12-26 03:31:00,2.7475805,33.0,Honolulu
2024-12-26 03:32:00,2.7475805,33.0,Honolulu
2024-12-26 04:00:00,2.7475805,33.0,Honolulu
2024-12-26 04:01:00,2.7475805,33.0,Honolulu
2024-12-26 04:02:00,2.7475805,33.0,Honolulu
2024-12-26 04:30:00,2.7475805,33.0,Honolulu
2024-12-26 04:31:00,3.3092597,74.0,Honolulu
2024-12-26 04:32:00,3.3092597,74.0,Honolulu
2024-12-26 05:00:00,3.3092597,74.0,Honolulu
2024-12-26 05:01:00,3.3092597,74.0,Honolulu
2024-12-26 05:02:00,3.3092597,74.0,Honolulu
2024-12-26 05:30:00,3.9763298,70.0,Honolulu
2024-12-26 05:31:00,3.9763298,70.0,Honolulu
2024-12-26 05:32:00,3.9763298,70.0,Honolulu
2024-12-26 06:00:00,3.9763298,70.0,Honolulu
2024-12-26 06:01:00,3.9763298,70.0,Honolulu
2024-12-26 06:02:00,3.9763298,70.0,Honolulu
2024-12-26 06:30:00,3.9763298,70.0,Honolulu
2024-12-26 06:31:00,2.0523157,1.0,Honolulu
2024-12-26 06:32:00,2.0523157,1.0,Honolulu
2024-12-26 07:00:00,2.0523157,1.0,Honolulu
2024-12-26 07:01:00,2.0523157,1.0,Honolulu
2024-12-26 07:02:00,2.0523157,1.0,Honolulu
2024-12-26 07:30:00,3.396233,4.0,Honolulu
2024-12-26 07:31:00,3.396233,4.0,Honolulu
2024-12-26 07:32:00,3.396233,4.0,Honolulu
2024-12-26 08:00:00,3.396233,4.0,Honolulu
2024-12-26 08:01:00,3.396233,4.0,Honolulu
2024-12-26 08:02:00,3.396233,4.0,Honolulu
2024-12-26 08:30:00,3.396233,4.0,Honolulu
2024-12-26 08:31:00,6.156947,19.0,Honolulu
2024-12-26 08:32:00,6.156947,19.0,Honolulu
2024-12-26 09:00:00,6.156947,19.0,Honolulu
2024-12-26 09:01:00,6.156947,19.0,Honolulu
2024-12-26 09:02:00,6.156947,19.0,Honolulu
2024-12-26 09:30:00,11.672275,15.0,Honolulu
2024-12-26 09:31:00,11.672275,15.0,Honolulu
2024-12-26 09:32:00,11.672275,15.0,Honolulu
2024-12-26 10:00:00,11.672275,15.0,Honolulu
2024-12-26 10:01:00,11.672275,15.0,Honolulu
2024-12-26 10:02:00,11.672275,15.0,Honolulu
2024-12-26 10:30:00,11.672275,15.0,Honolulu
2024-12-26 10:31:00,12.033103,9.0,Honolulu
2024-12-26 10:32:00,12.033103,9.0,Honolulu
2024-12-26 11:00:00,12.033103,9.0,Honolulu
2024-12-26 11:01:00,12.033103,9.0,Honolulu
2024-12-26 11:02:00,12.033103,9.0,Honolulu
2024-12-26 11:30:00,11.465024,1.0,Honolulu
2024-12-26 11:31:00,11.465024,1.0,Honolulu
2024-12-26 11:32:00,11.465024,1.0,Honolulu
2024-12-26 12:00:00,11.465024,1.0,Honolulu
2024-12-26 12:01:00,11.465024,1.0,Honolulu
2024-12-26 12:02:00,11.465024,1.0,Honolulu
2024-12-26 12:30:00,11.465024,1.0,Honolulu
2024-12-26 12:31:00,10.429132,0.0,Honolulu
2024-12-26 12:32:00,10.429132,0.0,Honolulu
2024-12-26 13:00:00,10.429132,0.0,Honolulu
2024-12-26 13:01:00,10.429132,0.0,Honolulu
2024-12-26 13:02:00,10.429132,0.0,Honolulu
2024-12-26 13:30:00,10.662626,23.0,Honolulu
2024-12-26 13:31:00,10.662626,23.0,Honolulu
2024-12-26 13:32:00,10.662626,23.0,Honolulu
2024-12-26 14:00:00,10.662626,23.0,Honolulu
2024-12-26 14:01:00,10.662626,23.0,Honolulu
2024-12-26 14:02:00,10.662626,23.0,Honolulu
2024-12-26 14:30:00,10.662626,23.0,Honolulu
2024-12-26 14:31:00,8.797931,91.0,Honolulu
2024-12-26 14:32:00,8.797931,91.0,Honolulu
2024-12-26 15:00:00,8.797931,91.0,Honolulu
2024-12-26 15:01:00,8.797931,91.0,Honolulu
2024-12-26 15:02:00,8.797931,91.0,Honolulu
2024-12-26 15:30:00,7.754637,91.0,Honolulu
2024-12-26 15:31:00,7.754637,91.0,Honolulu
2024-12-26 15:32:00,7.754637,91.0,Honolulu
2024-12-26 16:00:00,7.754637,91.0,Honolulu
2024-12-26 16:01:00,7.754637,91.0,Honolulu
2024-12-26 16:02:00,7.754637,91.0,Honolulu
2024-12-26 16:30:00,7.754637,91.0,Honolulu
2024-12-26 16:31:00,5.2939587,57.0,Honolulu
2024-12-26 16:32:00,5.2939587,57.0,Honolulu
2024-12-26 17:00:00,5.2939587,57.0,Honolulu
2024-12-26 17:01:00,5.2939587,57.0,Honolulu
2024-12-26 17:02:00,5.2939587,57.0,Honolulu
2024-12-26 17:30:00,2.5772076,10.0,Honolulu
2024-12-26 17:31:00,2.5772076,10.0,Honolulu
2024-12-26 17:32:00,2.5772076,10.0,Honolulu
2024-12-26 18:00:00,2.5772076,10.0,Honolulu
2024-12-26 18:01:00,2.5772076,10.0,Honolulu
2024-12-26 18:02:00,2.5772076,10.0,Honolulu
2024-12-26 18:30:00,2.5772076,10.0,Honolulu
2024-12-26 18:31:00,1.609969,0.0,Honolulu
2024-12-26 18:32:00,1.609969,0.0,Honolulu
2024-12-26 19:00:00,1.609969,0.0,Honolulu
2024-12-26 19:01:00,1.609969,0.0,Honolulu
2024-12-26 19:02:00,1.609969,0.0,Honolulu
2024-12-26 19:30:00,1.8532133,11.0,Honolulu
2024-12-26 19:31:00,1.8532133,11.0,Honolulu
2024-12-26 19:32:00,1.8532133,11.0,Honolulu
2024-12-26 20:00:00,1.8532133,11.0,Honolulu
2024-12-26 20:01:00,1.8532133,11.0,Honolulu
2024-12-26 20:02:00,1.8532133,11.0,Honolulu
2024-12-26 20:30:00,1.8532133,11.0,Honolulu
2024-12-26 20:31:00,0.71999997,11.0,Honolulu
2024-12-26 20:32:00,0.71999997,11.0,Honolulu
2024-12-26 21:00:00,0.71999997,11.0,Honolulu
2024-12-26 21:01:00,0.71999997,11.0,Honolulu
2024-12-26 21:02:00,0.71999997,11.0,Honolulu
2024-12-26 21:30:00,0.742159,0.0,Honolulu
2024-12-26 21:31:00,0.742159,0.0,Honolulu
2024-12-26 21:32:00,0.742159,0.0,Honolulu
2024-12-26 22:00:00,0.742159,0.0,Honolulu
2024-12-26 22:01:00,0.742159,0.0,Honolulu
2024-12-26 22:02:00,0.742159,0.0,Honolulu
2024-12-26 22:30:00,0.742159,0.0,Honolulu
2024-12-26 22:31:00,1.3104197,1.0,Honolulu
2024-12-26 22:32:00,1.3104197,1.0,Honolulu
2024-12-26 23:00:00,1.3104197,1.0,Honolulu
2024-12-26 23:01:00,1.3104197,1.0,Honolulu
2024-12-26 23:02:00,1.3104197,1.0,Honolulu
2024-12-26 23:30:00,1.9881649,3.0,Honolulu
2024-12-26 23:31:00,1.9881649,3.0,Honolulu
2024-12-26 23:32:00,1.9881649,3.0,Honolulu
2024-12-27 00:00:00,1.9881649,3.0,Honolulu
2024-12-27 00:01:00,1.9881649,3.0,Honolulu
2024-12-27 00:02:00,1.9881649,3.0,Honolulu
2024-12-27 00:30:00,1.9881649,3.0,Honolulu
2024-12-27 00:31:00,1.8532133,7.0,Honolulu
2024-12-27 00:32:00,1.8532133,7.0,Honolulu
2024-12-27 01:00:00,1.8532133,7.0,Honolulu
2024-12-27 01:01:00,1.8532133,7.0,Honolulu
2024-12-27 01:02:00,1.8532133,7.0,Honolulu
2024-12-27 01:30:00,2.9024127,5.0,Honolulu
2024-12-27 01:31:00,2.9024127,5.0,Honolulu
2024-12-27 01:32:00,2.9024127,5.0,Honolulu
2024-12-27 02:00:00,2.9024127,5.0,Honolulu
2024-12-27 02:01:00,2.9024127,5.0,Honolulu
2024-12-27 02:02:00,2.9024127,5.0,Honolulu
2024-12-27 02:30:00,2.9024127,5.0,Honolulu
2024-12-27 02:31:00,2.9024127,15.0,Honolulu
2024-12-27 02:32:00,2.9024127,15.0,Honolulu
2024-12-27 03:00:00,2.9024127,15.0,Honolulu
2024-12-27 03:01:00,2.9024127,15.0,Honolulu
2024-12-27 03:02:00,2.9024127,15.0,Honolulu
2024-12-27 03:30:00,1.0495713,25.0,Honolulu
2024-12-27 03:31:00,1.0495713,25.0,Honolulu
2024-12-27 03:32:00,1.0495713,25.0,Honolulu
2024-12-27 04:00:00,1.0495713,25.0,Honolulu
2024-12-27 04:01:00,1.0495713,25.0,Honolulu
2024-12-27 04:02:00,1.0495713,25.0,Honolulu
2024-12-27 04:30:00,1.0495713,25.0,Honolulu
2024-12-27 04:31:00,0.56920993,9.0,Honolulu
2024-12-27 04:32:00,0.56920993,9.0,Honolulu
2024-12-27 05:00:00,0.56920993,9.0,Honolulu
2024-12-27 05:01:00,0.56920993,9.0,Honolulu
2024-12-27 05:02:00,0.56920993,9.0,Honolulu
2024-12-27 05:30:00,1.0495713,8.0,Honolulu
2024-12-27 05:31:00,1.0495713,8.0,Honolulu
2024-12-27 05:32:00,1.0495713,8.0,Honolulu
2024-12-27 06:00:00,1.0495713,8.0,Honolulu
2024-12-27 06:01:00,1.0495713,8.0,Honolulu
2024-12-27 06:02:00,1.0495713,8.0,Honolulu
2024-12-27 06:30:00,1.0495713,8.0,Honolulu
2024-12-27 06:31:00,2.226477,4.0,Honolulu
2024-12-27 06:32:00,2.226477,4.0,Honolulu
2024-12-27 07:00:00,2.226477,4.0,Honolulu
2024-12-27 07:01:00,2.226477,4.0,Honolulu
2024-12-27 07:02:00,2.226477,4.0,Honolulu
2024-12-27 07:30:00,3.964089,5.0,Honolulu
2024-12-27 07:31:00,3.964089,5.0,Honolulu
2024-12-27 07:32:00,3.964089,5.0,Honolulu
2024-12-27 08:00:00,3.964089,5.0,Honolulu
2024-12-27 08:01:00,3.964089,5.0,Honolulu
2024-12-27 08:02:00,3.964089,5.0,Honolulu
2024-12-27 08:30:00,3.964089,5.0,Honolulu
2024-12-27 08:31:00,2.9024127,1.0,Honolulu
2024-12-27 08:32:00,2.9024127,1.0,Honolulu
2024-12-27 09:00:00,2.9024127,1.0,Honolulu
2024-12-27 09:01:00,2.9024127,1.0,Honolulu
2024-12-27 09:02:00,2.9024127,1.0,Honolulu
2024-12-27 09:30:00,3.7842832,0.0,Honolulu
2024-12-27 09:31:00,3.7842832,0.0,Honolulu
2024-12-27 09:32:00,3.7842832,0.0,Honolulu
2024-12-27 10:00:00,3.7842832,0.0,Honolulu
2024-12-27 10:01:00,3.7842832,0.0,Honolulu
2024-12-27 10:02:00,3.7842832,0.0,Honolulu
2024-12-27 10:30:00,3.7842832,0.0,Honolulu
2024-12-27 10:31:00,2.3469129,28.0,Honolulu
2024-12-27 10:32:00,2.3469129,28.0,Honolulu
2024-12-27 11:00:00,2.3469129,28.0,Honolulu
2024-12-27 11:01:00,2.3469129,28.0,Honolulu
2024-12-27 11:02:00,2.3469129,28.0,Honolulu
2024-12-27 11:30:00,5.5916004,63.0,Honolulu
2024-12-27 11:31:00,5.5916004,63.0,Honolulu
2024-12-27 11:32:00,5.5916004,63.0,Honolulu
2024-12-27 12:00:00,5.5916004,63.0,Honolulu
2024-12-27 12:01:00,5.5916004,63.0,Honolulu
2024-12-27 12:02:00,5.5916004,63.0,Honolulu
2024-12-27 12:30:00,5.5916004,63.0,Honolulu
2024-12-27 12:31:00,7.4932766,84.0,Honolulu
2024-12-27 12:32:00,7.4932766,84.0,Honolulu
2024-12-27 13:00:00,7.4932766,84.0,Honolulu
2024-12-27 13:01:00,7.4932766,84.0,Honolulu
2024-12-27 13:02:00,7.4932766,84.0,Honolulu
2024-12-27 13:30:00,8.155807,96.0,Honolulu
2024-12-27 13:31:00,8.155807,96.0,Honolulu
2024-12-27 13:32:00,8.155807,96.0,Honolulu
2024-12-27 14:00:00,8.155807,96.0,Honolulu
2024-12-27 14:01:00,8.155807,96.0,Honolulu
2024-12-27 14:02:00,8.155807,96.0,Honolulu
2024-12-27 14:30:00,8.155807,96.0,Honolulu
2024-12-27 14:31:00,4.5,100.0,Honolulu
2024-12-27 14:32:00,4.5,100.0,Honolulu
2024-12-27 15:00:00,4.5,100.0,Honolulu
2024-12-27 15:01:00,4.5,100.0,Honolulu
2024-12-27 15:02:00,4.5,100.0,Honolulu
2024-12-27 15:30:00,2.5264204,100.0,Honolulu
2024-12-27 15:31:00,2.5264204,100.0,Honolulu
2024-12-27 15:32:00,2.5264204,100.0,Honolulu
2024-12-27 16:00:00,2.5264204,100.0,Honolulu
2024-12-27 16:01:00,2.5264204,100.0,Honolulu
2024-12-27 16:02:00,2.5264204,100.0,Honolulu
2024-12-27 16:30:00,2.5264204,100.0,Honolulu
2024-12-27 16:31:00,6.9270773,84.0,Honolulu
2024-12-27 16:32:00,6.9270773,84.0,Honolulu
2024-12-27 17:00:00,6.9270773,84.0,Honolulu
2024-12-27 17:01:00,6.9270773,84.0,Honolulu
2024-12-27 17:02:00,6.9270773,84.0,Honolulu
2024-12-27 17:30:00,7.0107627,34.0,Honolulu
2024-12-27 17:31:00,7.0107627,34.0,Honolulu
2024-12-27 17:32:00,7.0107627,34.0,Honolulu
2024-12-27 18:00:00,7.0107627,34.0,Honolulu
2024-12-27 18:01:00,7.0107627,34.0,Honolulu
2024-12-27 18:02:00,7.0107627,34.0,Honolulu
2024-12-27 18:30:00,7.0107627,34.0,Honolulu
2024-12-27 18:31:00,6.9527545,21.0,Honolulu
2024-12-27 18:32:00,6.9527545,21.0,Honolulu
2024-12-27 19:00:00,6.9527545,21.0,Honolulu
2024-12-27 19:01:00,6.9527545,21.0,Honolulu
2024-12-27 19:02:00,6.9527545,21.0,Honolulu
2024-12-27 19:30:00,8.089993,21.0,Honolulu
2024-12-27 19:31:00,8.089993,21.0,Honolulu
2024-12-27 19:32:00,8.089993,21.0,Honolulu
2024-12-27 20:00:00,8.089993,21.0,Honolulu
2024-12-27 20:01:00,8.089993,21.0,Honolulu
2024-12-27 20:02:00,8.089993,21.0,Honolulu
2024-12-27 20:30:00,8.089993,21.0,Honolulu
2024-12-27 20:31:00,5.8852015,34.0,Honolulu
2024-12-27 20:32:00,5.8852015,34.0,Honolulu
2024-12-27 21:00:00,5.8852015,34.0,Honolulu
2024-12-27 21:01:00,5.8852015,34.0,Honolulu
2024-12-27 21:02:00,5.8852015,34.0,Honolulu
2024-12-27 21:30:00,11.578912,55.0,Honolulu
2024-12-27 21:31:00,11.578912,55.0,Honolulu
2024-12-27 21:32:00,11.578912,55.0,Honolulu
2024-12-27 22:00:00,11.578912,55.0,Honolulu
2024-12-27 22:01:00,11.578912,55.0,Honolulu
2024-12-27 22:02:00,11.578912,55.0,Honolulu
2024-12-27 22:30:00,11.578912,55.0,Honolulu
2024-12-27 22:31:00,11.9140415,22.0,Honolulu
2024-12-27 22:32:00,11.9140415,22.0,Honolulu
2024-12-27 23:00:00,11.9140415,22.0,Honolulu
2024-12-27 23:01:00,11.9140415,22.0,Honolulu
2024-12-27 23:02:00,11.9140415,22.0,Honolulu
2024-12-27 23:30:00,10.897063,16.0,Honolulu
2024-12-27 23:31:00,10.897063,16.0,Honolulu
2024-12-27 23:32:00,10.897063,16.0,Honolulu
2024-12-28 00:00:00,10.897063,16.0,Honolulu
2024-12-28 00:01:00,10.897063,16.0,Honolulu
2024-12-28 00:02:00,10.897063,16.0,Honolulu
2024-12-28 00:30:00,10.897063,16.0,Honolulu
2024-12-28 00:31:00,11.48761,29.0,Honolulu
2024-12-28 00:32:00,11.48761,29.0,Honolulu
2024-12-28 01:00:00,11.48761,29.0,Honolulu
2024-12-28 01:01:00,11.48761,29.0,Honolulu
2024-12-28 01:02:00,11.48761,29.0,Honolulu
2024-12-28 01:30:00,12.031756,18.0,Honolulu
2024-12-28 01:31:00,12.031756,18.0,Honolulu
2024-12-28 01:32:00,12.031756,18.0,Honolulu
2024-12-28 02:00:00,12.031756,18.0,Honolulu
2024-12-28 02:01:00,12.031756,18.0,Honolulu
2024-12-28 02:02:00,12.031756,18.0,Honolulu
2024-12-28 02:30:00,12.031756,18.0,Honolulu
2024-12-28 02:31:00,12.800266,11.0,Honolulu
2024-12-28 02:32:00,12.800266,11.0,Honolulu
2024-12-28 03:00:00,12.800266,11.0,Honolulu
2024-12-28 03:01:00,12.800266,11.0,Honolulu
2024-12-28 03:02:00,12.800266,11.0,Honolulu
2024-12-28 03:30:00,11.659777,3.0,Honolulu
2024-12-28 03:31:00,11.659777,3.0,Honolulu
2024-12-28 03:32:00,11.659777,3.0,Honolulu
2024-12-28 04:00:00,11.659777,3.0,Honolulu
2024-12-28 04:01:00,11.659777,3.0,Honolulu
2024-12-28 04:02:00,11.659777,3.0,Honolulu
2024-12-28 04:30:00,11.659777,3.0,Honolulu
2024-12-28 04:31:00,9.621163,7.0,Honolulu
2024-12-28 04:32:00,9.621163,7.0,Honolulu
2024-12-28 05:00:00,9.621163,7.0,Honolulu
2024-12-28 05:01:00,9.621163,7.0,Honolulu
2024-12-28 05:02:00,9.621163,7.0,Honolulu
2024-12-28 05:30:00,9.109138,27.0,Honolulu
2024-12-28 05:31:00,9.109138,27.0,Honolulu
2024-12-28 05:32:00,9.109138,27.0,Honolulu
2024-12-28 06:00:00,9.109138,27.0,Honolulu
2024-12-28 06:01:00,9.109138,27.0,Honolulu
2024-12-28 06:02:00,9.109138,27.0,Honolulu
2024-12-28 06:30:00,9.109138,27.0,Honolulu
2024-12-28 06:31:00,10.234705,29.0,Honolulu
2024-12-28 06:32:00,10.234705,29.0,Honolulu
2024-12-28 07:00:00,10.234705,29.0,Honolulu
2024-12-28 07:01:00,10.234705,29.0,Honolulu
2024-12-28 07:02:00,10.234705,29.0,Honolulu
2024-12-28 07:30:00,11.43248,29.0,Honolulu
2024-12-28 07:31:00,11.43248,29.0,Honolulu
2024-12-28 07:32:00,11.43248,29.0,Honolulu
2024-12-28 08:00:00,11.43248,29.0,Honolulu
2024-12-28 08:01:00,11.43248,29.0,Honolulu
2024-12-28 08:02:00,11.43248,29.0,Honolulu
2024-12-28 08:30:00,11.43248,29.0,Honolulu
2024-12-28 08:31:00,16.431347,44.0,Honolulu
2024-12-28 08:32:00,16.431347,44.0,Honolulu
2024-12-28 09:00:00,16.431347,44.0,Honolulu
2024-12-28 09:01:00,16.431347,44.0,Honolulu
2024-12-28 09:02:00,16.431347,44.0,Honolulu
2024-12-28 09:30:00,17.71423,51.0,Honolulu
2024-12-28 09:31:00,17.71423,51.0,Honolulu
2024-12-28 09:32:00,17.71423,51.0,Honolulu
2024-12-28 10:00:00,17.71423,51.0,Honolulu
2024-12-28 10:01:00,17.71423,51.0,Honolulu
2024-12-28 10:02:00,17.71423,51.0,Honolulu
2024-12-28 10:30:00,17.71423,51.0,Honolulu
2024-12-28 10:31:00,18.35647,45.0,Honolulu
2024-12-28 10:32:00,18.35647,45.0,Honolulu
2024-12-28 11:00:00,18.35647,45.0,Honolulu
2024-12-28 11:01:00,18.35647,45.0,Honolulu
2024-12-28 11:02:00,18.35647,45.0,Honolulu
2024-12-28 11:30:00,19.139341,66.0,Honolulu
2024-12-28 11:31:00,19.139341,66.0,Honolulu
2024-12-28 11:32:00,19.139341,66.0,Honolulu
2024-12-28 12:00:00,19.139341,66.0,Honolulu
2024-12-28 12:01:00,19.139341,66.0,Honolulu
2024-12-28 12:02:00,19.139341,66.0,Honolulu
2024-12-28 12:30:00,19.139341,66.0,Honolulu
2024-12-28 12:31:00,18.289274,66.0,Honolulu
2024-12-28 12:32:00,18.289274,66.0,Honolulu
2024-12-28 13:00:00,18.289274,66.0,Honolulu
2024-12-28 13:01:00,18.289274,66.0,Honolulu
2024-12-28 13:02:00,18.289274,66.0,Honolulu
2024-12-28 13:30:00,18.080818,69.0,Honolulu
2024-12-28 13:31:00,18.080818,69.0,Honolulu
2024-12-28 13:32:00,18.080818,69.0,Honolulu
2024-12-28 14:00:00,18.080818,69.0,Honolulu
2024-12-28 14:01:00,18.080818,69.0,Honolulu
2024-12-28 14:02:00,18.080818,69.0,Honolulu
2024-12-28 14:30:00,18.080818,69.0,Honolulu
2024-12-28 14:31:00,15.444377,23.0,Honolulu
2024-12-28 14:32:00,15.444377,23.0,Honolulu
2024-12-28 15:00:00,15.444377,23.0,Honolulu
2024-12-28 15:01:00,15.444377,23.0,Honolulu
2024-12-28 15:02:00,15.444377,23.0,Honolulu
2024-12-28 15:30:00,15.530151,24.0,Honolulu
2024-12-28 15:31:00,15.530151,24.0,Honolulu
2024-12-28 15:32:00,15.530151,24.0,Honolulu
2024-12-28 16:00:00,15.530151,24.0,Honolulu
2024-12-28 16:01:00,15.530151,24.0,Honolulu
2024-12-28 16:02:00,15.530151,24.0,Honolulu
2024-12-28 16:30:00,15.530151,24.0,Honolulu
2024-12-28 16:31:00,14.766584,32.0,Honolulu
2024-12-28 16:32:00,14.766584,32.0,Honolulu
2024-12-28 17:00:00,14.766584,32.0,Honolulu
2024-12-28 17:01:00,14.766584,32.0,Honolulu
2024-12-28 17:02:00,14.766584,32.0,Honolulu
2024-12-28 17:30:00,14.410121,20.0,Honolulu
2024-12-28 17:31:00,14.410121,20.0,Honolulu
2024-12-28 17:32:00,14.410121,20.0,Honolulu
2024-12-28 18:00:00,14.410121,20.0,Honolulu
2024-12-28 18:01:00,14.410121,20.0,Honolulu
2024-12-28 18:02:00,14.410121,20.0,Honolulu
2024-12-28 18:30:00,14.410121,20.0,Honolulu
2024-12-28 18:31:00,14.905261,26.0,Honolulu
2024-12-28 18:32:00,14.905261,26.0,Honolulu
2024-12-28 19:00:00,14.905261,26.0,Honolulu
2024-12-28 19:01:00,14.905261,26.0,Honolulu
2024-12-28 19:02:00,14.905261,26.0,Honolulu
2024-12-28 19:30:00,16.109749,32.0,Honolulu
2024-12-28 19:31:00,16.109749,32.0,Honolulu
2024-12-28 19:32:00,16.109749,32.0,Honolulu
2024-12-28 20:00:00,16.109749,32.0,Honolulu
2024-12-28 20:01:00,16.109749,32.0,Honolulu
2024-12-28 20:02:00,16.109749,32.0,Honolulu
2024-12-28 20:30:00,16.109749,32.0,Honolulu
2024-12-28 20:31:00,17.389341,48.0,Honolulu
2024-12-28 20:32:00,17.389341,48.0,Honolulu
2024-12-28 21:00:00,17.389341,48.0,Honolulu
2024-12-28 21:01:00,17.389341,48.0,Honolulu
2024-12-28 21:02:00,17.389341,48.0,Honolulu
2024-12-28 21:30:00,17.823637,45.0,Honolulu
2024-12-28 21:31:00,17.823637,45.0,Honolulu
2024-12-28 21:32:00,17.823637,45.0,Honolulu
2024-12-28 22:00:00,17.823637,45.0,Honolulu
2024-12-28 22:01:00,17.823637,45.0,Honolulu
2024-12-28 22:02:00,17.823637,45.0,Honolulu
2024-12-28 22:30:00,17.823637,45.0,Honolulu
2024-12-28 22:31:00,17.748037,33.0,Honolulu
2024-12-28 22:32:00,17.748037,33.0,Honolulu
2024-12-28 23:00:00,17.748037,33.0,Honolulu
2024-12-28 23:01:00,17.748037,33.0,Honolulu
2024-12-28 23:02:00,17.748037,33.0,Honolulu
2024-12-28 23:30:00,15.580141,27.0,Honolulu
2024-12-28 23:31:00,15.580141,27.0,Honolulu
2024-12-28 23:32:00,15.580141,27.0,Honolulu
2024-12-29 00:00:00,15.580141,27.0,Honolulu
2024-12-29 00:01:00,15.580141,27.0,Honolulu
2024-12-29 00:02:00,15.580141,27.0,Honolulu
2024-12-29 00:30:00,15.580141,27.0,Honolulu
2024-12-29 00:31:00,14.81915,56.0,Honolulu
2024-12-29 00:32:00,14.81915,56.0,Honolulu
2024-12-29 01:00:00,14.81915,56.0,Honolulu
2024-12-29 01:01:00,14.81915,56.0,Honolulu
2024-12-29 01:02:00,14.81915,56.0,Honolulu
2024-12-29 01:30:00,13.830749,53.0,Honolulu
2024-12-29 01:31:00,13.830749,53.0,Honolulu
2024-12-29 01:32:00,13.830749,53.0,Honolulu
2024-12-29 02:00:00,13.830749,53.0,Honolulu
2024-12-29 02:01:00,13.830749,53.0,Honolulu
2024-12-29 02:02:00,13.830749,53.0,Honolulu
2024-12-29 02:30:00,13.830749,53.0,Honolulu
2024-12-29 02:31:00,14.650938,47.0,Honolulu
2024-12-29 02:32:00,14.650938,47.0,Honolulu
2024-12-29 03:00:00,14.650938,47.0,Honolulu
2024-12-29 03:01:00,14.650938,47.0,Honolulu
2024-12-29 03:02:00,14.650938,47.0,Honolulu
2024-12-29 03:30:00,14.773164,26.0,Honolulu
2024-12-29 03:31:00,14.773164,26.0,Honolulu
2024-12-29 03:32:00,14.773164,26.0,Honolulu
2024-12-29 04:00:00,14.773164,26.0,Honolulu
2024-12-29 04:01:00,14.773164,26.0,Honolulu
2024-12-29 04:02:00,14.773164,26.0,Honolulu
2024-12-29 04:30:00,14.773164,26.0,Honolulu
2024-12-29 04:31:00,13.379461,56.0,Honolulu
2024-12-29 04:32:00,13.379461,56.0,Honolulu
2024-12-29 05:00:00,13.379461,56.0,Honolulu
2024-12-29 05:01:00,13.379461,56.0,Honolulu
2024-12-29 05:02:00,13.379461,56.0,Honolulu
2024-12-29 05:30:00,11.594292,65.0,Honolulu
2024-12-29 05:31:00,11.594292,65.0,Honolulu
2024-12-29 05:32:00,11.594292,65.0,Honolulu
2024-12-29 06:00:00,11.594292,65.0,Honolulu
2024-12-29 06:01:00,11.594292,65.0,Honolulu
2024-12-29 06:02:00,11.594292,65.0,Honolulu
2024-12-29 06:30:00,11.594292,65.0,Honolulu
2024-12-29 06:31:00,9.473541,69.0,Honolulu
2024-12-29 06:32:00,9.473541,69.0,Honolulu
2024-12-29 07:00:00,9.473541,69.0,Honolulu
2024-12-29 07:01:00,9.473541,69.0,Honolulu
2024-12-29 07:02:00,9.473541,69.0,Honolulu
2024-12-29 07:30:00,14.450535,31.0,Honolulu
2024-12-29 07:31:00,14.450535,31.0,Honolulu
2024-12-29 07:32:00,14.450535,31.0,Honolulu
2024-12-29 08:00:00,14.450535,31.0,Honolulu
2024-12-29 08:01:00,14.450535,31.0,Honolulu
2024-12-29 08:02:00,14.450535,31.0,Honolulu
2024-12-29 08:30:00,14.450535,31.0,Honolulu
2024-12-29 08:31:00,14.935662,22.0,Honolulu
2024-12-29 08:32:00,14.935662,22.0,Honolulu
2024-12-29 09:00:00,14.935662,22.0,Honolulu
2024-12-29 09:01:00,14.935662,22.0,Honolulu
2024-12-29 09:02:00,14.935662,22.0,Honolulu
2024-12-29 09:30:00,19.42833,17.0,Honolulu
2024-12-29 09:31:00,19.42833,17.0,Honolulu
2024-12-29 09:32:00,19.42833,17.0,Honolulu
2024-12-29 10:00:00,19.42833,17.0,Honolulu
2024-12-29 10:01:00,19.42833,17.0,Honolulu
2024-12-29 10:02:00,19.42833,17.0,Honolulu
2024-12-29 10:30:00,19.42833,17.0,Honolulu
2024-12-29 10:31:00,20.380579,31.0,Honolulu
2024-12-29 10:32:00,20.380579,31.0,Honolulu
2024-12-29 11:00:00,20.380579,31.0,Honolulu
2024-12-29 11:01:00,20.380579,31.0,Honolulu
2024-12-29 11:02:00,20.380579,31.0,Honolulu
2024-12-29 11:30:00,21.67487,44.0,Honolulu
2024-12-29 11:31:00,21.67487,44.0,Honolulu
2024-12-29 11:32:00,21.67487,44.0,Honolulu
2024-12-29 12:00:00,21.67487,44.0,Honolulu
2024-12-29 12:01:00,21.67487,44.0,Honolulu
2024-12-29 12:02:00,21.67487,44.0,Honolulu
2024-12-29 12:30:00,21.67487,44.0,Honolulu
2024-12-29 12:31:00,22.309835,38.0,Honolulu
2024-12-29 12:32:00,22.309835,38.0,Honolulu
2024-12-29 13:00:00,22.309835,38.0,Honolulu
2024-12-29 13:01:00,22.309835,38.0,Honolulu
2024-12-29 13:02:00,22.309835,38.0,Honolulu
2024-12-29 13:30:00,22.543158,40.0,Honolulu
2024-12-29 13:31:00,22.543158,40.0,Honolulu
2024-12-29 13:32:00,22.543158,40.0,Honolulu
2024-12-29 14:00:00,22.543158,40.0,Honolulu
2024-12-29 14:01:00,22.543158,40.0,Honolulu
2024-12-29 14:02:00,22.543158,40.0,Honolulu
2024-12-29 14:30:00,22.543158,40.0,Honolulu
2024-12-29 14:31:00,19.357325,30.0,Honolulu
2024-12-29 14:32:00,19.357325,30.0,Honolulu
2024-12-29 15:00:00,19.357325,30.0,Honolulu
2024-12-29 15:01:00,19.357325,30.0,Honolulu
2024-12-29 15:02:00,19.357325,30.0,Honolulu
2024-12-29 15:30:00,18.337044,22.0,Honolulu
2024-12-29 15:31:00,18.337044,22.0,Honolulu
2024-12-29 15:32:00,18.337044,22.0,Honolulu
2024-12-29 16:00:00,18.337044,22.0,Honolulu
2024-12-29 16:01:00,18.337044,22.0,Honolulu
2024-12-29 16:02:00,18.337044,22.0,Honolulu
2024-12-29 16:30:00,18.337044,22.0,Honolulu
2024-12-29 16:31:00,15.661035,22.0,Honolulu
2024-12-29 16:32:00,15.661035,22.0,Honolulu
2024-12-29 17:00:00,15.661035,22.0,Honolulu
2024-12-29 17:01:00,15.661035,22.0,Honolulu
2024-12-29 17:02:00,15.661035,22.0,Honolulu
2024-12-29 17:30:00,12.7279215,24.0,Honolulu
2024-12-29 17:31:00,12.7279215,24.0,Honolulu
2024-12-29 17:32:00,12.7279215,24.0,Honolulu
2024-12-29 18:00:00,12.7279215,24.0,Honolulu
2024-12-29 18:01:00,12.7279215,24.0,Honolulu
2024-12-29 18:02:00,12.7279215,24.0,Honolulu
2024-12-29 18:30:00,12.7279215,24.0,Honolulu
2024-12-29 18:31:00,13.14,13.0,Honolulu
2024-12-29 18:32:00,13.14,13.0,Honolulu
2024-12-29 19:00:00,13.14,13.0,Honolulu
2024-12-29 19:01:00,13.14,13.0,Honolulu
2024-12-29 19:02:00,13.14,13.0,Honolulu
2024-12-29 19:30:00,14.05845,15.0,Honolulu
2024-12-29 19:31:00,14.05845,15.0,Honolulu
2024-12-29 19:32:00,14.05845,15.0,Honolulu
2024-12-29 20:00:00,14.05845,15.0,Honolulu
2024-12-29 20:01:00,14.05845,15.0,Honolulu
2024-12-29 20:02:00,14.05845,15.0,Honolulu
2024-12-29 20:30:00,14.05845,15.0,Honolulu
2024-12-29 20:31:00,14.84318,15.0,Honolulu
2024-12-29 20:32:00,14.84318,15.0,Honolulu
2024-12-29 21:00:00,14.84318,15.0,Honolulu
2024-12-29 21:01:00,14.84318,15.0,Honolulu
2024-12-29 21:02:00,14.84318,15.0,Honolulu
2024-12-29 21:30:00,14.25641,18.0,Honolulu
2024-12-29 21:31:00,14.25641,18.0,Honolulu
2024-12-29 21:32:00,14.25641,18.0,Honolulu
2024-12-29 22:00:00,14.25641,18.0,Honolulu
2024-12-29 22:01:00,14.25641,18.0,Honolulu
2024-12-29 22:02:00,14.25641,18.0,Honolulu
2024-12-29 22:30:00,14.25641,18.0,Honolulu
2024-12-29 22:31:00,13.666967,15.0,Honolulu
2024-12-29 22:32:00,13.666967,15.0,Honolulu
2024-12-29 23:00:00,13.666967,15.0,Honolulu
2024-12-29 23:01:00,13.666967,15.0,Honolulu
2024-12-29 23:02:00,13.666967,15.0,Honolulu
2024-12-29 23:30:00,13.830749,16.0,Honolulu
2024-12-29 23:31:00,13.830749,16.0,Honolulu
2024-12-29 23:32:00,13.830749,16.0,Honolulu
2024-12-30 00:00:00,13.830749,16.0,Honolulu
2024-12-30 00:01:00,13.830749,16.0,Honolulu
2024-12-30 00:02:00,13.830749,16.0,Honolulu
2024-12-30 00:30:00,13.830749,16.0,Honolulu
2024-12-30 00:31:00,12.37819,27.0,Honolulu
2024-12-30 00:32:00,12.37819,27.0,Honolulu
2024-12-30 01:00:00,12.37819,27.0,Honolulu
2024-12-30 01:01:00,12.37819,27.0,Honolulu
2024-12-30 01:02:00,12.37819,27.0,Honolulu
2024-12-30 01:30:00,11.734564,33.0,Honolulu
2024-12-30 01:31:00,11.734564,33.0,Honolulu
2024-12-30 01:32:00,11.734564,33.0,Honolulu
2024-12-30 02:00:00,11.734564,33.0,Honolulu
2024-12-30 02:01:00,11.734564,33.0,Honolulu
2024-12-30 02:02:00,11.734564,33.0,Honolulu
2024-12-30 02:30:00,11.734564,33.0,Honolulu
2024-12-30 02:31:00,9.703319,29.0,Honolulu
2024-12-30 02:32:00,9.703319,29.0,Honolulu
2024-12-30 03:00:00,9.703319,29.0,Honolulu
2024-12-30 03:01:00,9.703319,29.0,Honolulu
2024-12-30 03:02:00,9.703319,29.0,Honolulu
2024-12-30 03:30:00,10.075177,54.0,Honolulu
2024-12-30 03:31:00,10.075177,54.0,Honolulu
2024-12-30 03:32:00,10.075177,54.0,Honolulu
2024-12-30 04:00:00,10.075177,54.0,Honolulu
2024-12-30 04:01:00,10.075177,54.0,Honolulu
2024-12-30 04:02:00,10.075177,54.0,Honolulu
2024-12-30 04:30:00,10.075177,54.0,Honolulu
2024-12-30 04:31:00,10.348043,88.0,Honolulu
2024-12-30 04:32:00,10.348043,88.0,Honolulu
2024-12-30 05:00:00,10.348043,88.0,Honolulu
2024-12-30 05:01:00,10.348043,88.0,Honolulu
2024-12-30 05:02:00,10.348043,88.0,Honolulu
2024-12-30 05:30:00,10.739832,37.0,Honolulu
2024-12-30 05:31:00,10.739832,37.0,Honolulu
2024-12-30 05:32:00,10.739832,37.0,Honolulu
2024-12-30 06:00:00,10.739832,37.0,Honolulu
2024-12-30 06:01:00,10.739832,37.0,Honolulu
2024-12-30 06:02:00,10.739832,37.0,Honolulu
2024-12-30 06:30:00,10.739832,37.0,Honolulu
2024-12-30 06:31:00,11.988594,49.0,Honolulu
2024-12-30 06:32:00,11.988594,49.0,Honolulu
2024-12-30 07:00:00,11.988594,49.0,Honolulu
2024-12-30 07:01:00,11.988594,49.0,Honolulu
2024-12-30 07:02:00,11.988594,49.0,Honolulu
2024-12-30 07:30:00,13.874019,22.0,Honolulu
2024-12-30 07:31:00,13.874019,22.0,Honolulu
2024-12-30 07:32:00,13.874019,22.0,Honolulu
2024-12-30 08:00:00,13.874019,22.0,Honolulu
2024-12-30 08:01:00,13.874019,22.0,Honolulu
2024-12-30 08:02:00,13.874019,22.0,Honolulu
2024-12-30 08:30:00,13.874019,22.0,Honolulu
2024-12-30 08:31:00,17.640919,16.0,Honolulu
2024-12-30 08:32:00,17.640919,16.0,Honolulu
2024-12-30 09:00:00,17.640919,16.0,Honolulu
2024-12-30 09:01:00,17.640919,16.0,Honolulu
2024-12-30 09:02:00,17.640919,16.0,Honolulu
2024-12-30 09:30:00,18.772715,5.0,Honolulu
2024-12-30 09:31:00,18.772715,5.0,Honolulu
2024-12-30 09:32:00,18.772715,5.0,Honolulu
2024-12-30 10:00:00,18.772715,5.0,Honolulu
2024-12-30 10:01:00,18.772715,5.0,Honolulu
2024-12-30 10:02:00,18.772715,5.0,Honolulu
2024-12-30 10:30:00,18.772715,5.0,Honolulu
2024-12-30 10:31:00,21.522614,28.0,Honolulu
2024-12-30 10:32:00,21.522614,28.0,Honolulu
2024-12-30 11:00:00,21.522614,28.0,Honolulu
2024-12-30 11:01:00,21.522614,28.0,Honolulu
2024-12-30 11:02:00,21.522614,28.0,Honolulu
2024-12-30 11:30:00,23.183693,39.0,Honolulu
2024-12-30 11:31:00,23.183693,39.0,Honolulu
2024-12-30 11:32:00,23.183693,39.0,Honolulu
2024-12-30 12:00:00,23.183693,39.0,Honolulu
2024-12-30 12:01:00,23.183693,39.0,Honolulu
2024-12-30 12:02:00,23.183693,39.0,Honolulu
2024-12-30 12:30:00,23.183693,39.0,Honolulu
2024-12-30 12:31:00,24.327318,56.0,Honolulu
2024-12-30 12:32:00,24.327318,56.0,Honolulu
2024-12-30 13:00:00,24.327318,56.0,Honolulu
2024-12-30 13:01:00,24.327318,56.0,Honolulu
2024-12-30 13:02:00,24.327318,56.0,Honolulu
2024-12-30 13:30:00,25.129185,56.0,Honolulu
2024-12-30 13:31:00,25.129185,56.0,Honolulu
2024-12-30 13:32:00,25.129185,56.0,Honolulu
2024-12-30 14:00:00,25.129185,56.0,Honolulu
2024-12-30 14:01:00,25.129185,56.0,Honolulu
2024-12-30 14:02:00,25.129185,56.0,Honolulu
2024-12-30 14:30:00,25.129185,56.0,Honolulu
2024-12-30 14:31:00,22.013786,68.0,Honolulu
2024-12-30 14:32:00,22.013786,68.0,Honolulu
2024-12-30 15:00:00,22.013786,68.0,Honolulu
2024-12-30 15:01:00,22.013786,68.0,Honolulu
2024-12-30 15:02:00,22.013786,68.0,Honolulu
2024-12-30 15:30:00,21.794127,53.0,Honolulu
2024-12-30 15:31:00,21.794127,53.0,Honolulu
2024-12-30 15:32:00,21.794127,53.0,Honolulu
2024-12-30 16:00:00,21.794127,53.0,Honolulu
2024-12-30 16:01:00,21.794127,53.0,Honolulu
2024-12-30 16:02:00,21.794127,53.0,Honolulu
2024-12-30 16:30:00,21.794127,53.0,Honolulu
2024-12-30 16:31:00,20.68356,50.0,Honolulu
2024-12-30 16:32:00,20.68356,50.0,Honolulu
2024-12-30 17:00:00,20.68356,50.0,Honolulu
2024-12-30 17:01:00,20.68356,50.0,Honolulu
2024-12-30 17:02:00,20.68356,50.0,Honolulu
2024-12-30 17:30:00,19.42833,18.0,Honolulu
2024-12-30 17:31:00,19.42833,18.0,Honolulu
2024-12-30 17:32:00,19.42833,18.0,Honolulu
2024-12-30 18:00:00,19.42833,18.0,Honolulu
2024-12-30 18:01:00,19.42833,18.0,Honolulu
2024-12-30 18:02:00,19.42833,18.0,Honolulu
2024-12-30 18:30:00,19.42833,18.0,Honolulu
2024-12-30 18:31:00,20.448032,25.0,Honolulu
2024-12-30 18:32:00,20.448032,25.0,Honolulu
2024-12-30 19:00:00,20.448032,25.0,Honolulu
2024-12-30 19:01:00,20.448032,25.0,Honolulu
2024-12-30 19:02:00,20.448032,25.0,Honolulu
2024-12-30 19:30:00,19.272614,14.0,Honolulu
2024-12-30 19:31:00,19.272614,14.0,Honolulu
2024-12-30 19:32:00,19.272614,14.0,Honolulu
2024-12-30 20:00:00,19.272614,14.0,Honolulu
2024-12-30 20:01:00,19.272614,14.0,Honolulu
2024-12-30 20:02:00,19.272614,14.0,Honolulu
2024-12-30 20:30:00,19.272614,14.0,Honolulu
2024-12-30 20:31:00,19.070658,25.0,Honolulu
2024-12-30 20:32:00,19.070658,25.0,Honolulu
2024-12-30 21:00:00,19.070658,25.0,Honolulu
2024-12-30 21:01:00,19.070658,25.0,Honolulu
2024-12-30 21:02:00,19.070658,25.0,Honolulu
2024-12-30 21:30:00,19.125793,16.0,Honolulu
2024-12-30 21:31:00,19.125793,16.0,Honolulu
2024-12-30 21:32:00,19.125793,16.0,Honolulu
2024-12-30 22:00:00,19.125793,16.0,Honolulu
2024-12-30 22:01:00,19.125793,16.0,Honolulu
2024-12-30 22:02:00,19.125793,16.0,Honolulu
2024-12-30 22:30:00,19.125793,16.0,Honolulu
2024-12-30 22:31:00,19.941854,60.0,Honolulu
2024-12-30 22:32:00,19.941854,60.0,Honolulu
2024-12-30 23:00:00,19.941854,60.0,Honolulu
2024-12-30 23:01:00,19.941854,60.0,Honolulu
2024-12-30 23:02:00,19.941854,60.0,Honolulu
2024-12-30 23:30:00,20.20575,42.0,Honolulu
2024-12-30 23:31:00,20.20575,42.0,Honolulu
2024-12-30 23:32:00,20.20575,42.0,Honolulu
2024-12-31 00:00:00,20.20575,42.0,Honolulu
2024-12-31 00:01:00,20.20575,42.0,Honolulu
2024-12-31 00:02:00,20.20575,42.0,Honolulu
2024-12-31 00:30:00,20.20575,42.0,Honolulu
2024-12-31 00:31:00,20.12461,34.0,Honolulu
2024-12-31 00:32:00,20.12461,34.0,Honolulu
2024-12-31 01:00:00,20.12461,34.0,Honolulu
2024-12-31 01:01:00,20.12461,34.0,Honolulu
2024-12-31 01:02:00,20.12461,34.0,Honolulu
2024-12-31 01:30:00,19.966211,52.0,Honolulu
2024-12-31 01:31:00,19.966211,52.0,Honolulu
2024-12-31 01:32:00,19.966211,52.0,Honolulu
2024-12-31 02:00:00,19.966211,52.0,Honolulu
2024-12-31 02:01:00,19.966211,52.0,Honolulu
2024-12-31 02:02:00,19.966211,52.0,Honolulu
2024-12-31 02:30:00,19.966211,52.0,Honolulu
2024-12-31 02:31:00,18.800308,25.0,Honolulu
2024-12-31 02:32:00,18.800308,25.0,Honolulu
2024-12-31 03:00:00,18.800308,25.0,Honolulu
2024-12-31 03:01:00,18.800308,25.0,Honolulu
2024-12-31 03:02:00,18.800308,25.0,Honolulu
2024-12-31 03:30:00,18.526888,14.0,Honolulu
2024-12-31 03:31:00,18.526888,14.0,Honolulu
2024-12-31 03:32:00,18.526888,14.0,Honolulu
2024-12-31 04:00:00,18.526888,14.0,Honolulu
2024-12-31 04:01:00,18.526888,14.0,Honolulu
2024-12-31 04:02:00,18.526888,14.0,Honolulu
2024-12-31 04:30:00,18.526888,14.0,Honolulu
2024-12-31 04:31:00,17.823637,12.0,Honolulu
2024-12-31 04:32:00,17.823637,12.0,Honolulu
2024-12-31 05:00:00,17.823637,12.0,Honolulu
2024-12-31 05:01:00,17.823637,12.0,Honolulu
2024-12-31 05:02:00,17.823637,12.0,Honolulu
2024-12-31 05:30:00,17.258425,9.0,Honolulu
2024-12-31 05:31:00,17.258425,9.0,Honolulu
2024-12-31 05:32:00,17.258425,9.0,Honolulu
2024-12-31 06:00:00,17.258425,9.0,Honolulu
2024-12-31 06:01:00,17.258425,9.0,Honolulu
2024-12-31 06:02:00,17.258425,9.0,Honolulu
2024-12-31 06:30:00,17.258425,9.0,Honolulu
2024-12-31 06:31:00,17.873556,16.0,Honolulu
2024-12-31 06:32:00,17.873556,16.0,Honolulu
2024-12-31 07:00:00,17.873556,16.0,Honolulu
2024-12-31 07:01:00,17.873556,16.0,Honolulu
2024-12-31 07:02:00,17.873556,16.0,Honolulu
2024-12-31 07:30:00,18.770126,11.0,Honolulu
2024-12-31 07:31:00,18.770126,11.0,Honolulu
2024-12-31 07:32:00,18.770126,11.0,Honolulu
2024-12-31 08:00:00,18.770126,11.0,Honolulu
2024-12-31 08:01:00,18.770126,11.0,Honolulu
2024-12-31 08:02:00,18.770126,11.0,Honolulu
2024-12-31 08:30:00,18.770126,11.0,Honolulu
2024-12-31 08:31:00,21.492483,14.0,Honolulu
2024-12-31 08:32:00,21.492483,14.0,Honolulu
2024-12-31 09:00:00,21.492483,14.0,Honolulu
2024-12-31 09:01:00,21.492483,14.0,Honolulu
2024-12-31 09:02:00,21.492483,14.0,Honolulu
2024-12-31 09:30:00,21.060001,22.0,Honolulu
2024-12-31 09:31:00,21.060001,22.0,Honolulu
2024-12-31 09:32:00,21.060001,22.0,Honolulu
2024-12-31 10:00:00,21.060001,22.0,Honolulu
2024-12-31 10:01:00,21.060001,22.0,Honolulu
2024-12-31 10:02:00,21.060001,22.0,Honolulu
2024-12-31 10:30:00,21.060001,22.0,Honolulu
2024-12-31 10:31:00,21.413193,35.0,Honolulu
2024-12-31 10:32:00,21.413193,35.0,Honolulu
2024-12-31 11:00:00,21.413193,35.0,Honolulu
2024-12-31 11:01:00,21.413193,35.0,Honolulu
2024-12-31 11:02:00,21.413193,35.0,Honolulu
2024-12-31 11:30:00,21.993908,50.0,Honolulu
2024-12-31 11:31:00,21.993908,50.0,Honolulu
2024-12-31 11:32:00,21.993908,50.0,Honolulu
2024-12-31 12:00:00,21.993908,50.0,Honolulu
2024-12-31 12:01:00,21.993908,50.0,Honolulu
2024-12-31 12:02:00,21.993908,50.0,Honolulu
2024-12-31 12:30:00,21.993908,50.0,Honolulu
2024-12-31 12:31:00,22.86496,56.0,Honolulu
2024-12-31 12:32:00,22.86496,56.0,Honolulu
2024-12-31 13:00:00,22.86496,56.0,Honolulu
2024-12-31 13:01:00,22.86496,56.0,Honolulu
2024-12-31 13:02:00,22.86496,56.0,Honolulu
2024-12-31 13:30:00,23.185787,84.0,Honolulu
2024-12-31 13:31:00,23.185787,84.0,Honolulu
2024-12-31 13:32:00,23.185787,84.0,Honolulu
2024-12-31 14:00:00,23.185787,84.0,Honolulu
2024-12-31 14:01:00,23.185787,84.0,Honolulu
2024-12-31 14:02:00,23.185787,84.0,Honolulu
2024-12-31 14:30:00,23.185787,84.0,Honolulu
2024-12-31 14:31:00,21.67786,64.0,Honolulu
2024-12-31 14:32:00,21.67786,64.0,Honolulu
2024-12-31 15:00:00,21.67786,64.0,Honolulu
2024-12-31 15:01:00,21.67786,64.0,Honolulu
2024-12-31 15:02:00,21.67786,64.0,Honolulu
2024-12-31 15:30:00,20.64436,56.0,Honolulu
2024-12-31 15:31:00,20.64436,56.0,Honolulu
2024-12-31 15:32:00,20.64436,56.0,Honolulu
2024-12-31 16:00:00,20.64436,56.0,Honolulu
2024-12-31 16:01:00,20.64436,56.0,Honolulu
2024-12-31 16:02:00,20.64436,56.0,Honolulu
2024-12-31 16:30:00,20.64436,56.0,Honolulu
2024-12-31 16:31:00,19.777897,51.0,Honolulu
2024-12-31 16:32:00,19.777897,51.0,Honolulu
2024-12-31 17:00:00,19.777897,51.0,Honolulu
2024-12-31 17:01:00,19.777897,51.0,Honolulu
2024-12-31 17:02:00,19.777897,51.0,Honolulu
2024-12-31 17:30:00,17.183167,21.0,Honolulu
2024-12-31 17:31:00,17.183167,21.0,Honolulu
2024-12-31 17:32:00,17.183167,21.0,Honolulu
2024-12-31 18:00:00,17.183167,21.0,Honolulu
2024-12-31 18:01:00,17.183167,21.0,Honolulu
2024-12-31 18:02:00,17.183167,21.0,Honolulu
2024-12-31 18:30:00,17.183167,21.0,Honolulu
2024-12-31 18:31:00,16.443172,31.0,Honolulu
2024-12-31 18:32:00,16.443172,31.0,Honolulu
2024-12-31 19:00:00,16.443172,31.0,Honolulu
2024-12-31 19:01:00,16.443172,31.0,Honolulu
2024-12-31 19:02:00,16.443172,31.0,Honolulu
2024-12-31 19:30:00,16.176983,26.0,Honolulu
2024-12-31 19:31:00,16.176983,26.0,Honolulu
2024-12-31 19:32:00,16.176983,26.0,Honolulu
2024-12-31 20:00:00,16.176983,26.0,Honolulu
2024-12-31 20:01:00,16.176983,26.0,Honolulu
2024-12-31 20:02:00,16.176983,26.0,Honolulu
2024-12-31 20:30:00,16.176983,26.0,Honolulu
2024-12-31 20:31:00,15.561413,19.0,Honolulu
2024-12-31 20:32:00,15.561413,19.0,Honolulu
2024-12-31 21:00:00,15.561413,19.0,Honolulu
2024-12-31 21:01:00,15.561413,19.0,Honolulu
2024-12-31 21:02:00,15.561413,19.0,Honolulu
2024-12-31 21:30:00,16.458931,36.0,Honolulu
2024-12-31 21:31:00,16.458931,36.0,Honolulu
2024-12-31 21:32:00,16.458931,36.0,Honolulu
2024-12-31 22:00:00,16.458931,36.0,Honolulu
2024-12-31 22:01:00,16.458931,36.0,Honolulu
2024-12-31 22:02:00,16.458931,36.0,Honolulu
2024-12-31 22:30:00,16.458931,36.0,Honolulu
2024-12-31 22:31:00,16.45204,53.0,Honolulu
2024-12-31 22:32:00,16.45204,53.0,Honolulu
2024-12-31 23:00:00,16.45204,53.0,Honolulu
2024-12-31 23:01:00,16.45204,53.0,Honolulu
2024-12-31 23:02:00,16.45204,53.0,Honolulu
2024-12-31 23:30:00,16.308636,55.0,Honolulu
2024-12-31 23:31:00,16.308636,55.0,Honolulu
2024-12-31 23:32:00,16.308636,55.0,Honolulu
2025-01-01 00:00:00,16.308636,55.0,Honolulu
2025-01-01 00:01:00,16.308636,55.0,Honolulu
2025-01-01 00:02:00,16.308636,55.0,Honolulu
2025-01-01 00:30:00,16.308636,55.0,Honolulu
2025-01-01 00:31:00,16.176983,37.0,Honolulu
2025-01-01 00:32:00,16.176983,37.0,Honolulu
2025-01-01 01:00:00,16.176983,37.0,Honolulu
2025-01-01 01:01:00,16.176983,37.0,Honolulu
2025-01-01 01:02:00,16.176983,37.0,Honolulu
2025-01-01 01:30:00,15.975444,49.0,Honolulu
2025-01-01 01:31:00,15.975444,49.0,Honolulu
2025-01-01 01:32:00,15.975444,49.0,Honolulu
2025-01-01 02:00:00,15.975444,49.0,Honolulu
2025-01-01 02:01:00,15.975444,49.0,Honolulu
2025-01-01 02:02:00,15.975444,49.0,Honolulu
2025-01-01 02:30:00,15.975444,49.0,Honolulu
2025-01-01 02:31:00,13.849477,38.0,Honolulu
2025-01-01 02:32:00,13.849477,38.0,Honolulu
2025-01-01 03:00:00,13.849477,38.0,Honolulu
2025-01-01 03:01:00,13.849477,38.0,Honolulu
2025-01-01 03:02:00,13.849477,38.0,Honolulu
2025-01-01 03:30:00,11.832176,40.0,Honolulu
2025-01-01 03:31:00,11.832176,40.0,Honolulu
2025-01-01 03:32:00,11.832176,40.0,Honolulu
2025-01-01 04:00:00,11.832176,40.0,Honolulu
2025-01-01 04:01:00,11.832176,40.0,Honolulu
2025-01-01 04:02:00,11.832176,40.0,Honolulu
2025-01-01 04:30:00,11.832176,40.0,Honolulu
2025-01-01 04:31:00,12.801531,37.0,Honolulu
2025-01-01 04:32:00,12.801531,37.0,Honolulu
2025-01-01 05:00:00,12.801531,37.0,Honolulu
2025-01-01 05:01:00,12.801531,37.0,Honolulu
2025-01-01 05:02:00,12.801531,37.0,Honolulu
2025-01-01 05:30:00,11.778658,35.0,Honolulu
2025-01-01 05:31:00,11.778658,35.0,Honolulu
2025-01-01 05:32:00,11.778658,35.0,Honolulu
2025-01-01 06:00:00,11.778658,35.0,Honolulu
2025-01-01 06:01:00,11.778658,35.0,Honolulu
2025-01-01 06:02:00,11.778658,35.0,Honolulu
2025-01-01 06:30:00,11.778658,35.0,Honolulu
2025-01-01 06:31:00,13.4903965,24.0,Honolulu
2025-01-01 06:32:00,13.4903965,24.0,Honolulu
2025-01-01 07:00:00,13.4903965,24.0,Honolulu
2025-01-01 07:01:00,13.4903965,24.0,Honolulu
2025-01-01 07:02:00,13.4903965,24.0,Honolulu
2025-01-01 07:30:00,14.81259,19.0,Honolulu
2025-01-01 07:31:00,14.81259,19.0,Honolulu
2025-01-01 07:32:00,14.81259,19.0,Honolulu
2025-01-01 08:00:00,14.81259,19.0,Honolulu
2025-01-01 08:01:00,14.81259,19.0,Honolulu
2025-01-01 08:02:00,14.81259,19.0,Honolulu
2025-01-01 08:30:00,14.81259,19.0,Honolulu
2025-01-01 08:31:00,17.533146,12.0,Honolulu
2025-01-01 08:32:00,17.533146,12.0,Honolulu
2025-01-01 09:00:00,17.533146,12.0,Honolulu
2025-01-01 09:01:00,17.533146,12.0,Honolulu
2025-01-01 09:02:00,17.533146,12.0,Honolulu
2025-01-01 09:30:00,18.992344,9.0,Honolulu
2025-01-01 09:31:00,18.992344,9.0,Honolulu
2025-01-01 09:32:00,18.992344,9.0,Honolulu
2025-01-01 10:00:00,18.992344,9.0,Honolulu
2025-01-01 10:01:00,18.992344,9.0,Honolulu
2025-01-01 10:02:00,18.992344,9.0,Honolulu
2025-01-01 10:30:00,18.992344,9.0,Honolulu
2025-01-01 10:31:00,18.556595,7.0,Honolulu
2025-01-01 10:32:00,18.556595,7.0,Honolulu
2025-01-01 11:00:00,18.556595,7.0,Honolulu
2025-01-01 11:01:00,18.556595,7.0,Honolulu
2025-01-01 11:02:00,18.556595,7.0,Honolulu
2025-01-01 11:30:00,18.673208,22.0,Honolulu
2025-01-01 11:31:00,18.673208,22.0,Honolulu
2025-01-01 11:32:00,18.673208,22.0,Honolulu
2025-01-01 12:00:00,18.673208,22.0,Honolulu
2025-01-01 12:01:00,18.673208,22.0,Honolulu
2025-01-01 12:02:00,18.673208,22.0,Honolulu
2025-01-01 12:30:00,18.673208,22.0,Honolulu
2025-01-01 12:31:00,17.950432,34.0,Honolulu
2025-01-01 12:32:00,17.950432,34.0,Honolulu
2025-01-01 13:00:00,17.950432,34.0,Honolulu
2025-01-01 13:01:00,17.950432,34.0,Honolulu
2025-01-01 13:02:00,17.950432,34.0,Honolulu
2025-01-01 13:30:00,20.87379,86.0,Honolulu
2025-01-01 13:31:00,20.87379,86.0,Honolulu
2025-01-01 13:32:00,20.87379,86.0,Honolulu
2025-01-01 14:00:00,20.87379,86.0,Honolulu
2025-01-01 14:01:00,20.87379,86.0,Honolulu
2025-01-01 14:02:00,20.87379,86.0,Honolulu
2025-01-01 14:30:00,20.87379,86.0,Honolulu
2025-01-01 14:31:00,22.104116,34.0,Honolulu
2025-01-01 14:32:00,22.104116,34.0,Honolulu
2025-01-01 15:00:00,22.104116,34.0,Honolulu
2025-01-01 15:01:00,22.104116,34.0,Honolulu
2025-01-01 15:02:00,22.104116,34.0,Honolulu
2025-01-01 15:30:00,21.2522,37.0,Honolulu
2025-01-01 15:31:00,21.2522,37.0,Honolulu
2025-01-01 15:32:00,21.2522,37.0,Honolulu
2025-01-01 16:00:00,21.2522,37.0,Honolulu
2025-01-01 16:01:00,21.2522,37.0,Honolulu
2025-01-01 16:02:00,21.2522,37.0,Honolulu
2025-01-01 16:30:00,21.2522,37.0,Honolulu
2025-01-01 16:31:00,16.825909,0.0,Honolulu
2025-01-01 16:32:00,16.825909,0.0,Honolulu
2025-01-01 17:00:00,16.825909,0.0,Honolulu
2025-01-01 17:01:00,16.825909,0.0,Honolulu
2025-01-01 17:02:00,16.825909,0.0,Honolulu
2025-01-01 17:30:00,15.141414,10.0,Honolulu
2025-01-01 17:31:00,15.141414,10.0,Honolulu
2025-01-01 17:32:00,15.141414,10.0,Honolulu
2025-01-01 18:00:00,15.141414,10.0,Honolulu
2025-01-01 18:01:00,15.141414,10.0,Honolulu
2025-01-01 18:02:00,15.141414,10.0,Honolulu
2025-01-01 18:30:00,15.141414,10.0,Honolulu
2025-01-01 18:31:00,15.060956,33.0,Honolulu
2025-01-01 18:32:00,15.060956,33.0,Honolulu
2025-01-01 19:00:00,15.060956,33.0,Honolulu
2025-01-01 19:01:00,15.060956,33.0,Honolulu
2025-01-01 19:02:00,15.060956,33.0,Honolulu
2025-01-01 19:30:00,17.183167,55.0,Honolulu
2025-01-01 19:31:00,17.183167,55.0,Honolulu
2025-01-01 19:32:00,17.183167,55.0,Honolulu
2025-01-01 20:00:00,17.183167,55.0,Honolulu
2025-01-01 20:01:00,17.183167,55.0,Honolulu
2025-01-01 20:02:00,17.183167,55.0,Honolulu
2025-01-01 20:30:00,17.183167,55.0,Honolulu
2025-01-01 20:31:00,16.516901,28.0,Honolulu
2025-01-01 20:32:00,16.516901,28.0,Honolulu
2025-01-01 21:00:00,16.516901,28.0,Honolulu
2025-01-01 21:01:00,16.516901,28.0,Honolulu
2025-01-01 21:02:00,16.516901,28.0,Honolulu
2025-01-01 21:30:00,17.363237,45.0,Honolulu
2025-01-01 21:31:00,17.363237,45.0,Honolulu
2025-01-01 21:32:00,17.363237,45.0,Honolulu
2025-01-01 22:00:00,17.363237,45.0,Honolulu
2025-01-01 22:01:00,17.363237,45.0,Honolulu
2025-01-01 22:02:00,17.363237,45.0,Honolulu
2025-01-01 22:30:00,17.363237,45.0,Honolulu
2025-01-01 22:31:00,16.580532,28.0,Honolulu
2025-01-01 22:32:00,16.580532,28.0,Honolulu
2025-01-01 23:00:00,16.580532,28.0,Honolulu
2025-01-01 23:01:00,16.580532,28.0,Honolulu
2025-01-01 23:02:00,16.580532,28.0,Honolulu
2025-01-01 23:30:00,14.654254,19.0,Honolulu
2025-01-01 23:31:00,14.654254,19.0,Honolulu
2025-01-01 23:32:00,14.654254,19.0,Honolulu
2025-01-02 00:00:00,14.654254,19.0,Honolulu
2025-01-02 00:01:00,14.654254,19.0,Honolulu
2025-01-02 00:02:00,14.654254,19.0,Honolulu
2025-01-02 00:30:00,14.654254,19.0,Honolulu
2025-01-02 00:31:00,14.897651,33.0,Honolulu
2025-01-02 00:32:00,14.897651,33.0,Honolulu
2025-01-02 01:00:00,14.897651,33.0,Honolulu
2025-01-02 01:01:00,14.897651,33.0,Honolulu
2025-01-02 01:02:00,14.897651,33.0,Honolulu
2025-01-02 01:30:00,15.053425,37.0,Honolulu
2025-01-02 01:31:00,15.053425,37.0,Honolulu
2025-01-02 01:32:00,15.053425,37.0,Honolulu
2025-01-02 02:00:00,15.053425,37.0,Honolulu
2025-01-02 02:01:00,15.053425,37.0,Honolulu
2025-01-02 02:02:00,15.053425,37.0,Honolulu
2025-01-02 02:30:00,15.053425,37.0,Honolulu
2025-01-02 02:31:00,16.917128,26.0,Honolulu
2025-01-02 02:32:00,16.917128,26.0,Honolulu
2025-01-02 03:00:00,16.917128,26.0,Honolulu
2025-01-02 03:01:00,16.917128,26.0,Honolulu
2025-01-02 03:02:00,16.917128,26.0,Honolulu
2025-01-02 03:30:00,16.913296,18.0,Honolulu
2025-01-02 03:31:00,16.913296,18.0,Honolulu
2025-01-02 03:32:00,16.913296,18.0,Honolulu
2025-01-02 04:00:00,16.913296,18.0,Honolulu
2025-01-02 04:01:00,16.913296,18.0,Honolulu
2025-01-02 04:02:00,16.913296,18.0,Honolulu
2025-01-02 04:30:00,16.913296,18.0,Honolulu
2025-01-02 04:31:00,15.410774,15.0,Honolulu
2025-01-02 04:32:00,15.410774,15.0,Honolulu
2025-01-02 05:00:00,15.410774,15.0,Honolulu
2025-01-02 05:01:00,15.410774,15.0,Honolulu
2025-01-02 05:02:00,15.410774,15.0,Honolulu
2025-01-02 05:30:00,13.878688,23.0,Honolulu
2025-01-02 05:31:00,13.878688,23.0,Honolulu
2025-01-02 05:32:00,13.878688,23.0,Honolulu
2025-01-02 06:00:00,13.878688,23.0,Honolulu
2025-01-02 06:01:00,13.878688,23.0,Honolulu
2025-01-02 06:02:00,13.878688,23.0,Honolulu
2025-01-02 06:30:00,13.878688,23.0,Honolulu
2025-01-02 06:31:00,11.481968,30.0,Honolulu
2025-01-02 06:32:00,11.481968,30.0,Honolulu
2025-01-02 07:00:00,11.481968,30.0,Honolulu
2025-01-02 07:01:00,11.481968,30.0,Honolulu
2025-01-02 07:02:00,11.481968,30.0,Honolulu
2025-01-02 07:30:00,11.866355,31.0,Honolulu
2025-01-02 07:31:00,11.866355,31.0,Honolulu
2025-01-02 07:32:00,11.866355,31.0,Honolulu
2025-01-02 08:00:00,11.866355,31.0,Honolulu
2025-01-02 08:01:00,11.866355,31.0,Honolulu
2025-01-02 08:02:00,11.866355,31.0,Honolulu
2025-01-02 08:30:00,11.866355,31.0,Honolulu
2025-01-02 08:31:00,18.228943,23.0,Honolulu
2025-01-02 08:32:00,18.228943,23.0,Honolulu
2025-01-02 09:00:00,18.228943,23.0,Honolulu
2025-01-02 09:01:00,18.228943,23.0,Honolulu
2025-01-02 09:02:00,18.228943,23.0,Honolulu
2025-01-02 09:30:00,18.665401,11.0,Honolulu
2025-01-02 09:31:00,18.665401,11.0,Honolulu
2025-01-02 09:32:00,18.665401,11.0,Honolulu
2025-01-02 10:00:00,18.665401,11.0,Honolulu
2025-01-02 10:01:00,18.665401,11.0,Honolulu
2025-01-02 10:02:00,18.665401,11.0,Honolulu
2025-01-02 10:30:00,18.665401,11.0,Honolulu
2025-01-02 10:31:00,18.307867,0.0,Honolulu
2025-01-02 10:32:00,18.307867,0.0,Honolulu
2025-01-02 11:00:00,18.307867,0.0,Honolulu
2025-01-02 11:01:00,18.307867,0.0,Honolulu
2025-01-02 11:02:00,18.307867,0.0,Honolulu
2025-01-02 11:30:00,20.170443,0.0,Honolulu
2025-01-02 11:31:00,20.170443,0.0,Honolulu
2025-01-02 11:32:00,20.170443,0.0,Honolulu
2025-01-02 12:00:00,20.170443,0.0,Honolulu
2025-01-02 12:01:00,20.170443,0.0,Honolulu
2025-01-02 12:02:00,20.170443,0.0,Honolulu
2025-01-02 12:30:00,20.170443,0.0,Honolulu
2025-01-02 12:31:00,21.573734,0.0,Honolulu
2025-01-02 12:32:00,21.573734,0.0,Honolulu
2025-01-02 13:00:00,21.573734,0.0,Honolulu
2025-01-02 13:01:00,21.573734,0.0,Honolulu
2025-01-02 13:02:00,21.573734,0.0,Honolulu
2025-01-02 13:30:00,21.347271,0.0,Honolulu
2025-01-02 13:31:00,21.347271,0.0,Honolulu
2025-01-02 13:32:00,21.347271,0.0,Honolulu
2025-01-02 14:00:00,21.347271,0.0,Honolulu
2025-01-02 14:01:00,21.347271,0.0,Honolulu
2025-01-02 14:02:00,21.347271,0.0,Honolulu
2025-01-02 14:30:00,21.347271,0.0,Honolulu
2025-01-02 14:31:00,17.512806,0.0,Honolulu
2025-01-02 14:32:00,17.512806,0.0,Honolulu
2025-01-02 15:00:00,17.512806,0.0,Honolulu
2025-01-02 15:01:00,17.512806,0.0,Honolulu
2025-01-02 15:02:00,17.512806,0.0,Honolulu
2025-01-02 15:30:00,20.57125,0.0,Honolulu
2025-01-02 15:31:00,20.57125,0.0,Honolulu
2025-01-02 15:32:00,20.57125,0.0,Honolulu
2025-01-02 16:00:00,20.57125,0.0,Honolulu
2025-01-02 16:01:00,20.57125,0.0,Honolulu
2025-01-02 16:02:00,20.57125,0.0,Honolulu
2025-01-02 16:30:00,20.57125,0.0,Honolulu
2025-01-02 16:31:00,18.11215,5.0,Honolulu
2025-01-02 16:32:00,18.11215,5.0,Honolulu
2025-01-02 17:00:00,18.11215,5.0,Honolulu
2025-01-02 17:01:00,18.11215,5.0,Honolulu
2025-01-02 17:02:00,18.11215,5.0,Honolulu
2025-01-02 17:30:00,12.267762,10.0,Honolulu
2025-01-02 17:31:00,12.267762,10.0,Honolulu
2025-01-02 17:32:00,12.267762,10.0,Honolulu
2025-01-02 18:00:00,12.267762,10.0,Honolulu
2025-01-02 18:01:00,12.267762,10.0,Honolulu
2025-01-02 18:02:00,12.267762,10.0,Honolulu
2025-01-02 18:30:00,12.267762,10.0,Honolulu
2025-01-02 18:31:00,7.44121,4.0,Honolulu
2025-01-02 18:32:00,7.44121,4.0,Honolulu
2025-01-02 19:00:00,7.44121,4.0,Honolulu
2025-01-02 19:01:00,7.44121,4.0,Honolulu
2025-01-02 19:02:00,7.44121,4.0,Honolulu
2025-01-02 19:30:00,6.384293,4.0,Honolulu
2025-01-02 19:31:00,6.384293,4.0,Honolulu
2025-01-02 19:32:00,6.384293,4.0,Honolulu
2025-01-02 20:00:00,6.384293,4.0,Honolulu
2025-01-02 20:01:00,6.384293,4.0,Honolulu
2025-01-02 20:02:00,6.384293,4.0,Honolulu
2025-01-02 20:30:00,6.384293,4.0,Honolulu
2025-01-02 20:31:00,6.050785,15.0,Honolulu
2025-01-02 20:32:00,6.050785,15.0,Honolulu
2025-01-02 21:00:00,6.050785,15.0,Honolulu
2025-01-02 21:01:00,6.050785,15.0,Honolulu
2025-01-02 21:02:00,6.050785,15.0,Honolulu
2025-01-02 21:30:00,5.896202,8.0,Honolulu
2025-01-02 21:31:00,5.896202,8.0,Honolulu
2025-01-02 21:32:00,5.896202,8.0,Honolulu
2025-01-02 22:00:00,5.896202,8.0,Honolulu
2025-01-02 22:01:00,5.896202,8.0,Honolulu
2025-01-02 22:02:00,5.896202,8.0,Honolulu
2025-01-02 22:30:00,5.896202,8.0,Honolulu
2025-01-02 22:31:00,6.7205353,3.0,Honolulu
2025-01-02 22:32:00,6.7205353,3.0,Honolulu
2025-01-02 23:00:00,6.7205353,3.0,Honolulu
2025-01-02 23:01:00,6.7205353,3.0,Honolulu
2025-01-02 23:02:00,6.7205353,3.0,Honolulu
2025-01-02 23:30:00,5.637765,5.0,Honolulu
2025-01-02 23:31:00,5.637765,5.0,Honolulu
2025-01-02 23:32:00,5.637765,5.0,Honolulu
2025-01-03 00:00:00,5.637765,5.0,Honolulu
2025-01-03 00:01:00,5.637765,5.0,Honolulu
2025-01-03 00:02:00,5.637765,5.0,Honolulu
2025-01-03 00:30:00,5.637765,5.0,Honolulu
2025-01-03 00:31:00,5.3517847,96.0,Honolulu
2025-01-03 00:32:00,5.3517847,96.0,Honolulu
2025-01-03 01:00:00,5.3517847,96.0,Honolulu
2025-01-03 01:01:00,5.3517847,96.0,Honolulu
2025-01-03 01:02:00,5.3517847,96.0,Honolulu
2025-01-03 01:30:00,5.937272,99.0,Honolulu
2025-01-03 01:31:00,5.937272,99.0,Honolulu
2025-01-03 01:32:00,5.937272,99.0,Honolulu
2025-01-03 02:00:00,5.937272,99.0,Honolulu
2025-01-03 02:01:00,5.937272,99.0,Honolulu
2025-01-03 02:02:00,5.937272,99.0,Honolulu
2025-01-03 02:30:00,5.937272,99.0,Honolulu
2025-01-03 02:31:00,1.3708391,94.0,Honolulu
2025-01-03 02:32:00,1.3708391,94.0,Honolulu
2025-01-03 03:00:00,1.3708391,94.0,Honolulu
2025-01-03 03:01:00,1.3708391,94.0,Honolulu
2025-01-03 03:02:00,1.3708391,94.0,Honolulu
2025-01-03 03:30:00,3.0652895,84.0,Honolulu
2025-01-03 03:31:00,3.0652895,84.0,Honolulu
2025-01-03 03:32:00,3.0652895,84.0,Honolulu
2025-01-03 04:00:00,3.0652895,84.0,Honolulu
2025-01-03 04:01:00,3.0652895,84.0,Honolulu
2025-01-03 04:02:00,3.0652895,84.0,Honolulu
2025-01-03 04:30:00,3.0652895,84.0,Honolulu
2025-01-03 04:31:00,5.5916004,55.0,Honolulu
2025-01-03 04:32:00,5.5916004,55.0,Honolulu
2025-01-03 05:00:00,5.5916004,55.0,Honolulu
2025-01-03 05:01:00,5.5916004,55.0,Honolulu
2025-01-03 05:02:00,5.5916004,55.0,Honolulu
2025-01-03 05:30:00,4.6938252,28.0,Honolulu
2025-01-03 05:31:00,4.6938252,28.0,Honolulu
2025-01-03 05:32:00,4.6938252,28.0,Honolulu
2025-01-03 06:00:00,4.6938252,28.0,Honolulu
2025-01-03 06:01:00,4.6938252,28.0,Honolulu
2025-01-03 06:02:00,4.6938252,28.0,Honolulu
2025-01-03 06:30:00,4.6938252,28.0,Honolulu
2025-01-03 06:31:00,6.725354,14.0,Honolulu
2025-01-03 06:32:00,6.725354,14.0,Honolulu
2025-01-03 07:00:00,6.725354,14.0,Honolulu
2025-01-03 07:01:00,6.725354,14.0,Honolulu
2025-01-03 07:02:00,6.725354,14.0,Honolulu
2025-01-03 07:30:00,7.968939,13.0,Honolulu
2025-01-03 07:31:00,7.968939,13.0,Honolulu
2025-01-03 07:32:00,7.968939,13.0,Honolulu
2025-01-03 08:00:00,7.968939,13.0,Honolulu
2025-01-03 08:01:00,7.968939,13.0,Honolulu
2025-01-03 08:02:00,7.968939,13.0,Honolulu
2025-01-03 08:30:00,7.968939,13.0,Honolulu
2025-01-03 08:31:00,6.66,19.0,Honolulu
2025-01-03 08:32:00,6.66,19.0,Honolulu
2025-01-03 09:00:00,6.66,19.0,Honolulu
2025-01-03 09:01:00,6.66,19.0,Honolulu
2025-01-03 09:02:00,6.66,19.0,Honolulu
2025-01-03 09:30:00,4.3832865,36.0,Honolulu
2025-01-03 09:31:00,4.3832865,36.0,Honolulu
2025-01-03 09:32:00,4.3832865,36.0,Honolulu
2025-01-03 10:00:00,4.3832865,36.0,Honolulu
2025-01-03 10:01:00,4.3832865,36.0,Honolulu
2025-01-03 10:02:00,4.3832865,36.0,Honolulu
2025-01-03 10:30:00,4.3832865,36.0,Honolulu
2025-01-03 10:31:00,2.3051248,39.0,Honolulu
2025-01-03 10:32:00,2.3051248,39.0,Honolulu
2025-01-03 11:00:00,2.3051248,39.0,Honolulu
2025-01-03 11:01:00,2.3051248,39.0,Honolulu
2025-01-03 11:02:00,2.3051248,39.0,Honolulu
2025-01-03 11:30:00,3.8183763,23.0,Honolulu
2025-01-03 11:31:00,3.8183763,23.0,Honolulu
2025-01-03 11:32:00,3.8183763,23.0,Honolulu
2025-01-03 12:00:00,3.8183763,23.0,Honolulu
2025-01-03 12:01:00,3.8183763,23.0,Honolulu
2025-01-03 12:02:00,3.8183763,23.0,Honolulu
2025-01-03 12:30:00,3.8183763,23.0,Honolulu
2025-01-03 12:31:00,8.461914,58.0,Honolulu
2025-01-03 12:32:00,8.461914,58.0,Honolulu
2025-01-03 13:00:00,8.461914,58.0,Honolulu
2025-01-03 13:01:00,8.461914,58.0,Honolulu
2025-01-03 13:02:00,8.461914,58.0,Honolulu
2025-01-03 13:30:00,9.444426,28.0,Honolulu
2025-01-03 13:31:00,9.444426,28.0,Honolulu
2025-01-03 13:32:00,9.444426,28.0,Honolulu
2025-01-03 14:00:00,9.444426,28.0,Honolulu
2025-01-03 14:01:00,9.444426,28.0,Honolulu
2025-01-03 14:02:00,9.444426,28.0,Honolulu
2025-01-03 14:30:00,9.444426,28.0,Honolulu
2025-01-03 14:31:00,6.048107,100.0,Honolulu
2025-01-03 14:32:00,6.048107,100.0,Honolulu
2025-01-03 15:00:00,6.048107,100.0,Honolulu
2025-01-03 15:01:00,6.048107,100.0,Honolulu
2025-01-03 15:02:00,6.048107,100.0,Honolulu
2025-01-03 15:30:00,3.219938,84.0,Honolulu
2025-01-03 15:31:00,3.219938,84.0,Honolulu
2025-01-03 15:32:00,3.219938,84.0,Honolulu
2025-01-03 16:00:00,3.219938,84.0,Honolulu
2025-01-03 16:01:00,3.219938,84.0,Honolulu
2025-01-03 16:02:00,3.219938,84.0,Honolulu
2025-01-03 16:30:00,3.219938,84.0,Honolulu
2025-01-03 16:31:00,1.5484185,73.0,Honolulu
2025-01-03 16:32:00,1.5484185,73.0,Honolulu
2025-01-03 17:00:00,1.5484185,73.0,Honolulu
2025-01-03 17:01:00,1.5484185,73.0,Honolulu
2025-01-03 17:02:00,1.5484185,73.0,Honolulu
2025-01-03 17:30:00,2.8116899,6.0,Honolulu
2025-01-03 17:31:00,2.8116899,6.0,Honolulu
2025-01-03 17:32:00,2.8116899,6.0,Honolulu
2025-01-03 18:00:00,2.8116899,6.0,Honolulu
2025-01-03 18:01:00,2.8116899,6.0,Honolulu
2025-01-03 18:02:00,2.8116899,6.0,Honolulu
2025-01-03 18:30:00,2.8116899,6.0,Honolulu
2025-01-03 18:31:00,4.669604,4.0,Honolulu
2025-01-03 18:32:00,4.669604,4.0,Honolulu
2025-01-03 19:00:00,4.669604,4.0,Honolulu
2025-01-03 19:01:00,4.669604,4.0,Honolulu
2025-01-03 19:02:00,4.669604,4.0,Honolulu
2025-01-03 19:30:00,2.995797,8.0,Honolulu
2025-01-03 19:31:00,2.995797,8.0,Honolulu
2025-01-03 19:32:00,2.995797,8.0,Honolulu
2025-01-03 20:00:00,2.995797,8.0,Honolulu
2025-01-03 20:01:00,2.995797,8.0,Honolulu
2025-01-03 20:02:00,2.995797,8.0,Honolulu
2025-01-03 20:30:00,2.995797,8.0,Honolulu
2025-01-03 20:31:00,3.572898,22.0,Honolulu
2025-01-03 20:32:00,3.572898,22.0,Honolulu
2025-01-03 21:00:00,3.572898,22.0,Honolulu
2025-01-03 21:01:00,3.572898,22.0,Honolulu
2025-01-03 21:02:00,3.572898,22.0,Honolulu
2025-01-03 21:30:00,3.4949677,2.0,Honolulu
2025-01-03 21:31:00,3.4949677,2.0,Honolulu
2025-01-03 21:32:00,3.4949677,2.0,Honolulu
2025-01-03 22:00:00,3.4949677,2.0,Honolulu
2025-01-03 22:01:00,3.4949677,2.0,Honolulu
2025-01-03 22:02:00,3.4949677,2.0,Honolulu
2025-01-03 22:30:00,3.4949677,2.0,Honolulu
2025-01-03 22:31:00,3.189608,0.0,Honolulu
2025-01-03 22:32:00,3.189608,0.0,Honolulu
2025-01-03 23:00:00,3.189608,0.0,Honolulu
2025-01-03 23:01:00,3.189608,0.0,Honolulu
2025-01-03 23:02:00,3.189608,0.0,Honolulu
2025-01-03 23:30:00,2.9024127,7.0,Honolulu
2025-01-03 23:31:00,2.9024127,7.0,Honolulu
2025-01-03 23:32:00,2.9024127,7.0,Honolulu
2025-01-04 00:00:00,2.9024127,7.0,Honolulu
2025-01-04 00:01:00,2.9024127,7.0,Honolulu
2025-01-04 00:02:00,2.9024127,7.0,Honolulu
2025-01-04 00:30:00,2.9024127,7.0,Honolulu
2025-01-04 00:31:00,3.148714,0.0,Honolulu
2025-01-04 00:32:00,3.148714,0.0,Honolulu
2025-01-04 01:00:00,3.148714,0.0,Honolulu
2025-01-04 01:01:00,3.148714,0.0,Honolulu
2025-01-04 01:02:00,3.148714,0.0,Honolulu
2025-01-04 01:30:00,4.1046314,2.0,Honolulu
2025-01-04 01:31:00,4.1046314,2.0,Honolulu
2025-01-04 01:32:00,4.1046314,2.0,Honolulu
2025-01-04 02:00:00,4.1046314,2.0,Honolulu
2025-01-04 02:01:00,4.1046314,2.0,Honolulu
2025-01-04 02:02:00,4.1046314,2.0,Honolulu
2025-01-04 02:30:00,4.1046314,2.0,Honolulu
2025-01-04 02:31:00,2.19718,0.0,Honolulu
2025-01-04 02:32:00,2.19718,0.0,Honolulu
2025-01-04 03:00:00,2.19718,0.0,Honolulu
2025-01-04 03:01:00,2.19718,0.0,Honolulu
2025-01-04 03:02:00,2.19718,0.0,Honolulu
2025-01-04 03:30:00,0.9693296,11.0,Honolulu
2025-01-04 03:31:00,0.9693296,11.0,Honolulu
2025-01-04 03:32:00,0.9693296,11.0,Honolulu
2025-01-04 04:00:00,0.9693296,11.0,Honolulu
2025-01-04 04:01:00,0.9693296,11.0,Honolulu
2025-01-04 04:02:00,0.9693296,11.0,Honolulu
2025-01-04 04:30:00,0.9693296,11.0,Honolulu
2025-01-04 04:31:00,4.542994,3.0,Honolulu
2025-01-04 04:32:00,4.542994,3.0,Honolulu
2025-01-04 05:00:00,4.542994,3.0,Honolulu
2025-01-04 05:01:00,4.542994,3.0,Honolulu
2025-01-04 05:02:00,4.542994,3.0,Honolulu
2025-01-04 05:30:00,4.2175345,55.0,Honolulu
2025-01-04 05:31:00,4.2175345,55.0,Honolulu
2025-01-04 05:32:00,4.2175345,55.0,Honolulu
2025-01-04 06:00:00,4.2175345,55.0,Honolulu
2025-01-04 06:01:00,4.2175345,55.0,Honolulu
2025-01-04 06:02:00,4.2175345,55.0,Honolulu
2025-01-04 06:30:00,4.2175345,55.0,Honolulu
2025-01-04 06:31:00,3.0652893,38.0,Honolulu
2025-01-04 06:32:00,3.0652893,38.0,Honolulu
2025-01-04 07:00:00,3.0652893,38.0,Honolulu
2025-01-04 07:01:00,3.0652893,38.0,Honolulu
2025-01-04 07:02:00,3.0652893,38.0,Honolulu
2025-01-04 07:30:00,1.4058449,97.0,Honolulu
2025-01-04 07:31:00,1.4058449,97.0,Honolulu
2025-01-04 07:32:00,1.4058449,97.0,Honolulu
2025-01-04 08:00:00,1.4058449,97.0,Honolulu
2025-01-04 08:01:00,1.4058449,97.0,Honolulu
2025-01-04 08:02:00,1.4058449,97.0,Honolulu
2025-01-04 08:30:00,1.4058449,97.0,Honolulu
2025-01-04 08:31:00,1.659518,17.0,Honolulu
2025-01-04 08:32:00,1.659518,17.0,Honolulu
2025-01-04 09:00:00,1.659518,17.0,Honolulu
2025-01-04 09:01:00,1.659518,17.0,Honolulu
2025-01-04 09:02:00,1.659518,17.0,Honolulu
2025-01-04 09:30:00,4.3832865,95.0,Honolulu
2025-01-04 09:31:00,4.3832865,95.0,Honolulu
2025-01-04 09:32:00,4.3832865,95.0,Honolulu
2025-01-04 10:00:00,4.3832865,95.0,Honolulu
2025-01-04 10:01:00,4.3832865,95.0,Honolulu
2025-01-04 10:02:00,4.3832865,95.0,Honolulu
2025-01-04 10:30:00,4.3832865,95.0,Honolulu
2025-01-04 10:31:00,5.5450516,94.0,Honolulu
2025-01-04 10:32:00,5.5450516,94.0,Honolulu
2025-01-04 11:00:00,5.5450516,94.0,Honolulu
2025-01-04 11:01:00,5.5450516,94.0,Honolulu
2025-01-04 11:02:00,5.5450516,94.0,Honolulu
2025-01-04 11:30:00,7.02,85.0,Honolulu
2025-01-04 11:31:00,7.02,85.0,Honolulu
2025-01-04 11:32:00,7.02,85.0,Honolulu
2025-01-04 12:00:00,7.02,85.0,Honolulu
2025-01-04 12:01:00,7.02,85.0,Honolulu
2025-01-04 12:02:00,7.02,85.0,Honolulu
2025-01-04 12:30:00,7.02,85.0,Honolulu
2025-01-04 12:31:00,11.481968,98.0,Honolulu
2025-01-04 12:32:00,11.481968,98.0,Honolulu
2025-01-04 13:00:00,11.481968,98.0,Honolulu
2025-01-04 13:01:00,11.481968,98.0,Honolulu
2025-01-04 13:02:00,11.481968,98.0,Honolulu
2025-01-04 13:30:00,13.358861,10.0,Honolulu
2025-01-04 13:31:00,13.358861,10.0,Honolulu
2025-01-04 13:32:00,13.358861,10.0,Honolulu
2025-01-04 14:00:00,13.358861,10.0,Honolulu
2025-01-04 14:01:00,13.358861,10.0,Honolulu
2025-01-04 14:02:00,13.358861,10.0,Honolulu
2025-01-04 14:30:00,13.358861,10.0,Honolulu
2025-01-04 14:31:00,13.1412325,12.0,Honolulu
2025-01-04 14:32:00,13.1412325,12.0,Honolulu
2025-01-04 15:00:00,13.1412325,12.0,Honolulu
2025-01-04 15:01:00,13.1412325,12.0,Honolulu
2025-01-04 15:02:00,13.1412325,12.0,Honolulu
2025-01-04 15:30:00,13.022349,22.0,Honolulu
2025-01-04 15:31:00,13.022349,22.0,Honolulu
2025-01-04 15:32:00,13.022349,22.0,Honolulu
2025-01-04 16:00:00,13.022349,22.0,Honolulu
2025-01-04 16:01:00,13.022349,22.0,Honolulu
2025-01-04 16:02:00,13.022349,22.0,Honolulu
2025-01-04 16:30:00,13.022349,22.0,Honolulu
2025-01-04 16:31:00,11.345712,12.0,Honolulu
2025-01-04 16:32:00,11.345712,12.0,Honolulu
2025-01-04 17:00:00,11.345712,12.0,Honolulu
2025-01-04 17:01:00,11.345712,12.0,Honolulu
2025-01-04 17:02:00,11.345712,12.0,Honolulu
2025-01-04 17:30:00,8.043805,99.0,Honolulu
2025-01-04 17:31:00,8.043805,99.0,Honolulu
2025-01-04 17:32:00,8.043805,99.0,Honolulu
2025-01-04 18:00:00,8.043805,99.0,Honolulu
2025-01-04 18:01:00,8.043805,99.0,Honolulu
2025-01-04 18:02:00,8.043805,99.0,Honolulu
2025-01-04 18:30:00,8.043805,99.0,Honolulu
2025-01-04 18:31:00,6.544677,79.0,Honolulu
2025-01-04 18:32:00,6.544677,79.0,Honolulu
2025-01-04 19:00:00,6.544677,79.0,Honolulu
2025-01-04 19:01:00,6.544677,79.0,Honolulu
2025-01-04 19:02:00,6.544677,79.0,Honolulu
2025-01-04 19:30:00,6.444905,22.0,Honolulu
2025-01-04 19:31:00,6.444905,22.0,Honolulu
2025-01-04 19:32:00,6.444905,22.0,Honolulu
2025-01-04 20:00:00,6.444905,22.0,Honolulu
2025-01-04 20:01:00,6.444905,22.0,Honolulu
2025-01-04 20:02:00,6.444905,22.0,Honolulu
2025-01-04 20:30:00,6.444905,22.0,Honolulu
2025-01-04 20:31:00,6.552099,20.0,Honolulu
2025-01-04 20:32:00,6.552099,20.0,Honolulu
2025-01-04 21:00:00,6.552099,20.0,Honolulu
2025-01-04 21:01:00,6.552099,20.0,Honolulu
2025-01-04 21:02:00,6.552099,20.0,Honolulu
2025-01-04 21:30:00,5.8409934,31.0,Honolulu
2025-01-04 21:31:00,5.8409934,31.0,Honolulu
2025-01-04 21:32:00,5.8409934,31.0,Honolulu
2025-01-04 22:00:00,5.8409934,31.0,Honolulu
2025-01-04 22:01:00,5.8409934,31.0,Honolulu
2025-01-04 22:02:00,5.8409934,31.0,Honolulu
2025-01-04 22:30:00,5.8409934,31.0,Honolulu
2025-01-04 22:31:00,5.6492476,97.0,Honolulu
2025-01-04 22:32:00,5.6492476,97.0,Honolulu
2025-01-04 23:00:00,5.6492476,97.0,Honolulu
2025-01-04 23:01:00,5.6492476,97.0,Honolulu
2025-01-04 23:02:00,5.6492476,97.0,Honolulu
2025-01-04 23:30:00,6.384293,100.0,Honolulu
2025-01-04 23:31:00,6.384293,100.0,Honolulu
2025-01-04 23:32:00,6.384293,100.0,Honolulu
2025-01-05 00:00:00,6.384293,100.0,Honolulu
2025-01-05 00:01:00,6.384293,100.0,Honolulu
2025-01-05 00:02:00,6.384293,100.0,Honolulu
2025-01-05 00:30:00,6.384293,100.0,Honolulu
2025-01-05 00:31:00,6.696387,98.0,Honolulu
2025-01-05 00:32:00,6.696387,98.0,Honolulu
2025-01-05 01:00:00,6.696387,98.0,Honolulu
2025-01-05 01:01:00,6.696387,98.0,Honolulu
2025-01-05 01:02:00,6.696387,98.0,Honolulu
2025-01-05 01:30:00,8.404285,96.0,Honolulu
2025-01-05 01:31:00,8.404285,96.0,Honolulu
2025-01-05 01:32:00,8.404285,96.0,Honolulu
2025-01-05 02:00:00,8.404285,96.0,Honolulu
2025-01-05 02:01:00,8.404285,96.0,Honolulu
2025-01-05 02:02:00,8.404285,96.0,Honolulu
2025-01-05 02:30:00,8.404285,96.0,Honolulu
2025-01-05 02:31:00,3.693291,48.0,Honolulu
2025-01-05 02:32:00,3.693291,48.0,Honolulu
2025-01-05 03:00:00,3.693291,48.0,Honolulu
2025-01-05 03:01:00,3.693291,48.0,Honolulu
2025-01-05 03:02:00,3.693291,48.0,Honolulu
2025-01-05 03:30:00,5.293959,68.0,Honolulu
2025-01-05 03:31:00,5.293959,68.0,Honolulu
2025-01-05 03:32:00,5.293959,68.0,Honolulu
2025-01-05 04:00:00,5.293959,68.0,Honolulu
2025-01-05 04:01:00,5.293959,68.0,Honolulu
2025-01-05 04:02:00,5.293959,68.0,Honolulu
2025-01-05 04:30:00,5.293959,68.0,Honolulu
2025-01-05 04:31:00,7.0407386,41.0,Honolulu
2025-01-05 04:32:00,7.0407386,41.0,Honolulu
2025-01-05 05:00:00,7.0407386,41.0,Honolulu
2025-01-05 05:01:00,7.0407386,41.0,Honolulu
2025-01-05 05:02:00,7.0407386,41.0,Honolulu
2025-01-05 05:30:00,6.7565966,39.0,Honolulu
2025-01-05 05:31:00,6.7565966,39.0,Honolulu
2025-01-05 05:32:00,6.7565966,39.0,Honolulu
2025-01-05 06:00:00,6.7565966,39.0,Honolulu
2025-01-05 06:01:00,6.7565966,39.0,Honolulu
2025-01-05 06:02:00,6.7565966,39.0,Honolulu
2025-01-05 06:30:00,6.7565966,39.0,Honolulu
2025-01-05 06:31:00,8.863972,25.0,Honolulu
2025-01-05 06:32:00,8.863972,25.0,Honolulu
2025-01-05 07:00:00,8.863972,25.0,Honolulu
2025-01-05 07:01:00,8.863972,25.0,Honolulu
2025-01-05 07:02:00,8.863972,25.0,Honolulu
2025-01-05 07:30:00,11.566313,16.0,Honolulu
2025-01-05 07:31:00,11.566313,16.0,Honolulu
2025-01-05 07:32:00,11.566313,16.0,Honolulu
2025-01-05 08:00:00,11.566313,16.0,Honolulu
2025-01-05 08:01:00,11.566313,16.0,Honolulu
2025-01-05 08:02:00,11.566313,16.0,Honolulu
2025-01-05 08:30:00,11.566313,16.0,Honolulu
2025-01-05 08:31:00,15.017871,25.0,Honolulu
2025-01-05 08:32:00,15.017871,25.0,Honolulu
2025-01-05 09:00:00,15.017871,25.0,Honolulu
2025-01-05 09:01:00,15.017871,25.0,Honolulu
2025-01-05 09:02:00,15.017871,25.0,Honolulu
2025-01-05 09:30:00,16.640022,30.0,Honolulu
2025-01-05 09:31:00,16.640022,30.0,Honolulu
2025-01-05 09:32:00,16.640022,30.0,Honolulu
2025-01-05 10:00:00,16.640022,30.0,Honolulu
2025-01-05 10:01:00,16.640022,30.0,Honolulu
2025-01-05 10:02:00,16.640022,30.0,Honolulu
2025-01-05 10:30:00,16.640022,30.0,Honolulu
2025-01-05 10:31:00,18.331741,52.0,Honolulu
2025-01-05 10:32:00,18.331741,52.0,Honolulu
2025-01-05 11:00:00,18.331741,52.0,Honolulu
2025-01-05 11:01:00,18.331741,52.0,Honolulu
2025-01-05 11:02:00,18.331741,52.0,Honolulu
2025-01-05 11:30:00,18.88628,43.0,Honolulu
2025-01-05 11:31:00,18.88628,43.0,Honolulu
2025-01-05 11:32:00,18.88628,43.0,Honolulu
2025-01-05 12:00:00,18.88628,43.0,Honolulu
2025-01-05 12:01:00,18.88628,43.0,Honolulu
2025-01-05 12:02:00,18.88628,43.0,Honolulu
2025-01-05 12:30:00,18.88628,43.0,Honolulu
2025-01-05 12:31:00,18.69662,63.0,Honolulu
2025-01-05 12:32:00,18.69662,63.0,Honolulu
2025-01-05 13:00:00,18.69662,63.0,Honolulu
2025-01-05 13:01:00,18.69662,63.0,Honolulu
2025-01-05 13:02:00,18.69662,63.0,Honolulu
2025-01-05 13:31:00,18.35647,64.0,Honolulu
2025-01-05 13:32:00,18.35647,64.0,Honolulu
2025-01-05 14:01:00,18.35647,64.0,Honolulu
2025-01-05 14:02:00,18.35647,64.0,Honolulu
2025-01-05 14:31:00,13.926464,73.0,Honolulu
2025-01-05 14:32:00,13.926464,73.0,Honolulu
2025-01-05 15:01:00,13.926464,73.0,Honolulu
2025-01-05 15:31:00,13.661038,59.0,Honolulu
2025-01-05 16:01:00,13.661038,59.0,Honolulu
2025-01-05 16:31:00,13.767352,47.0,Honolulu
2025-01-05 17:01:00,13.767352,47.0,Honolulu
2025-01-05 17:31:00,10.990322,30.0,Honolulu
2025-01-05 18:01:00,10.990322,30.0,Honolulu
2025-01-05 18:31:00,9.449572,48.0,Honolulu
2025-01-05 19:01:00,9.449572,48.0,Honolulu
2025-01-05 19:31:00,8.967541,51.0,Honolulu
2025-01-05 20:01:00,8.967541,51.0,Honolulu
2025-01-05 20:31:00,9.252069,38.0,Honolulu
2025-01-05 21:01:00,9.252069,38.0,Honolulu
2025-01-05 21:31:00,9.9,41.0,Honolulu
2025-01-05 22:01:00,9.9,41.0,Honolulu
2025-01-05 22:31:00,9.835975,42.0,Honolulu
2025-01-05 23:01:00,9.835975,42.0,Honolulu
2025-01-05 23:31:00,9.335737,41.0,Honolulu
2025-01-06 00:01:00,9.335737,41.0,Honolulu
2025-01-06 00:31:00,9.044888,39.0,Honolulu
2025-01-06 01:01:00,9.044888,39.0,Honolulu
2025-01-06 01:31:00,8.373386,33.0,Honolulu
2025-01-06 02:01:00,8.373386,33.0,Honolulu
2025-01-06 02:31:00,6.439876,34.0,Honolulu
2025-01-06 03:01:00,6.439876,34.0,Honolulu
2025-01-06 03:31:00,5.8852015,35.0,Honolulu
2025-01-06 04:01:00,5.8852015,35.0,Honolulu
2025-01-06 04:31:00,5.12289,23.0,Honolulu
2025-01-06 05:01:00,5.12289,23.0,Honolulu
2025-01-06 05:31:00,4.3498964,31.0,Honolulu
2025-01-06 06:01:00,4.3498964,31.0,Honolulu
2025-01-06 06:31:00,3.8773184,43.0,Honolulu
2025-01-06 07:01:00,3.8773184,43.0,Honolulu
2025-01-06 07:31:00,4.6800003,50.0,Honolulu
2025-01-06 08:01:00,4.6800003,50.0,Honolulu
2025-01-06 08:31:00,9.290511,39.0,Honolulu
2025-01-06 09:01:00,9.290511,39.0,Honolulu
2025-01-06 09:31:00,12.638513,33.0,Honolulu
2025-01-06 10:01:00,12.638513,33.0,Honolulu
2025-01-06 10:31:00,14.512064,45.0,Honolulu
2025-01-06 11:01:00,14.512064,45.0,Honolulu
2025-01-06 11:31:00,15.735336,36.0,Honolulu
2025-01-06 12:01:00,15.735336,36.0,Honolulu
2025-01-06 12:31:00,16.069473,44.0,Honolulu
2025-01-06 13:01:00,16.069473,44.0,Honolulu
2025-01-06 13:31:00,15.03835,37.0,Honolulu
2025-01-06 14:01:00,15.03835,37.0,Honolulu
2025-01-06 14:31:00,12.229406,21.0,Honolulu
2025-01-06 15:01:00,12.229406,21.0,Honolulu
2025-01-06 15:31:00,11.48761,9.0,Honolulu
2025-01-06 16:01:00,11.48761,9.0,Honolulu
2025-01-06 16:31:00,11.919479,23.0,Honolulu
2025-01-06 17:01:00,11.919479,23.0,Honolulu
2025-01-06 17:31:00,9.567131,49.0,Honolulu
2025-01-06 18:01:00,9.567131,49.0,Honolulu
2025-01-06 18:31:00,9.037721,40.0,Honolulu
2025-01-06 19:01:00,9.037721,40.0,Honolulu
2025-01-06 19:31:00,10.185519,52.0,Honolulu
2025-01-06 20:01:00,10.185519,52.0,Honolulu
2025-01-06 20:31:00,9.54679,55.0,Honolulu
2025-01-06 21:01:00,9.54679,55.0,Honolulu
2025-01-06 21:31:00,9.044888,57.0,Honolulu
2025-01-06 22:01:00,9.044888,57.0,Honolulu
2025-01-06 22:31:00,10.946013,65.0,Honolulu
2025-01-06 23:01:00,10.946013,65.0,Honolulu
2025-01-06 23:31:00,11.734564,94.0,Honolulu
2025-01-07 00:01:00,11.734564,94.0,Honolulu
2025-01-07 00:31:00,11.592894,82.0,Honolulu
2025-01-07 01:01:00,11.592894,82.0,Honolulu
2025-01-07 01:31:00,11.161451,90.0,Honolulu
2025-01-07 02:01:00,11.161451,90.0,Honolulu
2025-01-07 02:31:00,9.688281,38.0,Honolulu
2025-01-07 03:01:00,9.688281,38.0,Honolulu
2025-01-07 03:31:00,12.708815,75.0,Honolulu
2025-01-07 04:01:00,12.708815,75.0,Honolulu
2025-01-07 04:31:00,9.668195,61.0,Honolulu
2025-01-07 05:01:00,9.668195,61.0,Honolulu
2025-01-07 05:31:00,12.996201,43.0,Honolulu
2025-01-07 06:01:00,12.996201,43.0,Honolulu
2025-01-07 06:31:00,14.734735,40.0,Honolulu
2025-01-07 07:01:00,14.734735,40.0,Honolulu
2025-01-07 07:31:00,17.137852,50.0,Honolulu
2025-01-07 08:01:00,17.137852,50.0,Honolulu
2025-01-07 08:31:00,18.845062,81.0,Honolulu
2025-01-07 09:01:00,18.845062,81.0,Honolulu
2025-01-07 09:31:00,20.924177,51.0,Honolulu
2025-01-07 10:01:00,20.924177,51.0,Honolulu
2025-01-07 10:31:00,22.145853,87.0,Honolulu
2025-01-07 11:01:00,22.145853,87.0,Honolulu
2025-01-07 11:31:00,22.96464,71.0,Honolulu
2025-01-07 12:01:00,22.96464,71.0,Honolulu
2025-01-07 12:31:00,23.431133,54.0,Honolulu
2025-01-07 13:01:00,23.431133,54.0,Honolulu
2025-01-07 13:31:00,23.4256,51.0,Honolulu
2025-01-07 14:01:00,23.4256,51.0,Honolulu
2025-01-07 14:31:00,21.419998,54.0,Honolulu
2025-01-07 15:01:00,21.419998,54.0,Honolulu
2025-01-07 15:31:00,19.77462,67.0,Honolulu
2025-01-07 16:01:00,19.77462,67.0,Honolulu
2025-01-07 16:31:00,17.49615,34.0,Honolulu
2025-01-07 17:01:00,17.49615,34.0,Honolulu
2025-01-07 17:31:00,13.971757,21.0,Honolulu
2025-01-07 18:01:00,13.971757,21.0,Honolulu
2025-01-07 18:31:00,14.004185,21.0,Honolulu
2025-01-07 19:01:00,14.004185,21.0,Honolulu
2025-01-07 19:31:00,14.082628,22.0,Honolulu
2025-01-07 20:01:00,14.082628,22.0,Honolulu
2025-01-07 20:31:00,14.081477,29.0,Honolulu
2025-01-07 21:01:00,14.081477,29.0,Honolulu
2025-01-07 21:31:00,13.036026,59.0,Honolulu
2025-01-07 22:01:00,13.036026,59.0,Honolulu
2025-01-07 22:31:00,13.130133,55.0,Honolulu
2025-01-07 23:01:00,13.130133,55.0,Honolulu
2025-01-07 23:31:00,11.952054,97.0,Honolulu
2025-01-08 00:01:00,11.952054,97.0,Honolulu
2025-01-08 00:31:00,11.525623,100.0,Honolulu
2025-01-08 01:01:00,11.525623,100.0,Honolulu
2025-01-08 01:31:00,10.486448,100.0,Honolulu
2025-01-08 02:01:00,10.486448,100.0,Honolulu
2025-01-08 02:31:00,12.503199,26.0,Honolulu
2025-01-08 03:01:00,12.503199,26.0,Honolulu
2025-01-08 03:31:00,11.792404,47.0,Honolulu
2025-01-08 04:01:00,11.792404,47.0,Honolulu
2025-01-08 04:31:00,11.269782,41.0,Honolulu
2025-01-08 05:01:00,11.269782,41.0,Honolulu
2025-01-08 05:31:00,11.269782,60.0,Honolulu
2025-01-08 06:01:00,11.269782,60.0,Honolulu
2025-01-08 06:31:00,10.759423,66.0,Honolulu
2025-01-08 07:01:00,10.759423,66.0,Honolulu
2025-01-08 07:31:00,11.793777,73.0,Honolulu
2025-01-08 08:01:00,11.793777,73.0,Honolulu
2025-01-08 08:31:00,14.587776,45.0,Honolulu
2025-01-08 09:01:00,14.587776,45.0,Honolulu
2025-01-08 09:31:00,16.109747,89.0,Honolulu
2025-01-08 10:01:00,16.109747,89.0,Honolulu
2025-01-08 10:31:00,15.3264475,55.0,Honolulu
2025-01-08 11:01:00,15.3264475,55.0,Honolulu
2025-01-08 11:31:00,12.791403,89.0,Honolulu
2025-01-08 12:01:00,12.791403,89.0,Honolulu
2025-01-08 12:31:00,11.177405,44.0,Honolulu
2025-01-08 13:01:00,11.177405,44.0,Honolulu
2025-01-08 13:31:00,10.304115,89.0,Honolulu
2025-01-08 14:01:00,10.304115,89.0,Honolulu
2025-01-08 14:31:00,9.181765,100.0,Honolulu
2025-01-08 15:01:00,9.181765,100.0,Honolulu
2025-01-08 15:31:00,5.9427266,100.0,Honolulu
2025-01-08 16:01:00,5.9427266,100.0,Honolulu
2025-01-08 16:31:00,3.1072817,99.0,Honolulu
2025-01-08 17:01:00,3.1072817,99.0,Honolulu
2025-01-08 17:31:00,1.4058449,90.0,Honolulu
2025-01-08 18:01:00,1.4058449,90.0,Honolulu
2025-01-08 18:31:00,1.835647,92.0,Honolulu
2025-01-08 19:01:00,1.835647,92.0,Honolulu
2025-01-08 19:31:00,3.693291,52.0,Honolulu
2025-01-08 20:01:00,3.693291,52.0,Honolulu
2025-01-08 20:31:00,5.6060677,56.0,Honolulu
2025-01-08 21:01:00,5.6060677,56.0,Honolulu
2025-01-08 21:31:00,5.8048253,91.0,Honolulu
2025-01-08 22:01:00,5.8048253,91.0,Honolulu
2025-01-08 22:31:00,4.913044,100.0,Honolulu
2025-01-08 23:01:00,4.913044,100.0,Honolulu
2025-01-08 23:31:00,5.896202,100.0,Honolulu
2025-01-09 00:01:00,5.896202,100.0,Honolulu
2025-01-09 00:31:00,6.696387,100.0,Honolulu
2025-01-09 01:01:00,6.696387,100.0,Honolulu
2025-01-09 01:31:00,6.297428,100.0,Honolulu
2025-01-09 02:01:00,6.297428,100.0,Honolulu
2025-01-09 02:31:00,6.090812,96.0,Honolulu
2025-01-09 03:01:00,6.090812,96.0,Honolulu
2025-01-09 03:31:00,5.7628117,95.0,Honolulu
2025-01-09 04:01:00,5.7628117,95.0,Honolulu
2025-01-09 04:31:00,4.991553,98.0,Honolulu
2025-01-09 05:01:00,4.991553,98.0,Honolulu
2025-01-09 05:31:00,5.0911684,89.0,Honolulu
2025-01-09 06:01:00,5.0911684,89.0,Honolulu
2025-01-09 06:31:00,5.4833565,83.0,Honolulu
2025-01-09 07:01:00,5.4833565,83.0,Honolulu
2025-01-09 07:31:00,7.0107627,100.0,Honolulu
2025-01-09 08:01:00,7.0107627,100.0,Honolulu
2025-01-09 08:31:00,11.5887,86.0,Honolulu
2025-01-09 09:01:00,11.5887,86.0,Honolulu
2025-01-09 09:31:00,10.944532,100.0,Honolulu
2025-01-09 10:01:00,10.944532,100.0,Honolulu
2025-01-09 10:31:00,12.879752,74.0,Honolulu
2025-01-09 11:01:00,12.879752,74.0,Honolulu
2025-01-09 11:31:00,16.1198,99.0,Honolulu
2025-01-09 12:01:00,16.1198,99.0,Honolulu
2025-01-09 12:31:00,14.813683,82.0,Honolulu
2025-01-09 13:01:00,14.813683,82.0,Honolulu
2025-01-09 13:31:00,14.602204,100.0,Honolulu
2025-01-09 14:01:00,14.602204,100.0,Honolulu
2025-01-09 14:31:00,12.783802,11.0,Honolulu
2025-01-09 15:01:00,12.783802,11.0,Honolulu
2025-01-09 15:31:00,14.092977,16.0,Honolulu
2025-01-09 16:01:00,14.092977,16.0,Honolulu
2025-01-09 16:31:00,14.618837,88.0,Honolulu
2025-01-09 17:01:00,14.618837,88.0,Honolulu
2025-01-09 17:31:00,11.7,48.0,Honolulu
2025-01-09 18:01:00,11.7,48.0,Honolulu
2025-01-09 18:31:00,9.2660675,49.0,Honolulu
2025-01-09 19:01:00,9.2660675,49.0,Honolulu
2025-01-09 19:31:00,14.25641,100.0,Honolulu
2025-01-09 20:01:00,14.25641,100.0,Honolulu
2025-01-09 20:31:00,13.110376,78.0,Honolulu
2025-01-09 21:01:00,13.110376,78.0,Honolulu
2025-01-09 21:31:00,10.534229,67.0,Honolulu
2025-01-09 22:01:00,10.534229,67.0,Honolulu
2025-01-09 22:31:00,11.079873,100.0,Honolulu
2025-01-09 23:01:00,11.079873,100.0,Honolulu
2025-01-09 23:31:00,14.761098,81.0,Honolulu
2025-01-10 00:01:00,14.761098,81.0,Honolulu
2025-01-10 00:31:00,16.42839,43.0,Honolulu
2025-01-10 01:01:00,16.42839,43.0,Honolulu
2025-01-10 01:31:00,14.481893,29.0,Honolulu
2025-01-10 02:01:00,14.481893,29.0,Honolulu
2025-01-10 02:31:00,17.594023,99.0,Honolulu
2025-01-10 03:01:00,17.594023,99.0,Honolulu
2025-01-10 03:31:00,14.410121,96.0,Honolulu
2025-01-10 04:01:00,14.410121,96.0,Honolulu
2025-01-10 04:31:00,12.566526,60.0,Honolulu
2025-01-10 05:01:00,12.566526,60.0,Honolulu
2025-01-10 05:31:00,13.18308,45.0,Honolulu
2025-01-10 06:01:00,13.18308,45.0,Honolulu
2025-01-10 06:31:00,14.092977,19.0,Honolulu
2025-01-10 07:01:00,14.092977,19.0,Honolulu
2025-01-10 07:31:00,16.68669,7.0,Honolulu
2025-01-10 08:01:00,16.68669,7.0,Honolulu
2025-01-10 08:31:00,17.534994,28.0,Honolulu
2025-01-10 09:01:00,17.534994,28.0,Honolulu
2025-01-10 09:31:00,16.59225,23.0,Honolulu
2025-01-10 10:01:00,16.59225,23.0,Honolulu
2025-01-10 10:31:00,15.299999,7.0,Honolulu
2025-01-10 11:01:00,15.299999,7.0,Honolulu
2025-01-10 11:31:00,15.528064,16.0,Honolulu
2025-01-10 12:01:00,15.528064,16.0,Honolulu
2025-01-10 12:31:00,17.823637,31.0,Honolulu
2025-01-10 13:01:00,17.823637,31.0,Honolulu
2025-01-10 13:31:00,16.895088,16.0,Honolulu
2025-01-10 14:01:00,16.895088,16.0,Honolulu
2025-01-10 14:31:00,17.1,43.0,Honolulu
2025-01-10 15:01:00,17.1,43.0,Honolulu
2025-01-10 15:31:00,14.957339,3.0,Honolulu
2025-01-10 16:01:00,14.957339,3.0,Honolulu
2025-01-10 16:31:00,15.655861,1.0,Honolulu
2025-01-10 17:01:00,15.655861,1.0,Honolulu
2025-01-10 17:31:00,15.3264475,17.0,Honolulu
2025-01-10 18:01:00,15.3264475,17.0,Honolulu
2025-01-10 18:31:00,15.408671,18.0,Honolulu
2025-01-10 19:01:00,15.408671,18.0,Honolulu
2025-01-10 19:31:00,14.757804,25.0,Honolulu
2025-01-10 20:01:00,14.757804,25.0,Honolulu
2025-01-10 20:31:00,14.447172,14.0,Honolulu
2025-01-10 21:01:00,14.447172,14.0,Honolulu
2025-01-10 21:31:00,15.216123,18.0,Honolulu
2025-01-10 22:01:00,15.216123,18.0,Honolulu
2025-01-10 22:31:00,15.898188,11.0,Honolulu
2025-01-10 23:01:00,15.898188,11.0,Honolulu
2025-01-10 23:31:00,14.835537,10.0,Honolulu
2025-01-11 00:01:00,14.835537,10.0,Honolulu
2025-01-11 00:31:00,14.7039175,10.0,Honolulu
2025-01-11 01:01:00,14.7039175,10.0,Honolulu
2025-01-11 01:31:00,14.618837,15.0,Honolulu
2025-01-11 02:01:00,14.618837,15.0,Honolulu
2025-01-11 02:31:00,14.477417,33.0,Honolulu
2025-01-11 03:01:00,14.477417,33.0,Honolulu
2025-01-11 03:31:00,12.992459,20.0,Honolulu
2025-01-11 04:01:00,12.992459,20.0,Honolulu
2025-01-11 04:31:00,15.602999,12.0,Honolulu
2025-01-11 05:01:00,15.602999,12.0,Honolulu
2025-01-11 05:31:00,16.782528,8.0,Honolulu
2025-01-11 06:01:00,16.782528,8.0,Honolulu
2025-01-11 06:31:00,17.123669,9.0,Honolulu
2025-01-11 07:01:00,17.123669,9.0,Honolulu
2025-01-11 07:31:00,18.42166,10.0,Honolulu
2025-01-11 08:01:00,18.42166,10.0,Honolulu
2025-01-11 08:31:00,21.578989,15.0,Honolulu
2025-01-11 09:01:00,21.578989,15.0,Honolulu
2025-01-11 09:31:00,22.378714,15.0,Honolulu
2025-01-11 10:01:00,22.378714,15.0,Honolulu
2025-01-11 10:31:00,23.188583,22.0,Honolulu
2025-01-11 11:01:00,23.188583,22.0,Honolulu
2025-01-11 11:31:00,23.588243,25.0,Honolulu
2025-01-11 12:01:00,23.588243,25.0,Honolulu
2025-01-11 12:31:00,23.510508,28.0,Honolulu
2025-01-11 13:01:00,23.510508,28.0,Honolulu
2025-01-11 13:31:00,23.464987,18.0,Honolulu
2025-01-11 14:01:00,23.464987,18.0,Honolulu
2025-01-11 14:31:00,22.119503,31.0,Honolulu
2025-01-11 15:01:00,22.119503,31.0,Honolulu
2025-01-11 15:31:00,21.782974,25.0,Honolulu
2025-01-11 16:01:00,21.782974,25.0,Honolulu
2025-01-11 16:31:00,20.868359,47.0,Honolulu
2025-01-11 17:01:00,20.868359,47.0,Honolulu
2025-01-11 17:31:00,16.974487,38.0,Honolulu
2025-01-11 18:01:00,16.974487,38.0,Honolulu
2025-01-11 18:31:00,15.778516,24.0,Honolulu
2025-01-11 19:01:00,15.778516,24.0,Honolulu
2025-01-11 19:31:00,15.070633,20.0,Honolulu
2025-01-11 20:01:00,15.070633,20.0,Honolulu
2025-01-11 20:31:00,14.668619,24.0,Honolulu
2025-01-11 21:01:00,14.668619,24.0,Honolulu
2025-01-11 21:31:00,15.575981,28.0,Honolulu
2025-01-11 22:01:00,15.575981,28.0,Honolulu
2025-01-11 22:31:00,15.435983,15.0,Honolulu
2025-01-11 23:01:00,15.435983,15.0,Honolulu
2025-01-11 23:31:00,15.315873,17.0,Honolulu
2025-01-12 00:01:00,15.315873,17.0,Honolulu
2025-01-12 00:31:00,16.077536,15.0,Honolulu
2025-01-12 01:01:00,16.077536,15.0,Honolulu
2025-01-12 01:31:00,15.618566,17.0,Honolulu
2025-01-12 02:01:00,15.618566,17.0,Honolulu
2025-01-12 02:31:00,16.434305,24.0,Honolulu
2025-01-12 03:01:00,16.434305,24.0,Honolulu
2025-01-12 03:31:00,17.307167,21.0,Honolulu
2025-01-12 04:01:00,17.307167,21.0,Honolulu
2025-01-12 04:31:00,16.62444,9.0,Honolulu
2025-01-12 05:01:00,16.62444,9.0,Honolulu
2025-01-12 05:31:00,15.83693,20.0,Honolulu
2025-01-12 06:01:00,15.83693,20.0,Honolulu
2025-01-12 06:31:00,16.733225,100.0,Honolulu
2025-01-12 07:01:00,16.733225,100.0,Honolulu
2025-01-12 07:31:00,18.116621,85.0,Honolulu
2025-01-12 08:01:00,18.116621,85.0,Honolulu
2025-01-12 08:31:00,19.649702,37.0,Honolulu
2025-01-12 09:01:00,19.649702,37.0,Honolulu
2025-01-12 09:31:00,20.224983,47.0,Honolulu
2025-01-12 10:01:00,20.224983,47.0,Honolulu
2025-01-12 10:31:00,20.771093,58.0,Honolulu
2025-01-12 11:01:00,20.771093,58.0,Honolulu
2025-01-12 11:31:00,20.608229,45.0,Honolulu
2025-01-12 12:01:00,20.608229,45.0,Honolulu
2025-01-12 12:31:00,20.53105,35.0,Honolulu
2025-01-12 13:01:00,20.53105,35.0,Honolulu
2025-01-12 13:31:00,20.188908,39.0,Honolulu
2025-01-12 14:01:00,20.188908,39.0,Honolulu
2025-01-12 14:31:00,17.935986,51.0,Honolulu
2025-01-12 15:01:00,17.935986,51.0,Honolulu
2025-01-12 15:31:00,17.326813,30.0,Honolulu
2025-01-12 16:01:00,17.326813,30.0,Honolulu
2025-01-12 16:31:00,16.293728,34.0,Honolulu
2025-01-12 17:01:00,16.293728,34.0,Honolulu
2025-01-12 17:31:00,16.831684,21.0,Honolulu
2025-01-12 18:01:00,16.831684,21.0,Honolulu
2025-01-12 18:31:00,16.075521,35.0,Honolulu
2025-01-12 19:01:00,16.075521,35.0,Honolulu
2025-01-12 19:31:00,16.028088,18.0,Honolulu
2025-01-12 20:01:00,16.028088,18.0,Honolulu
2025-01-12 20:31:00,15.735336,16.0,Honolulu
2025-01-12 21:01:00,15.735336,16.0,Honolulu
2025-01-12 21:31:00,16.525724,26.0,Honolulu
2025-01-12 22:01:00,16.525724,26.0,Honolulu
2025-01-12 22:31:00,16.10472,29.0,Honolulu
2025-01-12 23:01:00,16.10472,29.0,Honolulu
2025-01-12 23:31:00,16.09969,24.0,Honolulu
2025-01-13 00:01:00,16.09969,24.0,Honolulu
2025-01-13 00:31:00,15.861463,25.0,Honolulu
2025-01-13 01:01:00,15.861463,25.0,Honolulu
2025-01-13 01:31:00,14.8257065,26.0,Honolulu
2025-01-13 02:01:00,14.8257065,26.0,Honolulu
2025-01-13 02:31:00,12.172312,16.0,Honolulu
2025-01-13 03:01:00,12.172312,16.0,Honolulu
2025-01-13 03:31:00,12.708815,29.0,Honolulu
2025-01-13 04:01:00,12.708815,29.0,Honolulu
2025-01-13 04:31:00,13.752047,29.0,Honolulu
2025-01-13 05:01:00,13.752047,29.0,Honolulu
2025-01-13 05:31:00,14.602204,22.0,Honolulu
2025-01-13 06:01:00,14.602204,22.0,Honolulu
2025-01-13 06:31:00,13.767352,25.0,Honolulu
2025-01-13 07:01:00,13.767352,25.0,Honolulu
2025-01-13 07:31:00,13.767352,13.0,Honolulu
2025-01-13 08:01:00,13.767352,13.0,Honolulu
2025-01-13 08:31:00,17.886242,18.0,Honolulu
2025-01-13 09:01:00,17.886242,18.0,Honolulu
2025-01-13 09:31:00,20.188908,26.0,Honolulu
2025-01-13 10:01:00,20.188908,26.0,Honolulu
2025-01-13 10:31:00,20.54288,35.0,Honolulu
2025-01-13 11:01:00,20.54288,35.0,Honolulu
2025-01-13 11:31:00,20.448032,34.0,Honolulu
2025-01-13 12:01:00,20.448032,34.0,Honolulu
2025-01-13 12:31:00,20.20575,40.0,Honolulu
2025-01-13 13:01:00,20.20575,40.0,Honolulu
2025-01-13 13:31:00,19.300331,55.0,Honolulu
2025-01-13 14:01:00,19.300331,55.0,Honolulu
2025-01-13 14:31:00,15.676542,12.0,Honolulu
2025-01-13 15:01:00,15.676542,12.0,Honolulu
2025-01-13 15:31:00,13.609951,1.0,Honolulu
2025-01-13 16:01:00,13.609951,1.0,Honolulu
2025-01-13 16:31:00,11.843124,2.0,Honolulu
2025-01-13 17:01:00,11.843124,2.0,Honolulu
2025-01-13 17:31:00,10.120099,1.0,Honolulu
2025-01-13 18:01:00,10.120099,1.0,Honolulu
2025-01-13 18:31:00,9.83268,5.0,Honolulu
2025-01-13 19:01:00,9.83268,5.0,Honolulu
2025-01-13 19:31:00,13.523978,8.0,Honolulu
2025-01-13 20:01:00,13.523978,8.0,Honolulu
2025-01-13 20:31:00,12.397806,26.0,Honolulu
2025-01-13 21:01:00,12.397806,26.0,Honolulu
2025-01-13 21:31:00,12.74954,60.0,Honolulu
2025-01-13 22:01:00,12.74954,60.0,Honolulu
2025-01-13 22:31:00,13.213765,41.0,Honolulu
2025-01-13 23:01:00,13.213765,41.0,Honolulu
2025-01-13 23:31:00,12.362475,12.0,Honolulu
2025-01-14 00:01:00,12.362475,12.0,Honolulu
2025-01-14 00:31:00,12.632101,20.0,Honolulu
2025-01-14 01:01:00,12.632101,20.0,Honolulu
2025-01-14 01:31:00,12.85205,27.0,Honolulu
2025-01-14 02:01:00,12.85205,27.0,Honolulu
2025-01-14 02:31:00,7.029225,52.0,Honolulu
2025-01-14 03:01:00,7.029225,52.0,Honolulu
2025-01-14 03:31:00,8.37532,39.0,Honolulu
2025-01-14 04:01:00,8.37532,39.0,Honolulu
2025-01-14 04:31:00,9.340941,60.0,Honolulu
2025-01-14 05:01:00,9.340941,60.0,Honolulu
2025-01-14 05:31:00,8.856658,69.0,Honolulu
2025-01-14 06:01:00,8.856658,69.0,Honolulu
2025-01-14 06:31:00,9.187056,52.0,Honolulu
2025-01-14 07:01:00,9.187056,52.0,Honolulu
2025-01-14 07:31:00,9.7565975,32.0,Honolulu
2025-01-14 08:01:00,9.7565975,32.0,Honolulu
2025-01-14 08:31:00,14.396625,25.0,Honolulu
2025-01-14 09:01:00,14.396625,25.0,Honolulu
2025-01-14 09:31:00,19.272614,17.0,Honolulu
2025-01-14 10:01:00,19.272614,17.0,Honolulu
2025-01-14 10:31:00,20.849718,34.0,Honolulu
2025-01-14 11:01:00,20.849718,34.0,Honolulu
2025-01-14 11:31:00,19.56377,39.0,Honolulu
2025-01-14 12:01:00,19.56377,39.0,Honolulu
2025-01-14 12:31:00,17.595861,32.0,Honolulu
2025-01-14 13:01:00,17.595861,32.0,Honolulu
2025-01-14 13:31:00,17.441433,59.0,Honolulu
2025-01-14 14:01:00,17.441433,59.0,Honolulu
2025-01-14 14:31:00,15.277749,42.0,Honolulu
2025-01-14 15:01:00,15.277749,42.0,Honolulu
2025-01-14 15:31:00,14.275713,38.0,Honolulu
2025-01-14 16:01:00,14.275713,38.0,Honolulu
2025-01-14 16:31:00,14.009968,9.0,Honolulu
2025-01-14 17:01:00,14.009968,9.0,Honolulu
2025-01-14 17:31:00,13.239486,9.0,Honolulu
2025-01-14 18:01:00,13.239486,9.0,Honolulu
2025-01-14 18:31:00,14.021525,21.0,Honolulu
2025-01-14 19:01:00,14.021525,21.0,Honolulu
2025-01-14 19:31:00,13.624228,21.0,Honolulu
2025-01-14 20:01:00,13.624228,21.0,Honolulu
2025-01-14 20:31:00,14.396625,30.0,Honolulu
2025-01-14 21:01:00,14.396625,30.0,Honolulu
2025-01-14 21:31:00,14.037692,37.0,Honolulu
2025-01-14 22:01:00,14.037692,37.0,Honolulu
2025-01-14 22:31:00,13.719023,46.0,Honolulu
2025-01-14 23:01:00,13.719023,46.0,Honolulu
2025-01-14 23:31:00,12.7279215,44.0,Honolulu
2025-01-15 00:01:00,12.7279215,44.0,Honolulu
2025-01-15 00:31:00,12.031756,31.0,Honolulu
2025-01-15 01:01:00,12.031756,31.0,Honolulu
2025-01-15 01:31:00,11.844492,25.0,Honolulu
2025-01-15 02:01:00,11.844492,25.0,Honolulu
2025-01-15 02:31:00,10.210936,26.0,Honolulu
2025-01-15 03:01:00,10.210936,26.0,Honolulu
2025-01-15 03:31:00,9.686609,21.0,Honolulu
2025-01-15 04:01:00,9.686609,21.0,Honolulu
2025-01-15 04:31:00,11.183201,31.0,Honolulu
2025-01-15 05:01:00,11.183201,31.0,Honolulu
2025-01-15 05:31:00,10.589448,26.0,Honolulu
2025-01-15 06:01:00,10.589448,26.0,Honolulu
2025-01-15 06:31:00,11.13384,26.0,Honolulu
2025-01-15 07:01:00,11.13384,26.0,Honolulu
2025-01-15 07:31:00,11.855429,33.0,Honolulu
2025-01-15 08:01:00,11.855429,33.0,Honolulu
2025-01-15 08:31:00,15.042659,28.0,Honolulu
2025-01-15 09:01:00,15.042659,28.0,Honolulu
2025-01-15 09:31:00,15.275627,39.0,Honolulu
2025-01-15 10:01:00,15.275627,39.0,Honolulu
2025-01-15 10:31:00,15.779543,37.0,Honolulu
2025-01-15 11:01:00,15.779543,37.0,Honolulu
2025-01-15 11:31:00,14.810401,47.0,Honolulu
2025-01-15 12:01:00,14.810401,47.0,Honolulu
2025-01-15 12:31:00,12.703715,31.0,Honolulu
2025-01-15 13:01:00,12.703715,31.0,Honolulu
2025-01-15 13:31:00,11.269782,20.0,Honolulu
2025-01-15 14:01:00,11.269782,20.0,Honolulu
2025-01-15 14:31:00,12.819235,43.0,Honolulu
2025-01-15 15:01:00,12.819235,43.0,Honolulu
2025-01-15 15:31:00,13.104198,27.0,Honolulu
2025-01-15 16:01:00,13.104198,27.0,Honolulu
2025-01-15 16:31:00,12.061343,9.0,Honolulu
2025-01-15 17:01:00,12.061343,9.0,Honolulu
2025-01-15 17:31:00,8.790563,8.0,Honolulu
2025-01-15 18:01:00,8.790563,8.0,Honolulu
2025-01-15 18:31:00,6.5248446,11.0,Honolulu
2025-01-15 19:01:00,6.5248446,11.0,Honolulu
2025-01-15 19:31:00,6.452441,22.0,Honolulu
2025-01-15 20:01:00,6.452441,22.0,Honolulu
2025-01-15 20:31:00,6.384293,36.0,Honolulu
2025-01-15 21:01:00,6.384293,36.0,Honolulu
2025-01-15 21:31:00,5.22,40.0,Honolulu
2025-01-15 22:01:00,5.22,40.0,Honolulu
2025-01-15 22:31:00,4.965521,42.0,Honolulu
2025-01-15 23:01:00,4.965521,42.0,Honolulu
2025-01-15 23:31:00,3.494968,47.0,Honolulu
2025-01-16 00:01:00,3.494968,47.0,Honolulu
2025-01-16 00:31:00,2.36753,35.0,Honolulu
2025-01-16 01:01:00,2.36753,35.0,Honolulu
2025-01-16 01:31:00,1.8792552,35.0,Honolulu
2025-01-16 02:01:00,1.8792552,35.0,Honolulu
2025-01-16 02:31:00,8.085988,5.0,Honolulu
2025-01-16 03:01:00,8.085988,5.0,Honolulu
2025-01-16 03:31:00,6.2613096,12.0,Honolulu
2025-01-16 04:01:00,6.2613096,12.0,Honolulu
2025-01-16 04:31:00,6.12,36.0,Honolulu
2025-01-16 05:01:00,6.12,36.0,Honolulu
2025-01-16 05:31:00,5.920878,14.0,Honolulu
2025-01-16 06:01:00,5.920878,14.0,Honolulu
2025-01-16 06:31:00,3.6179552,5.0,Honolulu
2025-01-16 07:01:00,3.6179552,5.0,Honolulu
2025-01-16 07:31:00,4.503598,3.0,Honolulu
2025-01-16 08:01:00,4.503598,3.0,Honolulu
2025-01-16 08:31:00,3.4949677,7.0,Honolulu
2025-01-16 09:01:00,3.4949677,7.0,Honolulu
2025-01-16 09:31:00,0.17999999,15.0,Honolulu
2025-01-16 10:01:00,0.17999999,15.0,Honolulu
2025-01-16 10:31:00,5.5567255,29.0,Honolulu
2025-01-16 11:01:00,5.5567255,29.0,Honolulu
2025-01-16 11:31:00,10.685391,97.0,Honolulu
2025-01-16 12:01:00,10.685391,97.0,Honolulu
2025-01-16 12:31:00,13.752047,83.0,Honolulu
2025-01-16 13:01:00,13.752047,83.0,Honolulu
2025-01-16 13:31:00,14.021525,59.0,Honolulu
2025-01-16 14:01:00,14.021525,59.0,Honolulu
2025-01-16 14:31:00,12.081473,89.0,Honolulu
2025-01-16 15:01:00,12.081473,89.0,Honolulu
2025-01-16 15:31:00,12.730468,75.0,Honolulu
2025-01-16 16:01:00,12.730468,75.0,Honolulu
2025-01-16 16:31:00,12.124307,52.0,Honolulu
2025-01-16 17:01:00,12.124307,52.0,Honolulu
2025-01-16 17:31:00,7.256032,55.0,Honolulu
2025-01-16 18:01:00,7.256032,55.0,Honolulu
2025-01-16 18:31:00,6.8612823,37.0,Honolulu
2025-01-16 19:01:00,6.8612823,37.0,Honolulu
2025-01-16 19:31:00,7.388775,15.0,Honolulu
2025-01-16 20:01:00,7.388775,15.0,Honolulu
2025-01-16 20:31:00,8.459999,23.0,Honolulu
2025-01-16 21:01:00,8.459999,23.0,Honolulu
2025-01-16 21:31:00,6.302571,11.0,Honolulu
2025-01-16 22:01:00,6.302571,11.0,Honolulu
2025-01-16 22:31:00,5.7628117,7.0,Honolulu
2025-01-16 23:01:00,5.7628117,7.0,Honolulu
2025-01-16 23:31:00,5.509882,3.0,Honolulu
2025-01-17 00:01:00,5.509882,3.0,Honolulu
2025-01-17 00:31:00,4.599695,32.0,Honolulu
2025-01-17 01:01:00,4.599695,32.0,Honolulu
2025-01-17 01:31:00,4.4565907,18.0,Honolulu
2025-01-17 02:01:00,4.4565907,18.0,Honolulu
2025-01-17 02:31:00,8.089993,25.0,Honolulu
2025-01-17 03:01:00,8.089993,25.0,Honolulu
2025-01-17 03:31:00,5.5829024,19.0,Honolulu
2025-01-17 04:01:00,5.5829024,19.0,Honolulu
2025-01-17 04:31:00,5.068846,19.0,Honolulu
2025-01-17 05:01:00,5.068846,19.0,Honolulu
2025-01-17 05:31:00,5.0911684,11.0,Honolulu
2025-01-17 06:01:00,5.0911684,11.0,Honolulu
2025-01-17 06:31:00,5.7628117,15.0,Honolulu
2025-01-17 07:01:00,5.7628117,15.0,Honolulu
2025-01-17 07:31:00,5.771239,20.0,Honolulu
2025-01-17 08:01:00,5.771239,20.0,Honolulu
2025-01-17 08:31:00,7.7588143,16.0,Honolulu
2025-01-17 09:01:00,7.7588143,16.0,Honolulu
2025-01-17 09:31:00,7.7420926,31.0,Honolulu
2025-01-17 10:01:00,7.7420926,31.0,Honolulu
2025-01-17 10:31:00,7.040739,45.0,Honolulu
2025-01-17 11:01:00,7.040739,45.0,Honolulu
2025-01-17 11:31:00,3.8773184,41.0,Honolulu
2025-01-17 12:01:00,3.8773184,41.0,Honolulu
2025-01-17 12:31:00,1.0495713,62.0,Honolulu
2025-01-17 13:01:00,1.0495713,62.0,Honolulu
2025-01-17 13:31:00,2.5582807,73.0,Honolulu
2025-01-17 14:01:00,2.5582807,73.0,Honolulu
2025-01-17 14:31:00,2.4014995,78.0,Honolulu
2025-01-17 15:01:00,2.4014995,78.0,Honolulu
2025-01-17 15:31:00,2.7475805,69.0,Honolulu
2025-01-17 16:01:00,2.7475805,69.0,Honolulu
2025-01-17 16:31:00,6.4924874,39.0,Honolulu
2025-01-17 17:01:00,6.4924874,39.0,Honolulu
2025-01-17 17:31:00,8.0899935,14.0,Honolulu
2025-01-17 18:01:00,8.0899935,14.0,Honolulu
2025-01-17 18:31:00,8.766573,3.0,Honolulu
2025-01-17 19:01:00,8.766573,3.0,Honolulu
2025-01-17 19:31:00,8.32877,3.0,Honolulu
2025-01-17 20:01:00,8.32877,3.0,Honolulu
2025-01-17 20:31:00,7.0774574,2.0,Honolulu
2025-01-17 21:01:00,7.0774574,2.0,Honolulu
2025-01-17 21:31:00,7.748368,0.0,Honolulu
2025-01-17 22:01:00,7.748368,0.0,Honolulu
2025-01-17 22:31:00,8.383054,0.0,Honolulu
2025-01-17 23:01:00,8.383054,0.0,Honolulu
2025-01-17 23:31:00,8.217153,4.0,Honolulu
2025-01-18 00:01:00,8.217153,4.0,Honolulu
2025-01-18 00:31:00,9.437563,12.0,Honolulu
2025-01-18 01:01:00,9.437563,12.0,Honolulu
2025-01-18 01:31:00,9.396275,20.0,Honolulu
2025-01-18 02:01:00,9.396275,20.0,Honolulu
2025-01-18 02:31:00,7.3799996,24.0,Honolulu
2025-01-18 03:01:00,7.3799996,24.0,Honolulu
2025-01-18 03:31:00,7.3447943,49.0,Honolulu
2025-01-18 04:01:00,7.3447943,49.0,Honolulu
2025-01-18 04:31:00,10.783486,35.0,Honolulu
2025-01-18 05:01:00,10.783486,35.0,Honolulu
2025-01-18 05:31:00,10.825469,8.0,Honolulu
2025-01-18 06:01:00,10.825469,8.0,Honolulu
2025-01-18 06:31:00,10.055864,7.0,Honolulu
2025-01-18 07:01:00,10.055864,7.0,Honolulu
2025-01-18 07:31:00,12.242646,6.0,Honolulu
2025-01-18 08:01:00,12.242646,6.0,Honolulu
2025-01-18 08:31:00,17.46,10.0,Honolulu
2025-01-18 09:01:00,17.46,10.0,Honolulu
2025-01-18 09:31:00,18.11841,8.0,Honolulu
2025-01-18 10:01:00,18.11841,8.0,Honolulu
2025-01-18 10:31:00,19.26084,6.0,Honolulu
2025-01-18 11:01:00,19.26084,6.0,Honolulu
2025-01-18 11:31:00,19.660416,15.0,Honolulu
2025-01-18 12:01:00,19.660416,15.0,Honolulu
2025-01-18 12:31:00,19.388264,1.0,Honolulu
2025-01-18 13:01:00,19.388264,1.0,Honolulu
2025-01-18 13:31:00,19.797543,2.0,Honolulu
2025-01-18 14:01:00,19.797543,2.0,Honolulu
2025-01-18 14:31:00,16.685719,26.0,Honolulu
2025-01-18 15:01:00,16.685719,26.0,Honolulu
2025-01-18 15:31:00,18.11841,60.0,Honolulu
2025-01-18 16:01:00,18.11841,60.0,Honolulu
2025-01-18 16:31:00,18.391737,46.0,Honolulu
2025-01-18 17:01:00,18.391737,46.0,Honolulu
2025-01-18 17:31:00,15.742541,14.0,Honolulu
2025-01-18 18:01:00,15.742541,14.0,Honolulu
2025-01-18 18:31:00,16.276815,29.0,Honolulu
2025-01-18 19:01:00,16.276815,29.0,Honolulu
2025-01-18 19:31:00,15.995712,16.0,Honolulu
2025-01-18 20:01:00,15.995712,16.0,Honolulu
2025-01-18 20:31:00,16.554129,24.0,Honolulu
2025-01-18 21:01:00,16.554129,24.0,Honolulu
2025-01-18 21:31:00,16.697365,20.0,Honolulu
2025-01-18 22:01:00,16.697365,20.0,Honolulu
2025-01-18 22:31:00,17.356705,19.0,Honolulu
2025-01-18 23:01:00,17.356705,19.0,Honolulu
2025-01-18 23:31:00,17.339897,49.0,Honolulu
2025-01-19 00:01:00,17.339897,49.0,Honolulu
2025-01-19 00:31:00,16.966848,55.0,Honolulu
2025-01-19 01:01:00,16.966848,55.0,Honolulu
2025-01-19 01:31:00,17.035456,18.0,Honolulu
2025-01-19 02:01:00,17.035456,18.0,Honolulu
2025-01-19 02:31:00,16.325514,8.0,Honolulu
2025-01-19 03:01:00,16.325514,8.0,Honolulu
2025-01-19 03:31:00,14.796175,9.0,Honolulu
2025-01-19 04:01:00,14.796175,9.0,Honolulu
2025-01-19 04:31:00,15.124284,25.0,Honolulu
2025-01-19 05:01:00,15.124284,25.0,Honolulu
2025-01-19 05:31:00,15.053425,34.0,Honolulu
2025-01-19 06:01:00,15.053425,34.0,Honolulu
2025-01-19 06:31:00,16.045261,23.0,Honolulu
2025-01-19 07:01:00,16.045261,23.0,Honolulu
2025-01-19 07:31:00,17.46,28.0,Honolulu
2025-01-19 08:01:00,17.46,28.0,Honolulu
2025-01-19 08:31:00,20.196127,11.0,Honolulu
2025-01-19 09:01:00,20.196127,11.0,Honolulu
2025-01-19 09:31:00,21.57974,26.0,Honolulu
2025-01-19 10:01:00,21.57974,26.0,Honolulu
2025-01-19 10:31:00,21.434364,32.0,Honolulu
2025-01-19 11:01:00,21.434364,32.0,Honolulu
2025-01-19 11:31:00,21.426807,18.0,Honolulu
2025-01-19 12:01:00,21.426807,18.0,Honolulu
2025-01-19 12:31:00,21.175837,46.0,Honolulu
2025-01-19 13:01:00,21.175837,46.0,Honolulu
2025-01-19 13:31:00,21.096123,35.0,Honolulu
2025-01-19 14:01:00,21.096123,35.0,Honolulu
2025-01-19 14:31:00,16.895088,37.0,Honolulu
2025-01-19 15:01:00,16.895088,37.0,Honolulu
2025-01-19 15:31:00,17.682194,34.0,Honolulu
2025-01-19 16:01:00,17.682194,34.0,Honolulu
2025-01-19 16:31:00,19.388264,39.0,Honolulu
2025-01-19 17:01:00,19.388264,39.0,Honolulu
2025-01-19 17:31:00,17.570988,22.0,Honolulu
2025-01-19 18:01:00,17.570988,22.0,Honolulu
2025-01-19 18:31:00,17.786331,39.0,Honolulu
2025-01-19 19:01:00,17.786331,39.0,Honolulu
2025-01-19 19:31:00,17.629894,18.0,Honolulu
2025-01-19 20:01:00,17.629894,18.0,Honolulu
2025-01-19 20:31:00,16.427402,23.0,Honolulu
2025-01-19 21:01:00,16.427402,23.0,Honolulu
2025-01-19 21:31:00,15.299999,20.0,Honolulu
2025-01-19 22:01:00,15.299999,20.0,Honolulu
2025-01-19 22:31:00,14.628807,10.0,Honolulu
2025-01-19 23:01:00,14.628807,10.0,Honolulu
2025-01-19 23:31:00,13.379461,20.0,Honolulu
2025-01-20 00:01:00,13.379461,20.0,Honolulu
2025-01-20 00:31:00,12.744457,28.0,Honolulu
2025-01-20 01:01:00,12.744457,28.0,Honolulu
2025-01-20 01:31:00,13.298089,33.0,Honolulu
2025-01-20 02:01:00,13.298089,33.0,Honolulu
2025-01-20 02:31:00,12.870944,73.0,Honolulu
2025-01-20 03:01:00,12.870944,73.0,Honolulu
2025-01-20 03:31:00,12.242646,28.0,Honolulu
2025-01-20 04:01:00,12.242646,28.0,Honolulu
2025-01-20 04:31:00,11.854062,66.0,Honolulu
2025-01-20 05:01:00,11.854062,66.0,Honolulu
2025-01-20 05:31:00,14.438198,86.0,Honolulu
2025-01-20 06:01:00,14.438198,86.0,Honolulu
2025-01-20 06:31:00,14.512064,28.0,Honolulu
2025-01-20 07:01:00,14.512064,28.0,Honolulu
2025-01-20 07:31:00,14.935662,99.0,Honolulu
2025-01-20 08:01:00,14.935662,99.0,Honolulu
2024-11-14 20:31:00,24.897974,6.0,Ewa
2024-11-14 21:01:00,24.897974,6.0,Ewa
2024-11-14 21:02:00,24.897974,6.0,Ewa
2024-11-14 21:31:00,24.419704,3.0,Ewa
2024-11-14 21:32:00,24.419704,3.0,Ewa
2024-11-14 22:01:00,24.419704,3.0,Ewa
2024-11-14 22:02:00,24.419704,3.0,Ewa
2024-11-14 22:31:00,23.31747,5.0,Ewa
2024-11-14 22:32:00,23.31747,5.0,Ewa
2024-11-14 23:01:00,23.31747,5.0,Ewa
2024-11-14 23:02:00,23.31747,5.0,Ewa
2024-11-14 23:31:00,23.63764,21.0,Ewa
2024-11-14 23:32:00,23.63764,21.0,Ewa
2024-11-15 00:01:00,23.63764,21.0,Ewa
2024-11-15 00:02:00,23.63764,21.0,Ewa
2024-11-15 00:31:00,23.226278,16.0,Ewa
2024-11-15 00:32:00,23.226278,16.0,Ewa
2024-11-15 01:01:00,23.226278,16.0,Ewa
2024-11-15 01:02:00,23.226278,16.0,Ewa
2024-11-15 01:31:00,21.23771,9.0,Ewa
2024-11-15 01:32:00,21.23771,9.0,Ewa
2024-11-15 02:01:00,21.23771,9.0,Ewa
2024-11-15 02:02:00,21.23771,9.0,Ewa
2024-11-15 02:31:00,20.82484,5.0,Ewa
2024-11-15 02:32:00,20.82484,5.0,Ewa
2024-11-15 03:01:00,20.82484,5.0,Ewa
2024-11-15 03:02:00,20.82484,5.0,Ewa
2024-11-15 03:31:00,20.833395,6.0,Ewa
2024-11-15 03:32:00,20.833395,6.0,Ewa
2024-11-15 04:01:00,20.833395,6.0,Ewa
2024-11-15 04:02:00,20.833395,6.0,Ewa
2024-11-15 04:31:00,20.268991,4.0,Ewa
2024-11-15 04:32:00,20.268991,4.0,Ewa
2024-11-15 05:01:00,20.268991,4.0,Ewa
2024-11-15 05:02:00,20.268991,4.0,Ewa
2024-11-15 05:31:00,20.28976,7.0,Ewa
2024-11-15 05:32:00,20.28976,7.0,Ewa
2024-11-15 06:01:00,20.28976,7.0,Ewa
2024-11-15 06:02:00,20.28976,7.0,Ewa
2024-11-15 06:31:00,21.068459,4.0,Ewa
2024-11-15 06:32:00,21.068459,4.0,Ewa
2024-11-15 07:01:00,21.068459,4.0,Ewa
2024-11-15 07:02:00,21.068459,4.0,Ewa
2024-11-15 07:31:00,20.20896,5.0,Ewa
2024-11-15 07:32:00,20.20896,5.0,Ewa
2024-11-15 08:01:00,20.20896,5.0,Ewa
2024-11-15 08:02:00,20.20896,5.0,Ewa
2024-11-15 08:31:00,26.903828,29.0,Ewa
2024-11-15 08:32:00,26.903828,29.0,Ewa
2024-11-15 09:01:00,26.903828,29.0,Ewa
2024-11-15 09:02:00,26.903828,29.0,Ewa
2024-11-15 09:31:00,29.129427,33.0,Ewa
2024-11-15 09:32:00,29.129427,33.0,Ewa
2024-11-15 10:01:00,29.129427,33.0,Ewa
2024-11-15 10:02:00,29.129427,33.0,Ewa
2024-11-15 10:31:00,30.777895,53.0,Ewa
2024-11-15 10:32:00,30.777895,53.0,Ewa
2024-11-15 11:01:00,30.777895,53.0,Ewa
2024-11-15 11:02:00,30.777895,53.0,Ewa
2024-11-15 11:31:00,30.479586,50.0,Ewa
2024-11-15 11:32:00,30.479586,50.0,Ewa
2024-11-15 12:01:00,30.479586,50.0,Ewa
2024-11-15 12:02:00,30.479586,50.0,Ewa
2024-11-15 12:31:00,28.51168,23.0,Ewa
2024-11-15 12:32:00,28.51168,23.0,Ewa
2024-11-15 13:01:00,28.51168,23.0,Ewa
2024-11-15 13:02:00,28.51168,23.0,Ewa
2024-11-15 13:31:00,29.723444,52.0,Ewa
2024-11-15 13:32:00,29.723444,52.0,Ewa
2024-11-15 14:01:00,29.723444,52.0,Ewa
2024-11-15 14:02:00,29.723444,52.0,Ewa
2024-11-15 14:31:00,25.89311,1.0,Ewa
2024-11-15 14:32:00,25.89311,1.0,Ewa
2024-11-15 15:01:00,25.89311,1.0,Ewa
2024-11-15 15:02:00,25.89311,1.0,Ewa
2024-11-15 15:31:00,23.97246,1.0,Ewa
2024-11-15 15:32:00,23.97246,1.0,Ewa
2024-11-15 16:01:00,23.97246,1.0,Ewa
2024-11-15 16:02:00,23.97246,1.0,Ewa
2024-11-15 16:31:00,22.702845,1.0,Ewa
2024-11-15 16:32:00,22.702845,1.0,Ewa
2024-11-15 17:01:00,22.702845,1.0,Ewa
2024-11-15 17:02:00,22.702845,1.0,Ewa
2024-11-15 17:31:00,24.42236,1.0,Ewa
2024-11-15 17:32:00,24.42236,1.0,Ewa
2024-11-15 18:01:00,24.42236,1.0,Ewa
2024-11-15 18:02:00,24.42236,1.0,Ewa
2024-11-15 18:31:00,27.381897,22.0,Ewa
2024-11-15 18:32:00,27.381897,22.0,Ewa
2024-11-15 19:01:00,27.381897,22.0,Ewa
2024-11-15 19:02:00,27.381897,22.0,Ewa
2024-11-15 19:31:00,26.533978,13.0,Ewa
2024-11-15 19:32:00,26.533978,13.0,Ewa
2024-11-15 20:01:00,26.533978,13.0,Ewa
2024-11-15 20:02:00,26.533978,13.0,Ewa
2024-11-15 20:31:00,26.085718,3.0,Ewa
2024-11-15 20:32:00,26.085718,3.0,Ewa
2024-11-15 21:01:00,26.085718,3.0,Ewa
2024-11-15 21:02:00,26.085718,3.0,Ewa
2024-11-15 21:31:00,25.323128,3.0,Ewa
2024-11-15 21:32:00,25.323128,3.0,Ewa
2024-11-15 22:01:00,25.323128,3.0,Ewa
2024-11-15 22:02:00,25.323128,3.0,Ewa
2024-11-15 22:31:00,25.035532,14.0,Ewa
2024-11-15 22:32:00,25.035532,14.0,Ewa
2024-11-15 23:01:00,25.035532,14.0,Ewa
2024-11-15 23:02:00,25.035532,14.0,Ewa
2024-11-15 23:31:00,23.940676,1.0,Ewa
2024-11-15 23:32:00,23.940676,1.0,Ewa
2024-11-16 00:01:00,23.940676,1.0,Ewa
2024-11-16 00:02:00,23.940676,1.0,Ewa
2024-11-16 00:31:00,22.224714,6.0,Ewa
2024-11-16 00:32:00,22.224714,6.0,Ewa
2024-11-16 01:01:00,22.224714,6.0,Ewa
2024-11-16 01:02:00,22.224714,6.0,Ewa
2024-11-16 01:31:00,20.495512,28.0,Ewa
2024-11-16 01:32:00,20.495512,28.0,Ewa
2024-11-16 02:01:00,20.495512,28.0,Ewa
2024-11-16 02:02:00,20.495512,28.0,Ewa
2024-11-16 02:31:00,13.929953,7.0,Ewa
2024-11-16 02:32:00,13.929953,7.0,Ewa
2024-11-16 03:01:00,13.929953,7.0,Ewa
2024-11-16 03:02:00,13.929953,7.0,Ewa
2024-11-16 03:31:00,11.384198,4.0,Ewa
2024-11-16 03:32:00,11.384198,4.0,Ewa
2024-11-16 04:01:00,11.384198,4.0,Ewa
2024-11-16 04:02:00,11.384198,4.0,Ewa
2024-11-16 04:31:00,14.517644,10.0,Ewa
2024-11-16 04:32:00,14.517644,10.0,Ewa
2024-11-16 05:01:00,14.517644,10.0,Ewa
2024-11-16 05:02:00,14.517644,10.0,Ewa
2024-11-16 05:31:00,14.974658,0.0,Ewa
2024-11-16 05:32:00,14.974658,0.0,Ewa
2024-11-16 06:01:00,14.974658,0.0,Ewa
2024-11-16 06:02:00,14.974658,0.0,Ewa
2024-11-16 06:31:00,17.654688,0.0,Ewa
2024-11-16 06:32:00,17.654688,0.0,Ewa
2024-11-16 07:01:00,17.654688,0.0,Ewa
2024-11-16 07:02:00,17.654688,0.0,Ewa
2024-11-16 07:31:00,18.687086,1.0,Ewa
2024-11-16 07:32:00,18.687086,1.0,Ewa
2024-11-16 08:01:00,18.687086,1.0,Ewa
2024-11-16 08:02:00,18.687086,1.0,Ewa
2024-11-16 08:31:00,24.535524,3.0,Ewa
2024-11-16 08:32:00,24.535524,3.0,Ewa
2024-11-16 09:01:00,24.535524,3.0,Ewa
2024-11-16 09:02:00,24.535524,3.0,Ewa
2024-11-16 09:31:00,25.975565,10.0,Ewa
2024-11-16 09:32:00,25.975565,10.0,Ewa
2024-11-16 10:01:00,25.975565,10.0,Ewa
2024-11-16 10:02:00,25.975565,10.0,Ewa
2024-11-16 10:31:00,28.119204,17.0,Ewa
2024-11-16 10:32:00,28.119204,17.0,Ewa
2024-11-16 11:01:00,28.119204,17.0,Ewa
2024-11-16 11:02:00,28.119204,17.0,Ewa
2024-11-16 11:31:00,28.829233,22.0,Ewa
2024-11-16 11:32:00,28.829233,22.0,Ewa
2024-11-16 12:01:00,28.829233,22.0,Ewa
2024-11-16 12:02:00,28.829233,22.0,Ewa
2024-11-16 12:31:00,27.607563,19.0,Ewa
2024-11-16 12:32:00,27.607563,19.0,Ewa
2024-11-16 13:01:00,27.607563,19.0,Ewa
2024-11-16 13:02:00,27.607563,19.0,Ewa
2024-11-16 13:31:00,28.07596,23.0,Ewa
2024-11-16 13:32:00,28.07596,23.0,Ewa
2024-11-16 14:01:00,28.07596,23.0,Ewa
2024-11-16 14:02:00,28.07596,23.0,Ewa
2024-11-16 14:31:00,28.23247,24.0,Ewa
2024-11-16 14:32:00,28.23247,24.0,Ewa
2024-11-16 15:01:00,28.23247,24.0,Ewa
2024-11-16 15:02:00,28.23247,24.0,Ewa
2024-11-16 15:31:00,27.990435,24.0,Ewa
2024-11-16 15:32:00,27.990435,24.0,Ewa
2024-11-16 16:01:00,27.990435,24.0,Ewa
2024-11-16 16:02:00,27.990435,24.0,Ewa
2024-11-16 16:31:00,25.757616,38.0,Ewa
2024-11-16 16:32:00,25.757616,38.0,Ewa
2024-11-16 17:01:00,25.757616,38.0,Ewa
2024-11-16 17:02:00,25.757616,38.0,Ewa
2024-11-16 17:31:00,26.111792,4.0,Ewa
2024-11-16 17:32:00,26.111792,4.0,Ewa
2024-11-16 18:01:00,26.111792,4.0,Ewa
2024-11-16 18:02:00,26.111792,4.0,Ewa
2024-11-16 18:31:00,26.981394,7.0,Ewa
2024-11-16 18:32:00,26.981394,7.0,Ewa
2024-11-16 19:01:00,26.981394,7.0,Ewa
2024-11-16 19:02:00,26.981394,7.0,Ewa
2024-11-16 19:31:00,26.239285,10.0,Ewa
2024-11-16 19:32:00,26.239285,10.0,Ewa
2024-11-16 20:01:00,26.239285,10.0,Ewa
2024-11-16 20:02:00,26.239285,10.0,Ewa
2024-11-16 20:31:00,25.849905,10.0,Ewa
2024-11-16 20:32:00,25.849905,10.0,Ewa
2024-11-16 21:01:00,25.849905,10.0,Ewa
2024-11-16 21:02:00,25.849905,10.0,Ewa
2024-11-16 21:31:00,24.973337,6.0,Ewa
2024-11-16 21:32:00,24.973337,6.0,Ewa
2024-11-16 22:01:00,24.973337,6.0,Ewa
2024-11-16 22:02:00,24.973337,6.0,Ewa
2024-11-16 22:31:00,24.535524,7.0,Ewa
2024-11-16 22:32:00,24.535524,7.0,Ewa
2024-11-16 23:01:00,24.535524,7.0,Ewa
2024-11-16 23:02:00,24.535524,7.0,Ewa
2024-11-16 23:31:00,22.910965,4.0,Ewa
2024-11-16 23:32:00,22.910965,4.0,Ewa
2024-11-17 00:01:00,22.910965,4.0,Ewa
2024-11-17 00:02:00,22.910965,4.0,Ewa
2024-11-17 00:31:00,21.286474,1.0,Ewa
2024-11-17 00:32:00,21.286474,1.0,Ewa
2024-11-17 01:01:00,21.286474,1.0,Ewa
2024-11-17 01:02:00,21.286474,1.0,Ewa
2024-11-17 01:31:00,18.151463,4.0,Ewa
2024-11-17 01:32:00,18.151463,4.0,Ewa
2024-11-17 02:01:00,18.151463,4.0,Ewa
2024-11-17 02:02:00,18.151463,4.0,Ewa
2024-11-17 02:31:00,15.484185,13.0,Ewa
2024-11-17 02:32:00,15.484185,13.0,Ewa
2024-11-17 03:01:00,15.484185,13.0,Ewa
2024-11-17 03:02:00,15.484185,13.0,Ewa
2024-11-17 03:31:00,18.687086,6.0,Ewa
2024-11-17 03:32:00,18.687086,6.0,Ewa
2024-11-17 04:01:00,18.687086,6.0,Ewa
2024-11-17 04:02:00,18.687086,6.0,Ewa
2024-11-17 04:31:00,15.553083,4.0,Ewa
2024-11-17 04:32:00,15.553083,4.0,Ewa
2024-11-17 05:01:00,15.553083,4.0,Ewa
2024-11-17 05:02:00,15.553083,4.0,Ewa
2024-11-17 05:31:00,19.255793,7.0,Ewa
2024-11-17 05:32:00,19.255793,7.0,Ewa
2024-11-17 06:01:00,19.255793,7.0,Ewa
2024-11-17 06:02:00,19.255793,7.0,Ewa
2024-11-17 06:31:00,21.868332,11.0,Ewa
2024-11-17 06:32:00,21.868332,11.0,Ewa
2024-11-17 07:01:00,21.868332,11.0,Ewa
2024-11-17 07:02:00,21.868332,11.0,Ewa
2024-11-17 07:31:00,23.63764,5.0,Ewa
2024-11-17 07:32:00,23.63764,5.0,Ewa
2024-11-17 08:01:00,23.63764,5.0,Ewa
2024-11-17 08:02:00,23.63764,5.0,Ewa
2024-11-17 08:31:00,26.513823,15.0,Ewa
2024-11-17 08:32:00,26.513823,15.0,Ewa
2024-11-17 09:01:00,26.513823,15.0,Ewa
2024-11-17 09:02:00,26.513823,15.0,Ewa
2024-11-17 09:31:00,27.711231,17.0,Ewa
2024-11-17 09:32:00,27.711231,17.0,Ewa
2024-11-17 10:01:00,27.711231,17.0,Ewa
2024-11-17 10:02:00,27.711231,17.0,Ewa
2024-11-17 10:31:00,29.029707,33.0,Ewa
2024-11-17 10:32:00,29.029707,33.0,Ewa
2024-11-17 11:01:00,29.029707,33.0,Ewa
2024-11-17 11:02:00,29.029707,33.0,Ewa
2024-11-17 11:31:00,27.285292,41.0,Ewa
2024-11-17 11:32:00,27.285292,41.0,Ewa
2024-11-17 12:01:00,27.285292,41.0,Ewa
2024-11-17 12:02:00,27.285292,41.0,Ewa
2024-11-17 12:31:00,25.466661,20.0,Ewa
2024-11-17 12:32:00,25.466661,20.0,Ewa
2024-11-17 13:01:00,25.466661,20.0,Ewa
2024-11-17 13:02:00,25.466661,20.0,Ewa
2024-11-17 13:31:00,24.999271,13.0,Ewa
2024-11-17 13:32:00,24.999271,13.0,Ewa
2024-11-17 14:01:00,24.999271,13.0,Ewa
2024-11-17 14:02:00,24.999271,13.0,Ewa
2024-11-17 14:31:00,23.795427,15.0,Ewa
2024-11-17 14:32:00,23.795427,15.0,Ewa
2024-11-17 15:01:00,23.795427,15.0,Ewa
2024-11-17 15:02:00,23.795427,15.0,Ewa
2024-11-17 15:31:00,24.41705,21.0,Ewa
2024-11-17 15:32:00,24.41705,21.0,Ewa
2024-11-17 16:01:00,24.41705,21.0,Ewa
2024-11-17 16:02:00,24.41705,21.0,Ewa
2024-11-17 16:31:00,24.983713,15.0,Ewa
2024-11-17 16:32:00,24.983713,15.0,Ewa
2024-11-17 17:01:00,24.983713,15.0,Ewa
2024-11-17 17:02:00,24.983713,15.0,Ewa
2024-11-17 17:31:00,22.151703,5.0,Ewa
2024-11-17 17:32:00,22.151703,5.0,Ewa
2024-11-17 18:01:00,22.151703,5.0,Ewa
2024-11-17 18:02:00,22.151703,5.0,Ewa
2024-11-17 18:31:00,23.114412,5.0,Ewa
2024-11-17 18:32:00,23.114412,5.0,Ewa
2024-11-17 19:01:00,23.114412,5.0,Ewa
2024-11-17 19:02:00,23.114412,5.0,Ewa
2024-11-17 19:31:00,24.13477,10.0,Ewa
2024-11-17 19:32:00,24.13477,10.0,Ewa
2024-11-17 20:01:00,24.13477,10.0,Ewa
2024-11-17 20:02:00,24.13477,10.0,Ewa
2024-11-17 20:31:00,24.288662,8.0,Ewa
2024-11-17 20:32:00,24.288662,8.0,Ewa
2024-11-17 21:01:00,24.288662,8.0,Ewa
2024-11-17 21:02:00,24.288662,8.0,Ewa
2024-11-17 21:31:00,23.491207,5.0,Ewa
2024-11-17 21:32:00,23.491207,5.0,Ewa
2024-11-17 22:01:00,23.491207,5.0,Ewa
2024-11-17 22:02:00,23.491207,5.0,Ewa
2024-11-17 22:31:00,22.530937,19.0,Ewa
2024-11-17 22:32:00,22.530937,19.0,Ewa
2024-11-17 23:01:00,22.530937,19.0,Ewa
2024-11-17 23:02:00,22.530937,19.0,Ewa
2024-11-17 23:31:00,21.915693,11.0,Ewa
2024-11-17 23:32:00,21.915693,11.0,Ewa
2024-11-18 00:01:00,21.915693,11.0,Ewa
2024-11-18 00:02:00,21.915693,11.0,Ewa
2024-11-18 00:31:00,21.659916,27.0,Ewa
2024-11-18 00:32:00,21.659916,27.0,Ewa
2024-11-18 01:01:00,21.659916,27.0,Ewa
2024-11-18 01:02:00,21.659916,27.0,Ewa
2024-11-18 01:31:00,19.434166,11.0,Ewa
2024-11-18 01:32:00,19.434166,11.0,Ewa
2024-11-18 02:01:00,19.434166,11.0,Ewa
2024-11-18 02:02:00,19.434166,11.0,Ewa
2024-11-18 02:31:00,20.320875,4.0,Ewa
2024-11-18 02:32:00,20.320875,4.0,Ewa
2024-11-18 03:01:00,20.320875,4.0,Ewa
2024-11-18 03:02:00,20.320875,4.0,Ewa
2024-11-18 03:31:00,22.996365,20.0,Ewa
2024-11-18 03:32:00,22.996365,20.0,Ewa
2024-11-18 04:01:00,22.996365,20.0,Ewa
2024-11-18 04:02:00,22.996365,20.0,Ewa
2024-11-18 04:31:00,24.033876,8.0,Ewa
2024-11-18 04:32:00,24.033876,8.0,Ewa
2024-11-18 05:01:00,24.033876,8.0,Ewa
2024-11-18 05:02:00,24.033876,8.0,Ewa
2024-11-18 05:31:00,26.72803,2.0,Ewa
2024-11-18 05:32:00,26.72803,2.0,Ewa
2024-11-18 06:01:00,26.72803,2.0,Ewa
2024-11-18 06:02:00,26.72803,2.0,Ewa
2024-11-18 06:31:00,27.137648,1.0,Ewa
2024-11-18 06:32:00,27.137648,1.0,Ewa
2024-11-18 07:01:00,27.137648,1.0,Ewa
2024-11-18 07:02:00,27.137648,1.0,Ewa
2024-11-18 07:31:00,24.628447,3.0,Ewa
2024-11-18 07:32:00,24.628447,3.0,Ewa
2024-11-18 08:01:00,24.628447,3.0,Ewa
2024-11-18 08:02:00,24.628447,3.0,Ewa
2024-11-18 08:31:00,25.636576,5.0,Ewa
2024-11-18 08:32:00,25.636576,5.0,Ewa
2024-11-18 09:01:00,25.636576,5.0,Ewa
2024-11-18 09:02:00,25.636576,5.0,Ewa
2024-11-18 09:31:00,24.933735,5.0,Ewa
2024-11-18 09:32:00,24.933735,5.0,Ewa
2024-11-18 10:01:00,24.933735,5.0,Ewa
2024-11-18 10:02:00,24.933735,5.0,Ewa
2024-11-18 10:31:00,24.236584,3.0,Ewa
2024-11-18 10:32:00,24.236584,3.0,Ewa
2024-11-18 11:01:00,24.236584,3.0,Ewa
2024-11-18 11:02:00,24.236584,3.0,Ewa
2024-11-18 11:31:00,25.22891,6.0,Ewa
2024-11-18 11:32:00,25.22891,6.0,Ewa
2024-11-18 12:01:00,25.22891,6.0,Ewa
2024-11-18 12:02:00,25.22891,6.0,Ewa
2024-11-18 12:31:00,25.099514,7.0,Ewa
2024-11-18 12:32:00,25.099514,7.0,Ewa
2024-11-18 13:01:00,25.099514,7.0,Ewa
2024-11-18 13:02:00,25.099514,7.0,Ewa
2024-11-18 13:31:00,24.031178,8.0,Ewa
2024-11-18 13:32:00,24.031178,8.0,Ewa
2024-11-18 14:01:00,24.031178,8.0,Ewa
2024-11-18 14:02:00,24.031178,8.0,Ewa
2024-11-18 14:31:00,23.50844,7.0,Ewa
2024-11-18 14:32:00,23.50844,7.0,Ewa
2024-11-18 15:01:00,23.50844,7.0,Ewa
2024-11-18 15:02:00,23.50844,7.0,Ewa
2024-11-18 15:31:00,23.4256,3.0,Ewa
2024-11-18 15:32:00,23.4256,3.0,Ewa
2024-11-18 16:01:00,23.4256,3.0,Ewa
2024-11-18 16:02:00,23.4256,3.0,Ewa
2024-11-18 16:31:00,22.881958,8.0,Ewa
2024-11-18 16:32:00,22.881958,8.0,Ewa
2024-11-18 17:01:00,22.881958,8.0,Ewa
2024-11-18 17:02:00,22.881958,8.0,Ewa
2024-11-18 17:31:00,21.800816,19.0,Ewa
2024-11-18 17:32:00,21.800816,19.0,Ewa
2024-11-18 18:01:00,21.800816,19.0,Ewa
2024-11-18 18:02:00,21.800816,19.0,Ewa
2024-11-18 18:31:00,19.3104,21.0,Ewa
2024-11-18 18:32:00,19.3104,21.0,Ewa
2024-11-18 19:01:00,19.3104,21.0,Ewa
2024-11-18 19:02:00,19.3104,21.0,Ewa
2024-11-18 19:31:00,18.709612,10.0,Ewa
2024-11-18 19:32:00,18.709612,10.0,Ewa
2024-11-18 20:01:00,18.709612,10.0,Ewa
2024-11-18 20:02:00,18.709612,10.0,Ewa
2024-11-18 20:31:00,20.793701,3.0,Ewa
2024-11-18 20:32:00,20.793701,3.0,Ewa
2024-11-18 21:01:00,20.793701,3.0,Ewa
2024-11-18 21:02:00,20.793701,3.0,Ewa
2024-11-18 21:31:00,21.768095,4.0,Ewa
2024-11-18 21:32:00,21.768095,4.0,Ewa
2024-11-18 22:01:00,21.768095,4.0,Ewa
2024-11-18 22:02:00,21.768095,4.0,Ewa
2024-11-18 22:31:00,20.652988,5.0,Ewa
2024-11-18 22:32:00,20.652988,5.0,Ewa
2024-11-18 23:01:00,20.652988,5.0,Ewa
2024-11-18 23:02:00,20.652988,5.0,Ewa
2024-11-18 23:31:00,19.003431,5.0,Ewa
2024-11-18 23:32:00,19.003431,5.0,Ewa
2024-11-19 00:01:00,19.003431,5.0,Ewa
2024-11-19 00:02:00,19.003431,5.0,Ewa
2024-11-19 00:31:00,15.891054,10.0,Ewa
2024-11-19 00:32:00,15.891054,10.0,Ewa
2024-11-19 01:01:00,15.891054,10.0,Ewa
2024-11-19 01:02:00,15.891054,10.0,Ewa
2024-11-19 01:31:00,12.156331,8.0,Ewa
2024-11-19 01:32:00,12.156331,8.0,Ewa
2024-11-19 02:01:00,12.156331,8.0,Ewa
2024-11-19 02:02:00,12.156331,8.0,Ewa
2024-11-19 02:31:00,12.337553,4.0,Ewa
2024-11-19 02:32:00,12.337553,4.0,Ewa
2024-11-19 03:01:00,12.337553,4.0,Ewa
2024-11-19 03:02:00,12.337553,4.0,Ewa
2024-11-19 03:31:00,13.036026,9.0,Ewa
2024-11-19 03:32:00,13.036026,9.0,Ewa
2024-11-19 04:01:00,13.036026,9.0,Ewa
2024-11-19 04:02:00,13.036026,9.0,Ewa
2024-11-19 04:31:00,13.83192,5.0,Ewa
2024-11-19 04:32:00,13.83192,5.0,Ewa
2024-11-19 05:01:00,13.83192,5.0,Ewa
2024-11-19 05:02:00,13.83192,5.0,Ewa
2024-11-19 05:31:00,14.897651,22.0,Ewa
2024-11-19 05:32:00,14.897651,22.0,Ewa
2024-11-19 06:01:00,14.897651,22.0,Ewa
2024-11-19 06:02:00,14.897651,22.0,Ewa
2024-11-19 06:31:00,13.523978,15.0,Ewa
2024-11-19 06:32:00,13.523978,15.0,Ewa
2024-11-19 07:01:00,13.523978,15.0,Ewa
2024-11-19 07:02:00,13.523978,15.0,Ewa
2024-11-19 07:31:00,14.092977,5.0,Ewa
2024-11-19 07:32:00,14.092977,5.0,Ewa
2024-11-19 08:01:00,14.092977,5.0,Ewa
2024-11-19 08:02:00,14.092977,5.0,Ewa
2024-11-19 08:31:00,18.47084,4.0,Ewa
2024-11-19 08:32:00,18.47084,4.0,Ewa
2024-11-19 09:01:00,18.47084,4.0,Ewa
2024-11-19 09:02:00,18.47084,4.0,Ewa
2024-11-19 09:31:00,21.077686,4.0,Ewa
2024-11-19 09:32:00,21.077686,4.0,Ewa
2024-11-19 10:01:00,21.077686,4.0,Ewa
2024-11-19 10:02:00,21.077686,4.0,Ewa
2024-11-19 10:31:00,22.571884,13.0,Ewa
2024-11-19 10:32:00,22.571884,13.0,Ewa
2024-11-19 11:01:00,22.571884,13.0,Ewa
2024-11-19 11:02:00,22.571884,13.0,Ewa
2024-11-19 11:31:00,23.499481,38.0,Ewa
2024-11-19 11:32:00,23.499481,38.0,Ewa
2024-11-19 12:01:00,23.499481,38.0,Ewa
2024-11-19 12:02:00,23.499481,38.0,Ewa
2024-11-19 12:31:00,23.304266,66.0,Ewa
2024-11-19 12:32:00,23.304266,66.0,Ewa
2024-11-19 13:01:00,23.304266,66.0,Ewa
2024-11-19 13:02:00,23.304266,66.0,Ewa
2024-11-19 13:31:00,21.528631,26.0,Ewa
2024-11-19 13:32:00,21.528631,26.0,Ewa
2024-11-19 14:01:00,21.528631,26.0,Ewa
2024-11-19 14:02:00,21.528631,26.0,Ewa
2024-11-19 14:31:00,19.60348,45.0,Ewa
2024-11-19 14:32:00,19.60348,45.0,Ewa
2024-11-19 15:01:00,19.60348,45.0,Ewa
2024-11-19 15:02:00,19.60348,45.0,Ewa
2024-11-19 15:31:00,17.873556,29.0,Ewa
2024-11-19 15:32:00,17.873556,29.0,Ewa
2024-11-19 16:01:00,17.873556,29.0,Ewa
2024-11-19 16:02:00,17.873556,29.0,Ewa
2024-11-19 16:31:00,15.481046,23.0,Ewa
2024-11-19 16:32:00,15.481046,23.0,Ewa
2024-11-19 17:01:00,15.481046,23.0,Ewa
2024-11-19 17:02:00,15.481046,23.0,Ewa
2024-11-19 17:31:00,14.092977,15.0,Ewa
2024-11-19 17:32:00,14.092977,15.0,Ewa
2024-11-19 18:01:00,14.092977,15.0,Ewa
2024-11-19 18:02:00,14.092977,15.0,Ewa
2024-11-19 18:31:00,14.386494,16.0,Ewa
2024-11-19 18:32:00,14.386494,16.0,Ewa
2024-11-19 19:01:00,14.386494,16.0,Ewa
2024-11-19 19:02:00,14.386494,16.0,Ewa
2024-11-19 19:31:00,15.283048,36.0,Ewa
2024-11-19 19:32:00,15.283048,36.0,Ewa
2024-11-19 20:01:00,15.283048,36.0,Ewa
2024-11-19 20:02:00,15.283048,36.0,Ewa
2024-11-19 20:31:00,14.49531,28.0,Ewa
2024-11-19 20:32:00,14.49531,28.0,Ewa
2024-11-19 21:01:00,14.49531,28.0,Ewa
2024-11-19 21:02:00,14.49531,28.0,Ewa
2024-11-19 21:31:00,15.844089,13.0,Ewa
2024-11-19 21:32:00,15.844089,13.0,Ewa
2024-11-19 22:01:00,15.844089,13.0,Ewa
2024-11-19 22:02:00,15.844089,13.0,Ewa
2024-11-19 22:31:00,16.053335,14.0,Ewa
2024-11-19 22:32:00,16.053335,14.0,Ewa
2024-11-19 23:01:00,16.053335,14.0,Ewa
2024-11-19 23:02:00,16.053335,14.0,Ewa
2024-11-19 23:31:00,15.94804,4.0,Ewa
2024-11-19 23:32:00,15.94804,4.0,Ewa
2024-11-20 00:01:00,15.94804,4.0,Ewa
2024-11-20 00:02:00,15.94804,4.0,Ewa
2024-11-20 00:31:00,15.885956,4.0,Ewa
2024-11-20 00:32:00,15.885956,4.0,Ewa
2024-11-20 01:01:00,15.885956,4.0,Ewa
2024-11-20 01:02:00,15.885956,4.0,Ewa
2024-11-20 01:31:00,16.165964,4.0,Ewa
2024-11-20 01:32:00,16.165964,4.0,Ewa
2024-11-20 02:01:00,16.165964,4.0,Ewa
2024-11-20 02:02:00,16.165964,4.0,Ewa
2024-11-20 02:31:00,12.156331,3.0,Ewa
2024-11-20 02:32:00,12.156331,3.0,Ewa
2024-11-20 03:01:00,12.156331,3.0,Ewa
2024-11-20 03:02:00,12.156331,3.0,Ewa
2024-11-20 03:31:00,11.161451,2.0,Ewa
2024-11-20 03:32:00,11.161451,2.0,Ewa
2024-11-20 04:01:00,11.161451,2.0,Ewa
2024-11-20 04:02:00,11.161451,2.0,Ewa
2024-11-20 04:31:00,11.364259,0.0,Ewa
2024-11-20 04:32:00,11.364259,0.0,Ewa
2024-11-20 05:01:00,11.364259,0.0,Ewa
2024-11-20 05:02:00,11.364259,0.0,Ewa
2024-11-20 05:31:00,9.473541,0.0,Ewa
2024-11-20 05:32:00,9.473541,0.0,Ewa
2024-11-20 06:01:00,9.473541,0.0,Ewa
2024-11-20 06:02:00,9.473541,0.0,Ewa
2024-11-20 06:31:00,7.653705,1.0,Ewa
2024-11-20 06:32:00,7.653705,1.0,Ewa
2024-11-20 07:01:00,7.653705,1.0,Ewa
2024-11-20 07:02:00,7.653705,1.0,Ewa
2024-11-20 07:31:00,10.534229,1.0,Ewa
2024-11-20 07:32:00,10.534229,1.0,Ewa
2024-11-20 08:01:00,10.534229,1.0,Ewa
2024-11-20 08:02:00,10.534229,1.0,Ewa
2024-11-20 08:31:00,15.236338,1.0,Ewa
2024-11-20 08:32:00,15.236338,1.0,Ewa
2024-11-20 09:01:00,15.236338,1.0,Ewa
2024-11-20 09:02:00,15.236338,1.0,Ewa
2024-11-20 09:31:00,16.733225,30.0,Ewa
2024-11-20 09:32:00,16.733225,30.0,Ewa
2024-11-20 10:01:00,16.733225,30.0,Ewa
2024-11-20 10:02:00,16.733225,30.0,Ewa
2024-11-20 10:31:00,18.119305,41.0,Ewa
2024-11-20 10:32:00,18.119305,41.0,Ewa
2024-11-20 11:01:00,18.119305,41.0,Ewa
2024-11-20 11:02:00,18.119305,41.0,Ewa
2024-11-20 11:31:00,18.33616,51.0,Ewa
2024-11-20 11:32:00,18.33616,51.0,Ewa
2024-11-20 12:01:00,18.33616,51.0,Ewa
2024-11-20 12:02:00,18.33616,51.0,Ewa
2024-11-20 12:31:00,19.533937,54.0,Ewa
2024-11-20 12:32:00,19.533937,54.0,Ewa
2024-11-20 13:01:00,19.533937,54.0,Ewa
2024-11-20 13:02:00,19.533937,54.0,Ewa
2024-11-20 13:31:00,20.561798,35.0,Ewa
2024-11-20 13:32:00,20.561798,35.0,Ewa
2024-11-20 14:01:00,20.561798,35.0,Ewa
2024-11-20 14:02:00,20.561798,35.0,Ewa
2024-11-20 14:31:00,14.677451,21.0,Ewa
2024-11-20 14:32:00,14.677451,21.0,Ewa
2024-11-20 15:01:00,14.677451,21.0,Ewa
2024-11-20 15:02:00,14.677451,21.0,Ewa
2024-11-20 15:31:00,12.659004,32.0,Ewa
2024-11-20 15:32:00,12.659004,32.0,Ewa
2024-11-20 16:01:00,12.659004,32.0,Ewa
2024-11-20 16:02:00,12.659004,32.0,Ewa
2024-11-20 16:31:00,14.734735,23.0,Ewa
2024-11-20 16:32:00,14.734735,23.0,Ewa
2024-11-20 17:01:00,14.734735,23.0,Ewa
2024-11-20 17:02:00,14.734735,23.0,Ewa
2024-11-20 17:31:00,16.412603,4.0,Ewa
2024-11-20 17:32:00,16.412603,4.0,Ewa
2024-11-20 18:01:00,16.412603,4.0,Ewa
2024-11-20 18:02:00,16.412603,4.0,Ewa
2024-11-20 18:31:00,12.367716,7.0,Ewa
2024-11-20 18:32:00,12.367716,7.0,Ewa
2024-11-20 19:01:00,12.367716,7.0,Ewa
2024-11-20 19:02:00,12.367716,7.0,Ewa
2024-11-20 19:31:00,11.230904,6.0,Ewa
2024-11-20 19:32:00,11.230904,6.0,Ewa
2024-11-20 20:01:00,11.230904,6.0,Ewa
2024-11-20 20:02:00,11.230904,6.0,Ewa
2024-11-20 20:31:00,10.383987,10.0,Ewa
2024-11-20 20:32:00,10.383987,10.0,Ewa
2024-11-20 21:01:00,10.383987,10.0,Ewa
2024-11-20 21:02:00,10.383987,10.0,Ewa
2024-11-20 21:31:00,10.742848,9.0,Ewa
2024-11-20 21:32:00,10.742848,9.0,Ewa
2024-11-20 22:01:00,10.742848,9.0,Ewa
2024-11-20 22:02:00,10.742848,9.0,Ewa
2024-11-20 22:31:00,13.472372,7.0,Ewa
2024-11-20 22:32:00,13.472372,7.0,Ewa
2024-11-20 23:01:00,13.472372,7.0,Ewa
2024-11-20 23:02:00,13.472372,7.0,Ewa
2024-11-20 23:31:00,14.182355,6.0,Ewa
2024-11-20 23:32:00,14.182355,6.0,Ewa
2024-11-21 00:01:00,14.182355,6.0,Ewa
2024-11-21 00:02:00,14.182355,6.0,Ewa
2024-11-21 00:31:00,14.292725,6.0,Ewa
2024-11-21 00:32:00,14.292725,6.0,Ewa
2024-11-21 01:01:00,14.292725,6.0,Ewa
2024-11-21 01:02:00,14.292725,6.0,Ewa
2024-11-21 01:31:00,12.303366,3.0,Ewa
2024-11-21 01:32:00,12.303366,3.0,Ewa
2024-11-21 02:01:00,12.303366,3.0,Ewa
2024-11-21 02:02:00,12.303366,3.0,Ewa
2024-11-21 02:31:00,9.807935,0.0,Ewa
2024-11-21 02:32:00,9.807935,0.0,Ewa
2024-11-21 03:01:00,9.807935,0.0,Ewa
2024-11-21 03:02:00,9.807935,0.0,Ewa
2024-11-21 03:31:00,9.82114,0.0,Ewa
2024-11-21 03:32:00,9.82114,0.0,Ewa
2024-11-21 04:01:00,9.82114,0.0,Ewa
2024-11-21 04:02:00,9.82114,0.0,Ewa
2024-11-21 04:31:00,9.059205,1.0,Ewa
2024-11-21 04:32:00,9.059205,1.0,Ewa
2024-11-21 05:01:00,9.059205,1.0,Ewa
2024-11-21 05:02:00,9.059205,1.0,Ewa
2024-11-21 05:31:00,7.7420926,0.0,Ewa
2024-11-21 05:32:00,7.7420926,0.0,Ewa
2024-11-21 06:01:00,7.7420926,0.0,Ewa
2024-11-21 06:02:00,7.7420926,0.0,Ewa
2024-11-21 06:31:00,7.329338,1.0,Ewa
2024-11-21 06:32:00,7.329338,1.0,Ewa
2024-11-21 07:01:00,7.329338,1.0,Ewa
2024-11-21 07:02:00,7.329338,1.0,Ewa
2024-11-21 07:31:00,7.491114,3.0,Ewa
2024-11-21 07:32:00,7.491114,3.0,Ewa
2024-11-21 08:01:00,7.491114,3.0,Ewa
2024-11-21 08:02:00,7.491114,3.0,Ewa
2024-11-21 08:31:00,12.708816,6.0,Ewa
2024-11-21 08:32:00,12.708816,6.0,Ewa
2024-11-21 09:01:00,12.708816,6.0,Ewa
2024-11-21 09:02:00,12.708816,6.0,Ewa
2024-11-21 09:31:00,17.202011,7.0,Ewa
2024-11-21 09:32:00,17.202011,7.0,Ewa
2024-11-21 10:01:00,17.202011,7.0,Ewa
2024-11-21 10:02:00,17.202011,7.0,Ewa
2024-11-21 10:31:00,17.902534,8.0,Ewa
2024-11-21 10:32:00,17.902534,8.0,Ewa
2024-11-21 11:01:00,17.902534,8.0,Ewa
2024-11-21 11:02:00,17.902534,8.0,Ewa
2024-11-21 11:31:00,17.462782,4.0,Ewa
2024-11-21 11:32:00,17.462782,4.0,Ewa
2024-11-21 12:01:00,17.462782,4.0,Ewa
2024-11-21 12:02:00,17.462782,4.0,Ewa
2024-11-21 12:31:00,15.978486,10.0,Ewa
2024-11-21 12:32:00,15.978486,10.0,Ewa
2024-11-21 13:01:00,15.978486,10.0,Ewa
2024-11-21 13:02:00,15.978486,10.0,Ewa
2024-11-21 13:31:00,16.024044,24.0,Ewa
2024-11-21 13:32:00,16.024044,24.0,Ewa
2024-11-21 14:01:00,16.024044,24.0,Ewa
2024-11-21 14:02:00,16.024044,24.0,Ewa
2024-11-21 14:31:00,9.83268,15.0,Ewa
2024-11-21 14:32:00,9.83268,15.0,Ewa
2024-11-21 15:01:00,9.83268,15.0,Ewa
2024-11-21 15:02:00,9.83268,15.0,Ewa
2024-11-21 15:31:00,9.2660675,25.0,Ewa
2024-11-21 15:32:00,9.2660675,25.0,Ewa
2024-11-21 16:01:00,9.2660675,25.0,Ewa
2024-11-21 16:02:00,9.2660675,25.0,Ewa
2024-11-21 16:31:00,13.443481,17.0,Ewa
2024-11-21 16:32:00,13.443481,17.0,Ewa
2024-11-21 17:01:00,13.443481,17.0,Ewa
2024-11-21 17:02:00,13.443481,17.0,Ewa
2024-11-21 17:31:00,15.717823,16.0,Ewa
2024-11-21 17:32:00,15.717823,16.0,Ewa
2024-11-21 18:01:00,15.717823,16.0,Ewa
2024-11-21 18:02:00,15.717823,16.0,Ewa
2024-11-21 18:31:00,11.792404,51.0,Ewa
2024-11-21 18:32:00,11.792404,51.0,Ewa
2024-11-21 19:01:00,11.792404,51.0,Ewa
2024-11-21 19:02:00,11.792404,51.0,Ewa
2024-11-21 19:31:00,12.193589,100.0,Ewa
2024-11-21 19:32:00,12.193589,100.0,Ewa
2024-11-21 20:01:00,12.193589,100.0,Ewa
2024-11-21 20:02:00,12.193589,100.0,Ewa
2024-11-21 20:31:00,11.43248,30.0,Ewa
2024-11-21 20:32:00,11.43248,30.0,Ewa
2024-11-21 21:01:00,11.43248,30.0,Ewa
2024-11-21 21:02:00,11.43248,30.0,Ewa
2024-11-21 21:31:00,9.82114,58.0,Ewa
2024-11-21 21:32:00,9.82114,58.0,Ewa
2024-11-21 22:01:00,9.82114,58.0,Ewa
2024-11-21 22:02:00,9.82114,58.0,Ewa
2024-11-21 22:31:00,10.134496,69.0,Ewa
2024-11-21 22:32:00,10.134496,69.0,Ewa
2024-11-21 23:01:00,10.134496,69.0,Ewa
2024-11-21 23:02:00,10.134496,69.0,Ewa
2024-11-21 23:31:00,11.213581,16.0,Ewa
2024-11-21 23:32:00,11.213581,16.0,Ewa
2024-11-22 00:01:00,11.213581,16.0,Ewa
2024-11-22 00:02:00,11.213581,16.0,Ewa
2024-11-22 00:31:00,9.236298,14.0,Ewa
2024-11-22 00:32:00,9.236298,14.0,Ewa
2024-11-22 01:01:00,9.236298,14.0,Ewa
2024-11-22 01:02:00,9.236298,14.0,Ewa
2024-11-22 01:31:00,9.984729,7.0,Ewa
2024-11-22 01:32:00,9.984729,7.0,Ewa
2024-11-22 02:01:00,9.984729,7.0,Ewa
2024-11-22 02:02:00,9.984729,7.0,Ewa
2024-11-22 02:31:00,6.1858225,74.0,Ewa
2024-11-22 02:32:00,6.1858225,74.0,Ewa
2024-11-22 03:01:00,6.1858225,74.0,Ewa
2024-11-22 03:02:00,6.1858225,74.0,Ewa
2024-11-22 03:31:00,7.2805495,54.0,Ewa
2024-11-22 03:32:00,7.2805495,54.0,Ewa
2024-11-22 04:01:00,7.2805495,54.0,Ewa
2024-11-22 04:02:00,7.2805495,54.0,Ewa
2024-11-22 04:31:00,8.36758,95.0,Ewa
2024-11-22 04:32:00,8.36758,95.0,Ewa
2024-11-22 05:01:00,8.36758,95.0,Ewa
2024-11-22 05:02:00,8.36758,95.0,Ewa
2024-11-22 05:31:00,9.511088,92.0,Ewa
2024-11-22 05:32:00,9.511088,92.0,Ewa
2024-11-22 06:01:00,9.511088,92.0,Ewa
2024-11-22 06:02:00,9.511088,92.0,Ewa
2024-11-22 06:31:00,8.863972,93.0,Ewa
2024-11-22 06:32:00,8.863972,93.0,Ewa
2024-11-22 07:01:00,8.863972,93.0,Ewa
2024-11-22 07:02:00,8.863972,93.0,Ewa
2024-11-22 07:31:00,8.297589,100.0,Ewa
2024-11-22 07:32:00,8.297589,100.0,Ewa
2024-11-22 08:01:00,8.297589,100.0,Ewa
2024-11-22 08:02:00,8.297589,100.0,Ewa
2024-11-22 08:31:00,8.242743,100.0,Ewa
2024-11-22 08:32:00,8.242743,100.0,Ewa
2024-11-22 09:01:00,8.242743,100.0,Ewa
2024-11-22 09:02:00,8.242743,100.0,Ewa
2024-11-22 09:31:00,7.9077177,100.0,Ewa
2024-11-22 09:32:00,7.9077177,100.0,Ewa
2024-11-22 10:01:00,7.9077177,100.0,Ewa
2024-11-22 10:02:00,7.9077177,100.0,Ewa
2024-11-22 10:31:00,6.28713,100.0,Ewa
2024-11-22 10:32:00,6.28713,100.0,Ewa
2024-11-22 11:01:00,6.28713,100.0,Ewa
2024-11-22 11:02:00,6.28713,100.0,Ewa
2024-11-22 11:31:00,5.3426957,100.0,Ewa
2024-11-22 11:32:00,5.3426957,100.0,Ewa
2024-11-22 12:01:00,5.3426957,100.0,Ewa
2024-11-22 12:02:00,5.3426957,100.0,Ewa
2024-11-22 12:31:00,4.942631,100.0,Ewa
2024-11-22 12:32:00,4.942631,100.0,Ewa
2024-11-22 13:01:00,4.942631,100.0,Ewa
2024-11-22 13:02:00,4.942631,100.0,Ewa
2024-11-22 13:31:00,6.522361,100.0,Ewa
2024-11-22 13:32:00,6.522361,100.0,Ewa
2024-11-22 14:01:00,6.522361,100.0,Ewa
2024-11-22 14:02:00,6.522361,100.0,Ewa
2024-11-22 14:31:00,12.330985,100.0,Ewa
2024-11-22 14:32:00,12.330985,100.0,Ewa
2024-11-22 15:01:00,12.330985,100.0,Ewa
2024-11-22 15:02:00,12.330985,100.0,Ewa
2024-11-22 15:31:00,11.103243,98.0,Ewa
2024-11-22 15:32:00,11.103243,98.0,Ewa
2024-11-22 16:01:00,11.103243,98.0,Ewa
2024-11-22 16:02:00,11.103243,98.0,Ewa
2024-11-22 16:31:00,10.441552,99.0,Ewa
2024-11-22 16:32:00,10.441552,99.0,Ewa
2024-11-22 17:01:00,10.441552,99.0,Ewa
2024-11-22 17:02:00,10.441552,99.0,Ewa
2024-11-22 17:31:00,6.763786,96.0,Ewa
2024-11-22 17:32:00,6.763786,96.0,Ewa
2024-11-22 18:01:00,6.763786,96.0,Ewa
2024-11-22 18:02:00,6.763786,96.0,Ewa
2024-11-22 18:31:00,8.019601,100.0,Ewa
2024-11-22 18:32:00,8.019601,100.0,Ewa
2024-11-22 19:01:00,8.019601,100.0,Ewa
2024-11-22 19:02:00,8.019601,100.0,Ewa
2024-11-22 19:31:00,9.82114,84.0,Ewa
2024-11-22 19:32:00,9.82114,84.0,Ewa
2024-11-22 20:01:00,9.82114,84.0,Ewa
2024-11-22 20:02:00,9.82114,84.0,Ewa
2024-11-22 20:31:00,8.805294,89.0,Ewa
2024-11-22 20:32:00,8.805294,89.0,Ewa
2024-11-22 21:01:00,8.805294,89.0,Ewa
2024-11-22 21:02:00,8.805294,89.0,Ewa
2024-11-22 21:31:00,7.7650757,100.0,Ewa
2024-11-22 21:32:00,7.7650757,100.0,Ewa
2024-11-22 22:01:00,7.7650757,100.0,Ewa
2024-11-22 22:02:00,7.7650757,100.0,Ewa
2024-11-22 22:31:00,6.3690495,100.0,Ewa
2024-11-22 22:32:00,6.3690495,100.0,Ewa
2024-11-22 23:01:00,6.3690495,100.0,Ewa
2024-11-22 23:02:00,6.3690495,100.0,Ewa
2024-11-22 23:31:00,4.846648,100.0,Ewa
2024-11-22 23:32:00,4.846648,100.0,Ewa
2024-11-23 00:01:00,4.846648,100.0,Ewa
2024-11-23 00:02:00,4.846648,100.0,Ewa
2024-11-23 00:31:00,5.4744864,100.0,Ewa
2024-11-23 00:32:00,5.4744864,100.0,Ewa
2024-11-23 01:01:00,5.4744864,100.0,Ewa
2024-11-23 01:02:00,5.4744864,100.0,Ewa
2024-11-23 01:31:00,5.6920996,100.0,Ewa
2024-11-23 01:32:00,5.6920996,100.0,Ewa
2024-11-23 02:01:00,5.6920996,100.0,Ewa
2024-11-23 02:02:00,5.6920996,100.0,Ewa
2024-11-23 02:31:00,4.802999,100.0,Ewa
2024-11-23 02:32:00,4.802999,100.0,Ewa
2024-11-23 03:01:00,4.802999,100.0,Ewa
2024-11-23 03:02:00,4.802999,100.0,Ewa
2024-11-23 03:31:00,5.195113,100.0,Ewa
2024-11-23 03:32:00,5.195113,100.0,Ewa
2024-11-23 04:01:00,5.195113,100.0,Ewa
2024-11-23 04:02:00,5.195113,100.0,Ewa
2024-11-23 04:31:00,6.1858225,81.0,Ewa
2024-11-23 04:32:00,6.1858225,81.0,Ewa
2024-11-23 05:01:00,6.1858225,81.0,Ewa
2024-11-23 05:02:00,6.1858225,81.0,Ewa
2024-11-23 05:31:00,6.3639607,95.0,Ewa
2024-11-23 05:32:00,6.3639607,95.0,Ewa
2024-11-23 06:01:00,6.3639607,95.0,Ewa
2024-11-23 06:02:00,6.3639607,95.0,Ewa
2024-11-23 06:31:00,4.7657523,82.0,Ewa
2024-11-23 06:32:00,4.7657523,82.0,Ewa
2024-11-23 07:01:00,4.7657523,82.0,Ewa
2024-11-23 07:02:00,4.7657523,82.0,Ewa
2024-11-23 07:31:00,4.452954,92.0,Ewa
2024-11-23 07:32:00,4.452954,92.0,Ewa
2024-11-23 08:01:00,4.452954,92.0,Ewa
2024-11-23 08:02:00,4.452954,92.0,Ewa
2024-11-23 08:31:00,2.7943513,95.0,Ewa
2024-11-23 08:32:00,2.7943513,95.0,Ewa
2024-11-23 09:01:00,2.7943513,95.0,Ewa
2024-11-23 09:02:00,2.7943513,95.0,Ewa
2024-11-23 09:31:00,1.8089776,62.0,Ewa
2024-11-23 09:32:00,1.8089776,62.0,Ewa
2024-11-23 10:01:00,1.8089776,62.0,Ewa
2024-11-23 10:02:00,1.8089776,62.0,Ewa
2024-11-23 10:31:00,3.8856654,24.0,Ewa
2024-11-23 10:32:00,3.8856654,24.0,Ewa
2024-11-23 11:01:00,3.8856654,24.0,Ewa
2024-11-23 11:02:00,3.8856654,24.0,Ewa
2024-11-23 11:31:00,7.327127,78.0,Ewa
2024-11-23 11:32:00,7.327127,78.0,Ewa
2024-11-23 12:01:00,7.327127,78.0,Ewa
2024-11-23 12:02:00,7.327127,78.0,Ewa
2024-11-23 12:31:00,13.125196,96.0,Ewa
2024-11-23 12:32:00,13.125196,96.0,Ewa
2024-11-23 13:01:00,13.125196,96.0,Ewa
2024-11-23 13:02:00,13.125196,96.0,Ewa
2024-11-23 13:31:00,14.512064,90.0,Ewa
2024-11-23 13:32:00,14.512064,90.0,Ewa
2024-11-23 14:01:00,14.512064,90.0,Ewa
2024-11-23 14:02:00,14.512064,90.0,Ewa
2024-11-23 14:31:00,13.971757,20.0,Ewa
2024-11-23 14:32:00,13.971757,20.0,Ewa
2024-11-23 15:01:00,13.971757,20.0,Ewa
2024-11-23 15:02:00,13.971757,20.0,Ewa
2024-11-23 15:31:00,10.478722,20.0,Ewa
2024-11-23 15:32:00,10.478722,20.0,Ewa
2024-11-23 16:01:00,10.478722,20.0,Ewa
2024-11-23 16:02:00,10.478722,20.0,Ewa
2024-11-23 16:31:00,4.1085763,17.0,Ewa
2024-11-23 16:32:00,4.1085763,17.0,Ewa
2024-11-23 17:01:00,4.1085763,17.0,Ewa
2024-11-23 17:02:00,4.1085763,17.0,Ewa
2024-11-23 17:31:00,6.873078,54.0,Ewa
2024-11-23 17:32:00,6.873078,54.0,Ewa
2024-11-23 18:01:00,6.873078,54.0,Ewa
2024-11-23 18:02:00,6.873078,54.0,Ewa
2024-11-23 18:31:00,10.296251,10.0,Ewa
2024-11-23 18:32:00,10.296251,10.0,Ewa
2024-11-23 19:01:00,10.296251,10.0,Ewa
2024-11-23 19:02:00,10.296251,10.0,Ewa
2024-11-23 19:31:00,8.209263,45.0,Ewa
2024-11-23 19:32:00,8.209263,45.0,Ewa
2024-11-23 20:01:00,8.209263,45.0,Ewa
2024-11-23 20:02:00,8.209263,45.0,Ewa
2024-11-23 20:31:00,7.6388745,74.0,Ewa
2024-11-23 20:32:00,7.6388745,74.0,Ewa
2024-11-23 21:01:00,7.6388745,74.0,Ewa
2024-11-23 21:02:00,7.6388745,74.0,Ewa
2024-11-23 21:31:00,7.4932766,44.0,Ewa
2024-11-23 21:32:00,7.4932766,44.0,Ewa
2024-11-23 22:01:00,7.4932766,44.0,Ewa
2024-11-23 22:02:00,7.4932766,44.0,Ewa
2024-11-23 22:31:00,6.7205353,95.0,Ewa
2024-11-23 22:32:00,6.7205353,95.0,Ewa
2024-11-23 23:01:00,6.7205353,95.0,Ewa
2024-11-23 23:02:00,6.7205353,95.0,Ewa
2024-11-23 23:31:00,5.937272,9.0,Ewa
2024-11-23 23:32:00,5.937272,9.0,Ewa
2024-11-24 00:01:00,5.937272,9.0,Ewa
2024-11-24 00:02:00,5.937272,9.0,Ewa
2024-11-24 00:31:00,5.195113,0.0,Ewa
2024-11-24 00:32:00,5.195113,0.0,Ewa
2024-11-24 01:01:00,5.195113,0.0,Ewa
2024-11-24 01:02:00,5.195113,0.0,Ewa
2024-11-24 01:31:00,4.060985,0.0,Ewa
2024-11-24 01:32:00,4.060985,0.0,Ewa
2024-11-24 02:01:00,4.060985,0.0,Ewa
2024-11-24 02:02:00,4.060985,0.0,Ewa
2024-11-24 02:31:00,1.835647,0.0,Ewa
2024-11-24 02:32:00,1.835647,0.0,Ewa
2024-11-24 03:01:00,1.835647,0.0,Ewa
2024-11-24 03:02:00,1.835647,0.0,Ewa
2024-11-24 03:31:00,3.143565,2.0,Ewa
2024-11-24 03:32:00,3.143565,2.0,Ewa
2024-11-24 04:01:00,3.143565,2.0,Ewa
2024-11-24 04:02:00,3.143565,2.0,Ewa
2024-11-24 04:31:00,3.01735,10.0,Ewa
2024-11-24 04:32:00,3.01735,10.0,Ewa
2024-11-24 05:01:00,3.01735,10.0,Ewa
2024-11-24 05:02:00,3.01735,10.0,Ewa
2024-11-24 05:31:00,2.6758924,24.0,Ewa
2024-11-24 05:32:00,2.6758924,24.0,Ewa
2024-11-24 06:01:00,2.6758924,24.0,Ewa
2024-11-24 06:02:00,2.6758924,24.0,Ewa
2024-11-24 06:31:00,3.01735,26.0,Ewa
2024-11-24 06:32:00,3.01735,26.0,Ewa
2024-11-24 07:01:00,3.01735,26.0,Ewa
2024-11-24 07:02:00,3.01735,26.0,Ewa
2024-11-24 07:31:00,5.3517847,0.0,Ewa
2024-11-24 07:32:00,5.3517847,0.0,Ewa
2024-11-24 08:01:00,5.3517847,0.0,Ewa
2024-11-24 08:02:00,5.3517847,0.0,Ewa
2024-11-24 08:31:00,2.0364676,0.0,Ewa
2024-11-24 08:32:00,2.0364676,0.0,Ewa
2024-11-24 09:01:00,2.0364676,0.0,Ewa
2024-11-24 09:02:00,2.0364676,0.0,Ewa
2024-11-24 09:31:00,5.1197267,0.0,Ewa
2024-11-24 09:32:00,5.1197267,0.0,Ewa
2024-11-24 10:01:00,5.1197267,0.0,Ewa
2024-11-24 10:02:00,5.1197267,0.0,Ewa
2024-11-24 10:31:00,8.297589,0.0,Ewa
2024-11-24 10:32:00,8.297589,0.0,Ewa
2024-11-24 11:01:00,8.297589,0.0,Ewa
2024-11-24 11:02:00,8.297589,0.0,Ewa
2024-11-24 11:31:00,11.272657,3.0,Ewa
2024-11-24 11:32:00,11.272657,3.0,Ewa
2024-11-24 12:01:00,11.272657,3.0,Ewa
2024-11-24 12:02:00,11.272657,3.0,Ewa
2024-11-24 12:31:00,13.184308,24.0,Ewa
2024-11-24 12:32:00,13.184308,24.0,Ewa
2024-11-24 13:01:00,13.184308,24.0,Ewa
2024-11-24 13:02:00,13.184308,24.0,Ewa
2024-11-24 13:31:00,14.410121,22.0,Ewa
2024-11-24 13:32:00,14.410121,22.0,Ewa
2024-11-24 14:01:00,14.410121,22.0,Ewa
2024-11-24 14:02:00,14.410121,22.0,Ewa
2024-11-24 14:31:00,9.587428,45.0,Ewa
2024-11-24 14:32:00,9.587428,45.0,Ewa
2024-11-24 15:01:00,9.587428,45.0,Ewa
2024-11-24 15:02:00,9.587428,45.0,Ewa
2024-11-24 15:31:00,7.1321807,95.0,Ewa
2024-11-24 15:32:00,7.1321807,95.0,Ewa
2024-11-24 16:01:00,7.1321807,95.0,Ewa
2024-11-24 16:02:00,7.1321807,95.0,Ewa
2024-11-24 16:31:00,6.502461,100.0,Ewa
2024-11-24 16:32:00,6.502461,100.0,Ewa
2024-11-24 17:01:00,6.502461,100.0,Ewa
2024-11-24 17:02:00,6.502461,100.0,Ewa
2024-11-24 17:31:00,5.9834766,59.0,Ewa
2024-11-24 17:32:00,5.9834766,59.0,Ewa
2024-11-24 18:01:00,5.9834766,59.0,Ewa
2024-11-24 18:02:00,5.9834766,59.0,Ewa
2024-11-24 18:31:00,3.148714,23.0,Ewa
2024-11-24 18:32:00,3.148714,23.0,Ewa
2024-11-24 19:01:00,3.148714,23.0,Ewa
2024-11-24 19:02:00,3.148714,23.0,Ewa
2024-11-24 19:31:00,2.0124612,10.0,Ewa
2024-11-24 19:32:00,2.0124612,10.0,Ewa
2024-11-24 20:01:00,2.0124612,10.0,Ewa
2024-11-24 20:02:00,2.0124612,10.0,Ewa
2024-11-24 20:31:00,2.4149535,24.0,Ewa
2024-11-24 20:32:00,2.4149535,24.0,Ewa
2024-11-24 21:01:00,2.4149535,24.0,Ewa
2024-11-24 21:02:00,2.4149535,24.0,Ewa
2024-11-24 21:31:00,3.189608,41.0,Ewa
2024-11-24 21:32:00,3.189608,41.0,Ewa
2024-11-24 22:01:00,3.189608,41.0,Ewa
2024-11-24 22:02:00,3.189608,41.0,Ewa
2024-11-24 22:31:00,4.060985,43.0,Ewa
2024-11-24 22:32:00,4.060985,43.0,Ewa
2024-11-24 23:01:00,4.060985,43.0,Ewa
2024-11-24 23:02:00,4.060985,43.0,Ewa
2024-11-24 23:31:00,2.7943513,89.0,Ewa
2024-11-24 23:32:00,2.7943513,89.0,Ewa
2024-11-25 00:01:00,2.7943513,89.0,Ewa
2024-11-25 00:02:00,2.7943513,89.0,Ewa
2024-11-25 00:31:00,2.7943513,66.0,Ewa
2024-11-25 00:32:00,2.7943513,66.0,Ewa
2024-11-25 01:01:00,2.7943513,66.0,Ewa
2024-11-25 01:02:00,2.7943513,66.0,Ewa
2024-11-25 01:31:00,2.7238941,30.0,Ewa
2024-11-25 01:32:00,2.7238941,30.0,Ewa
2024-11-25 02:01:00,2.7238941,30.0,Ewa
2024-11-25 02:02:00,2.7238941,30.0,Ewa
2024-11-25 02:31:00,4.542994,28.0,Ewa
2024-11-25 02:32:00,4.542994,28.0,Ewa
2024-11-25 03:01:00,4.542994,28.0,Ewa
2024-11-25 03:02:00,4.542994,28.0,Ewa
2024-11-25 03:31:00,5.00128,16.0,Ewa
2024-11-25 03:32:00,5.00128,16.0,Ewa
2024-11-25 04:01:00,5.00128,16.0,Ewa
2024-11-25 04:02:00,5.00128,16.0,Ewa
2024-11-25 04:31:00,5.7515564,46.0,Ewa
2024-11-25 04:32:00,5.7515564,46.0,Ewa
2024-11-25 05:01:00,5.7515564,46.0,Ewa
2024-11-25 05:02:00,5.7515564,46.0,Ewa
2024-11-25 05:31:00,5.637765,61.0,Ewa
2024-11-25 05:32:00,5.637765,61.0,Ewa
2024-11-25 06:01:00,5.637765,61.0,Ewa
2024-11-25 06:02:00,5.637765,61.0,Ewa
2024-11-25 06:31:00,4.7521367,72.0,Ewa
2024-11-25 06:32:00,4.7521367,72.0,Ewa
2024-11-25 07:01:00,4.7521367,72.0,Ewa
2024-11-25 07:02:00,4.7521367,72.0,Ewa
2024-11-25 07:31:00,5.5829024,0.0,Ewa
2024-11-25 07:32:00,5.5829024,0.0,Ewa
2024-11-25 08:01:00,5.5829024,0.0,Ewa
2024-11-25 08:02:00,5.5829024,0.0,Ewa
2024-11-25 08:31:00,3.2599385,1.0,Ewa
2024-11-25 08:32:00,3.2599385,1.0,Ewa
2024-11-25 09:01:00,3.2599385,1.0,Ewa
2024-11-25 09:02:00,3.2599385,1.0,Ewa
2024-11-25 09:31:00,1.1384199,4.0,Ewa
2024-11-25 09:32:00,1.1384199,4.0,Ewa
2024-11-25 10:01:00,1.1384199,4.0,Ewa
2024-11-25 10:02:00,1.1384199,4.0,Ewa
2024-11-25 10:31:00,3.4623692,26.0,Ewa
2024-11-25 10:32:00,3.4623692,26.0,Ewa
2024-11-25 11:01:00,3.4623692,26.0,Ewa
2024-11-25 11:02:00,3.4623692,26.0,Ewa
2024-11-25 11:31:00,8.209263,91.0,Ewa
2024-11-25 11:32:00,8.209263,91.0,Ewa
2024-11-25 12:01:00,8.209263,91.0,Ewa
2024-11-25 12:02:00,8.209263,91.0,Ewa
2024-11-25 12:31:00,15.379206,12.0,Ewa
2024-11-25 12:32:00,15.379206,12.0,Ewa
2024-11-25 13:01:00,15.379206,12.0,Ewa
2024-11-25 13:02:00,15.379206,12.0,Ewa
2024-11-25 13:31:00,15.713702,100.0,Ewa
2024-11-25 13:32:00,15.713702,100.0,Ewa
2024-11-25 14:01:00,15.713702,100.0,Ewa
2024-11-25 14:02:00,15.713702,100.0,Ewa
2024-11-25 14:31:00,8.587338,84.0,Ewa
2024-11-25 14:32:00,8.587338,84.0,Ewa
2024-11-25 15:01:00,8.587338,84.0,Ewa
2024-11-25 15:02:00,8.587338,84.0,Ewa
2024-11-25 15:31:00,8.891343,94.0,Ewa
2024-11-25 15:32:00,8.891343,94.0,Ewa
2024-11-25 16:01:00,8.891343,94.0,Ewa
2024-11-25 16:02:00,8.891343,94.0,Ewa
2024-11-25 16:31:00,8.528657,95.0,Ewa
2024-11-25 16:32:00,8.528657,95.0,Ewa
2024-11-25 17:01:00,8.528657,95.0,Ewa
2024-11-25 17:02:00,8.528657,95.0,Ewa
2024-11-25 17:31:00,10.32924,28.0,Ewa
2024-11-25 17:32:00,10.32924,28.0,Ewa
2024-11-25 18:01:00,10.32924,28.0,Ewa
2024-11-25 18:02:00,10.32924,28.0,Ewa
2024-11-25 18:31:00,12.134992,7.0,Ewa
2024-11-25 18:32:00,12.134992,7.0,Ewa
2024-11-25 19:01:00,12.134992,7.0,Ewa
2024-11-25 19:02:00,12.134992,7.0,Ewa
2024-11-25 19:31:00,7.8954163,3.0,Ewa
2024-11-25 19:32:00,7.8954163,3.0,Ewa
2024-11-25 20:01:00,7.8954163,3.0,Ewa
2024-11-25 20:02:00,7.8954163,3.0,Ewa
2024-11-25 20:31:00,4.913044,1.0,Ewa
2024-11-25 20:32:00,4.913044,1.0,Ewa
2024-11-25 21:01:00,4.913044,1.0,Ewa
2024-11-25 21:02:00,4.913044,1.0,Ewa
2024-11-25 21:31:00,4.942631,4.0,Ewa
2024-11-25 21:32:00,4.942631,4.0,Ewa
2024-11-25 22:01:00,4.942631,4.0,Ewa
2024-11-25 22:02:00,4.942631,4.0,Ewa
2024-11-25 22:31:00,4.293669,10.0,Ewa
2024-11-25 22:32:00,4.293669,10.0,Ewa
2024-11-25 23:01:00,4.293669,10.0,Ewa
2024-11-25 23:02:00,4.293669,10.0,Ewa
2024-11-25 23:31:00,4.2021427,9.0,Ewa
2024-11-25 23:32:00,4.2021427,9.0,Ewa
2024-11-26 00:01:00,4.2021427,9.0,Ewa
2024-11-26 00:02:00,4.2021427,9.0,Ewa
2024-11-26 00:31:00,5.7176566,4.0,Ewa
2024-11-26 00:32:00,5.7176566,4.0,Ewa
2024-11-26 01:01:00,5.7176566,4.0,Ewa
2024-11-26 01:02:00,5.7176566,4.0,Ewa
2024-11-26 01:31:00,7.841888,11.0,Ewa
2024-11-26 01:32:00,7.841888,11.0,Ewa
2024-11-26 02:01:00,7.841888,11.0,Ewa
2024-11-26 02:02:00,7.841888,11.0,Ewa
2024-11-26 02:31:00,5.297018,9.0,Ewa
2024-11-26 02:32:00,5.297018,9.0,Ewa
2024-11-26 03:01:00,5.297018,9.0,Ewa
2024-11-26 03:02:00,5.297018,9.0,Ewa
2024-11-26 03:31:00,4.6730714,19.0,Ewa
2024-11-26 03:32:00,4.6730714,19.0,Ewa
2024-11-26 04:01:00,4.6730714,19.0,Ewa
2024-11-26 04:02:00,4.6730714,19.0,Ewa
2024-11-26 04:31:00,4.0249224,27.0,Ewa
2024-11-26 04:32:00,4.0249224,27.0,Ewa
2024-11-26 05:01:00,4.0249224,27.0,Ewa
2024-11-26 05:02:00,4.0249224,27.0,Ewa
2024-11-26 05:31:00,4.5891175,41.0,Ewa
2024-11-26 05:32:00,4.5891175,41.0,Ewa
2024-11-26 06:01:00,4.5891175,41.0,Ewa
2024-11-26 06:02:00,4.5891175,41.0,Ewa
2024-11-26 06:31:00,5.12289,57.0,Ewa
2024-11-26 06:32:00,5.12289,57.0,Ewa
2024-11-26 07:01:00,5.12289,57.0,Ewa
2024-11-26 07:02:00,5.12289,57.0,Ewa
2024-11-26 07:31:00,7.458606,13.0,Ewa
2024-11-26 07:32:00,7.458606,13.0,Ewa
2024-11-26 08:01:00,7.458606,13.0,Ewa
2024-11-26 08:02:00,7.458606,13.0,Ewa
2024-11-26 08:31:00,4.8733153,32.0,Ewa
2024-11-26 08:32:00,4.8733153,32.0,Ewa
2024-11-26 09:01:00,4.8733153,32.0,Ewa
2024-11-26 09:02:00,4.8733153,32.0,Ewa
2024-11-26 09:31:00,3.438895,85.0,Ewa
2024-11-26 09:32:00,3.438895,85.0,Ewa
2024-11-26 10:01:00,3.438895,85.0,Ewa
2024-11-26 10:02:00,3.438895,85.0,Ewa
2024-11-26 10:31:00,0.5091169,100.0,Ewa
2024-11-26 10:32:00,0.5091169,100.0,Ewa
2024-11-26 11:01:00,0.5091169,100.0,Ewa
2024-11-26 11:02:00,0.5091169,100.0,Ewa
2024-11-26 11:31:00,7.0015144,100.0,Ewa
2024-11-26 11:32:00,7.0015144,100.0,Ewa
2024-11-26 12:01:00,7.0015144,100.0,Ewa
2024-11-26 12:02:00,7.0015144,100.0,Ewa
2024-11-26 12:31:00,15.192682,100.0,Ewa
2024-11-26 12:32:00,15.192682,100.0,Ewa
2024-11-26 13:01:00,15.192682,100.0,Ewa
2024-11-26 13:02:00,15.192682,100.0,Ewa
2024-11-26 13:31:00,18.741621,73.0,Ewa
2024-11-26 13:32:00,18.741621,73.0,Ewa
2024-11-26 14:01:00,18.741621,73.0,Ewa
2024-11-26 14:02:00,18.741621,73.0,Ewa
2024-11-26 14:31:00,0.76367533,14.0,Ewa
2024-11-26 14:32:00,0.76367533,14.0,Ewa
2024-11-26 15:01:00,0.76367533,14.0,Ewa
2024-11-26 15:02:00,0.76367533,14.0,Ewa
2024-11-26 15:31:00,7.8149853,24.0,Ewa
2024-11-26 15:32:00,7.8149853,24.0,Ewa
2024-11-26 16:01:00,7.8149853,24.0,Ewa
2024-11-26 16:02:00,7.8149853,24.0,Ewa
2024-11-26 16:31:00,11.334285,23.0,Ewa
2024-11-26 16:32:00,11.334285,23.0,Ewa
2024-11-26 17:01:00,11.334285,23.0,Ewa
2024-11-26 17:02:00,11.334285,23.0,Ewa
2024-11-26 17:31:00,9.473541,4.0,Ewa
2024-11-26 17:32:00,9.473541,4.0,Ewa
2024-11-26 18:01:00,9.473541,4.0,Ewa
2024-11-26 18:02:00,9.473541,4.0,Ewa
2024-11-26 18:31:00,9.47012,27.0,Ewa
2024-11-26 18:32:00,9.47012,27.0,Ewa
2024-11-26 19:01:00,9.47012,27.0,Ewa
2024-11-26 19:02:00,9.47012,27.0,Ewa
2024-11-26 19:31:00,7.5942073,10.0,Ewa
2024-11-26 19:32:00,7.5942073,10.0,Ewa
2024-11-26 20:01:00,7.5942073,10.0,Ewa
2024-11-26 20:02:00,7.5942073,10.0,Ewa
2024-11-26 20:31:00,6.603817,14.0,Ewa
2024-11-26 20:32:00,6.603817,14.0,Ewa
2024-11-26 21:01:00,6.603817,14.0,Ewa
2024-11-26 21:02:00,6.603817,14.0,Ewa
2024-11-26 21:31:00,4.755544,12.0,Ewa
2024-11-26 21:32:00,4.755544,12.0,Ewa
2024-11-26 22:01:00,4.755544,12.0,Ewa
2024-11-26 22:02:00,4.755544,12.0,Ewa
2024-11-26 22:31:00,2.0523157,13.0,Ewa
2024-11-26 22:32:00,2.0523157,13.0,Ewa
2024-11-26 23:01:00,2.0523157,13.0,Ewa
2024-11-26 23:02:00,2.0523157,13.0,Ewa
2024-11-26 23:31:00,1.0948973,21.0,Ewa
2024-11-26 23:32:00,1.0948973,21.0,Ewa
2024-11-27 00:01:00,1.0948973,21.0,Ewa
2024-11-27 00:02:00,1.0948973,21.0,Ewa
2024-11-27 00:31:00,1.08,34.0,Ewa
2024-11-27 00:32:00,1.08,34.0,Ewa
2024-11-27 01:01:00,1.08,34.0,Ewa
2024-11-27 01:02:00,1.08,34.0,Ewa
2024-11-27 01:31:00,2.657668,66.0,Ewa
2024-11-27 01:32:00,2.657668,66.0,Ewa
2024-11-27 02:01:00,2.657668,66.0,Ewa
2024-11-27 02:02:00,2.657668,66.0,Ewa
2024-11-27 02:31:00,4.175069,26.0,Ewa
2024-11-27 02:32:00,4.175069,26.0,Ewa
2024-11-27 03:01:00,4.175069,26.0,Ewa
2024-11-27 03:02:00,4.175069,26.0,Ewa
2024-11-27 03:31:00,4.5322843,54.0,Ewa
2024-11-27 03:32:00,4.5322843,54.0,Ewa
2024-11-27 04:01:00,4.5322843,54.0,Ewa
2024-11-27 04:02:00,4.5322843,54.0,Ewa
2024-11-27 04:31:00,4.323748,10.0,Ewa
2024-11-27 04:32:00,4.323748,10.0,Ewa
2024-11-27 05:01:00,4.323748,10.0,Ewa
2024-11-27 05:02:00,4.323748,10.0,Ewa
2024-11-27 05:31:00,5.0688457,1.0,Ewa
2024-11-27 05:32:00,5.0688457,1.0,Ewa
2024-11-27 06:01:00,5.0688457,1.0,Ewa
2024-11-27 06:02:00,5.0688457,1.0,Ewa
2024-11-27 06:31:00,5.0911684,6.0,Ewa
2024-11-27 06:32:00,5.0911684,6.0,Ewa
2024-11-27 07:01:00,5.0911684,6.0,Ewa
2024-11-27 07:02:00,5.0911684,6.0,Ewa
2024-11-27 07:31:00,6.0721655,1.0,Ewa
2024-11-27 07:32:00,6.0721655,1.0,Ewa
2024-11-27 08:01:00,6.0721655,1.0,Ewa
2024-11-27 08:02:00,6.0721655,1.0,Ewa
2024-11-27 08:31:00,7.0107627,4.0,Ewa
2024-11-27 08:32:00,7.0107627,4.0,Ewa
2024-11-27 09:01:00,7.0107627,4.0,Ewa
2024-11-27 09:02:00,7.0107627,4.0,Ewa
2024-11-27 09:31:00,11.583108,10.0,Ewa
2024-11-27 09:32:00,11.583108,10.0,Ewa
2024-11-27 10:01:00,11.583108,10.0,Ewa
2024-11-27 10:02:00,11.583108,10.0,Ewa
2024-11-27 10:31:00,11.892265,1.0,Ewa
2024-11-27 10:32:00,11.892265,1.0,Ewa
2024-11-27 11:01:00,11.892265,1.0,Ewa
2024-11-27 11:02:00,11.892265,1.0,Ewa
2024-11-27 11:31:00,12.039833,13.0,Ewa
2024-11-27 11:32:00,12.039833,13.0,Ewa
2024-11-27 12:01:00,12.039833,13.0,Ewa
2024-11-27 12:02:00,12.039833,13.0,Ewa
2024-11-27 12:31:00,14.178927,18.0,Ewa
2024-11-27 12:32:00,14.178927,18.0,Ewa
2024-11-27 13:01:00,14.178927,18.0,Ewa
2024-11-27 13:02:00,14.178927,18.0,Ewa
2024-11-27 13:31:00,16.42346,31.0,Ewa
2024-11-27 13:32:00,16.42346,31.0,Ewa
2024-11-27 14:01:00,16.42346,31.0,Ewa
2024-11-27 14:02:00,16.42346,31.0,Ewa
2024-11-27 14:31:00,15.778516,17.0,Ewa
2024-11-27 14:32:00,15.778516,17.0,Ewa
2024-11-27 15:01:00,15.778516,17.0,Ewa
2024-11-27 15:02:00,15.778516,17.0,Ewa
2024-11-27 15:31:00,16.704155,7.0,Ewa
2024-11-27 15:32:00,16.704155,7.0,Ewa
2024-11-27 16:01:00,16.704155,7.0,Ewa
2024-11-27 16:02:00,16.704155,7.0,Ewa
2024-11-27 16:31:00,16.886454,29.0,Ewa
2024-11-27 16:32:00,16.886454,29.0,Ewa
2024-11-27 17:01:00,16.886454,29.0,Ewa
2024-11-27 17:02:00,16.886454,29.0,Ewa
2024-11-27 17:31:00,17.244337,19.0,Ewa
2024-11-27 17:32:00,17.244337,19.0,Ewa
2024-11-27 18:01:00,17.244337,19.0,Ewa
2024-11-27 18:02:00,17.244337,19.0,Ewa
2024-11-27 18:31:00,12.785069,23.0,Ewa
2024-11-27 18:32:00,12.785069,23.0,Ewa
2024-11-27 19:01:00,12.785069,23.0,Ewa
2024-11-27 19:02:00,12.785069,23.0,Ewa
2024-11-27 19:31:00,11.886816,7.0,Ewa
2024-11-27 19:32:00,11.886816,7.0,Ewa
2024-11-27 20:01:00,11.886816,7.0,Ewa
2024-11-27 20:02:00,11.886816,7.0,Ewa
2024-11-27 20:31:00,11.9140415,8.0,Ewa
2024-11-27 20:32:00,11.9140415,8.0,Ewa
2024-11-27 21:01:00,11.9140415,8.0,Ewa
2024-11-27 21:02:00,11.9140415,8.0,Ewa
2024-11-27 21:31:00,11.269782,26.0,Ewa
2024-11-27 21:32:00,11.269782,26.0,Ewa
2024-11-27 22:01:00,11.269782,26.0,Ewa
2024-11-27 22:02:00,11.269782,26.0,Ewa
2024-11-27 22:31:00,11.679213,21.0,Ewa
2024-11-27 22:32:00,11.679213,21.0,Ewa
2024-11-27 23:01:00,11.679213,21.0,Ewa
2024-11-27 23:02:00,11.679213,21.0,Ewa
2024-11-27 23:31:00,12.57426,52.0,Ewa
2024-11-27 23:32:00,12.57426,52.0,Ewa
2024-11-28 00:01:00,12.57426,52.0,Ewa
2024-11-28 00:02:00,12.57426,52.0,Ewa
2024-11-28 00:31:00,11.113451,14.0,Ewa
2024-11-28 00:32:00,11.113451,14.0,Ewa
2024-11-28 01:01:00,11.113451,14.0,Ewa
2024-11-28 01:02:00,11.113451,14.0,Ewa
2024-11-28 01:31:00,12.081473,27.0,Ewa
2024-11-28 01:32:00,12.081473,27.0,Ewa
2024-11-28 02:01:00,12.081473,27.0,Ewa
2024-11-28 02:02:00,12.081473,27.0,Ewa
2024-11-28 02:31:00,8.913181,8.0,Ewa
2024-11-28 02:32:00,8.913181,8.0,Ewa
2024-11-28 03:01:00,8.913181,8.0,Ewa
2024-11-28 03:02:00,8.913181,8.0,Ewa
2024-11-28 03:31:00,7.4128532,19.0,Ewa
2024-11-28 03:32:00,7.4128532,19.0,Ewa
2024-11-28 04:01:00,7.4128532,19.0,Ewa
2024-11-28 04:02:00,7.4128532,19.0,Ewa
2024-11-28 04:31:00,5.983477,22.0,Ewa
2024-11-28 04:32:00,5.983477,22.0,Ewa
2024-11-28 05:01:00,5.983477,22.0,Ewa
2024-11-28 05:02:00,5.983477,22.0,Ewa
2024-11-28 05:31:00,5.5216303,26.0,Ewa
2024-11-28 05:32:00,5.5216303,26.0,Ewa
2024-11-28 06:01:00,5.5216303,26.0,Ewa
2024-11-28 06:02:00,5.5216303,26.0,Ewa
2024-11-28 06:31:00,7.327127,31.0,Ewa
2024-11-28 06:32:00,7.327127,31.0,Ewa
2024-11-28 07:01:00,7.327127,31.0,Ewa
2024-11-28 07:02:00,7.327127,31.0,Ewa
2024-11-28 07:31:00,8.967541,1.0,Ewa
2024-11-28 07:32:00,8.967541,1.0,Ewa
2024-11-28 08:01:00,8.967541,1.0,Ewa
2024-11-28 08:02:00,8.967541,1.0,Ewa
2024-11-28 08:31:00,12.921192,6.0,Ewa
2024-11-28 08:32:00,12.921192,6.0,Ewa
2024-11-28 09:01:00,12.921192,6.0,Ewa
2024-11-28 09:02:00,12.921192,6.0,Ewa
2024-11-28 09:31:00,17.114204,32.0,Ewa
2024-11-28 09:32:00,17.114204,32.0,Ewa
2024-11-28 10:01:00,17.114204,32.0,Ewa
2024-11-28 10:02:00,17.114204,32.0,Ewa
2024-11-28 10:31:00,17.280935,35.0,Ewa
2024-11-28 10:32:00,17.280935,35.0,Ewa
2024-11-28 11:01:00,17.280935,35.0,Ewa
2024-11-28 11:02:00,17.280935,35.0,Ewa
2024-11-28 11:31:00,16.90563,50.0,Ewa
2024-11-28 11:32:00,16.90563,50.0,Ewa
2024-11-28 12:01:00,16.90563,50.0,Ewa
2024-11-28 12:02:00,16.90563,50.0,Ewa
2024-11-28 12:31:00,17.654688,15.0,Ewa
2024-11-28 12:32:00,17.654688,15.0,Ewa
2024-11-28 13:01:00,17.654688,15.0,Ewa
2024-11-28 13:02:00,17.654688,15.0,Ewa
2024-11-28 13:31:00,18.556595,70.0,Ewa
2024-11-28 13:32:00,18.556595,70.0,Ewa
2024-11-28 14:01:00,18.556595,70.0,Ewa
2024-11-28 14:02:00,18.556595,70.0,Ewa
2024-11-28 14:31:00,16.947742,42.0,Ewa
2024-11-28 14:32:00,16.947742,42.0,Ewa
2024-11-28 15:01:00,16.947742,42.0,Ewa
2024-11-28 15:02:00,16.947742,42.0,Ewa
2024-11-28 15:31:00,17.917007,42.0,Ewa
2024-11-28 15:32:00,17.917007,42.0,Ewa
2024-11-28 16:01:00,17.917007,42.0,Ewa
2024-11-28 16:02:00,17.917007,42.0,Ewa
2024-11-28 16:31:00,18.459436,62.0,Ewa
2024-11-28 16:32:00,18.459436,62.0,Ewa
2024-11-28 17:01:00,18.459436,62.0,Ewa
2024-11-28 17:02:00,18.459436,62.0,Ewa
2024-11-28 17:31:00,14.693999,20.0,Ewa
2024-11-28 17:32:00,14.693999,20.0,Ewa
2024-11-28 18:01:00,14.693999,20.0,Ewa
2024-11-28 18:02:00,14.693999,20.0,Ewa
2024-11-28 18:31:00,11.738705,27.0,Ewa
2024-11-28 18:32:00,11.738705,27.0,Ewa
2024-11-28 19:01:00,11.738705,27.0,Ewa
2024-11-28 19:02:00,11.738705,27.0,Ewa
2024-11-28 19:31:00,13.121493,19.0,Ewa
2024-11-28 19:32:00,13.121493,19.0,Ewa
2024-11-28 20:01:00,13.121493,19.0,Ewa
2024-11-28 20:02:00,13.121493,19.0,Ewa
2024-11-28 20:31:00,13.125196,11.0,Ewa
2024-11-28 20:32:00,13.125196,11.0,Ewa
2024-11-28 21:01:00,13.125196,11.0,Ewa
2024-11-28 21:02:00,13.125196,11.0,Ewa
2024-11-28 21:31:00,13.040997,38.0,Ewa
2024-11-28 21:32:00,13.040997,38.0,Ewa
2024-11-28 22:01:00,13.040997,38.0,Ewa
2024-11-28 22:02:00,13.040997,38.0,Ewa
2024-11-28 22:31:00,12.431733,27.0,Ewa
2024-11-28 22:32:00,12.431733,27.0,Ewa
2024-11-28 23:01:00,12.431733,27.0,Ewa
2024-11-28 23:02:00,12.431733,27.0,Ewa
2024-11-28 23:31:00,11.885453,4.0,Ewa
2024-11-28 23:32:00,11.885453,4.0,Ewa
2024-11-29 00:01:00,11.885453,4.0,Ewa
2024-11-29 00:02:00,11.885453,4.0,Ewa
2024-11-29 00:31:00,9.587428,18.0,Ewa
2024-11-29 00:32:00,9.587428,18.0,Ewa
2024-11-29 01:01:00,9.587428,18.0,Ewa
2024-11-29 01:02:00,9.587428,18.0,Ewa
2024-11-29 01:31:00,8.574123,16.0,Ewa
2024-11-29 01:32:00,8.574123,16.0,Ewa
2024-11-29 02:01:00,8.574123,16.0,Ewa
2024-11-29 02:02:00,8.574123,16.0,Ewa
2024-11-29 02:31:00,7.3469996,16.0,Ewa
2024-11-29 02:32:00,7.3469996,16.0,Ewa
2024-11-29 03:01:00,7.3469996,16.0,Ewa
2024-11-29 03:02:00,7.3469996,16.0,Ewa
2024-11-29 03:31:00,7.6579366,13.0,Ewa
2024-11-29 03:32:00,7.6579366,13.0,Ewa
2024-11-29 04:01:00,7.6579366,13.0,Ewa
2024-11-29 04:02:00,7.6579366,13.0,Ewa
2024-11-29 04:31:00,8.777654,25.0,Ewa
2024-11-29 04:32:00,8.777654,25.0,Ewa
2024-11-29 05:01:00,8.777654,25.0,Ewa
2024-11-29 05:02:00,8.777654,25.0,Ewa
2024-11-29 05:31:00,7.689603,28.0,Ewa
2024-11-29 05:32:00,7.689603,28.0,Ewa
2024-11-29 06:01:00,7.689603,28.0,Ewa
2024-11-29 06:02:00,7.689603,28.0,Ewa
2024-11-29 06:31:00,8.099999,0.0,Ewa
2024-11-29 06:32:00,8.099999,0.0,Ewa
2024-11-29 07:01:00,8.099999,0.0,Ewa
2024-11-29 07:02:00,8.099999,0.0,Ewa
2024-11-29 07:31:00,9.292254,49.0,Ewa
2024-11-29 07:32:00,9.292254,49.0,Ewa
2024-11-29 08:01:00,9.292254,49.0,Ewa
2024-11-29 08:02:00,9.292254,49.0,Ewa
2024-11-29 08:31:00,11.571914,98.0,Ewa
2024-11-29 08:32:00,11.571914,98.0,Ewa
2024-11-29 09:01:00,11.571914,98.0,Ewa
2024-11-29 09:02:00,11.571914,98.0,Ewa
2024-11-29 09:31:00,11.767651,88.0,Ewa
2024-11-29 09:32:00,11.767651,88.0,Ewa
2024-11-29 10:01:00,11.767651,88.0,Ewa
2024-11-29 10:02:00,11.767651,88.0,Ewa
2024-11-29 10:31:00,9.582359,53.0,Ewa
2024-11-29 10:32:00,9.582359,53.0,Ewa
2024-11-29 11:01:00,9.582359,53.0,Ewa
2024-11-29 11:02:00,9.582359,53.0,Ewa
2024-11-29 11:31:00,7.327127,84.0,Ewa
2024-11-29 11:32:00,7.327127,84.0,Ewa
2024-11-29 12:01:00,7.327127,84.0,Ewa
2024-11-29 12:02:00,7.327127,84.0,Ewa
2024-11-29 12:31:00,2.1897945,100.0,Ewa
2024-11-29 12:32:00,2.1897945,100.0,Ewa
2024-11-29 13:01:00,2.1897945,100.0,Ewa
2024-11-29 13:02:00,2.1897945,100.0,Ewa
2024-11-29 13:31:00,5.0911684,100.0,Ewa
2024-11-29 13:32:00,5.0911684,100.0,Ewa
2024-11-29 14:01:00,5.0911684,100.0,Ewa
2024-11-29 14:02:00,5.0911684,100.0,Ewa
2024-11-29 14:31:00,3.5864744,100.0,Ewa
2024-11-29 14:32:00,3.5864744,100.0,Ewa
2024-11-29 15:01:00,3.5864744,100.0,Ewa
2024-11-29 15:02:00,3.5864744,100.0,Ewa
2024-11-29 15:31:00,12.413476,100.0,Ewa
2024-11-29 15:32:00,12.413476,100.0,Ewa
2024-11-29 16:01:00,12.413476,100.0,Ewa
2024-11-29 16:02:00,12.413476,100.0,Ewa
2024-11-29 16:31:00,14.230248,100.0,Ewa
2024-11-29 16:32:00,14.230248,100.0,Ewa
2024-11-29 17:01:00,14.230248,100.0,Ewa
2024-11-29 17:02:00,14.230248,100.0,Ewa
2024-11-29 17:31:00,14.458382,100.0,Ewa
2024-11-29 17:32:00,14.458382,100.0,Ewa
2024-11-29 18:01:00,14.458382,100.0,Ewa
2024-11-29 18:02:00,14.458382,100.0,Ewa
2024-11-29 18:31:00,13.841286,100.0,Ewa
2024-11-29 18:32:00,13.841286,100.0,Ewa
2024-11-29 19:01:00,13.841286,100.0,Ewa
2024-11-29 19:02:00,13.841286,100.0,Ewa
2024-11-29 19:31:00,14.241629,30.0,Ewa
2024-11-29 19:32:00,14.241629,30.0,Ewa
2024-11-29 20:01:00,14.241629,30.0,Ewa
2024-11-29 20:02:00,14.241629,30.0,Ewa
2024-11-29 20:31:00,14.206323,96.0,Ewa
2024-11-29 20:32:00,14.206323,96.0,Ewa
2024-11-29 21:01:00,14.206323,96.0,Ewa
2024-11-29 21:02:00,14.206323,96.0,Ewa
2024-11-29 21:31:00,13.070776,100.0,Ewa
2024-11-29 21:32:00,13.070776,100.0,Ewa
2024-11-29 22:01:00,13.070776,100.0,Ewa
2024-11-29 22:02:00,13.070776,100.0,Ewa
2024-11-29 22:31:00,11.672275,100.0,Ewa
2024-11-29 22:32:00,11.672275,100.0,Ewa
2024-11-29 23:01:00,11.672275,100.0,Ewa
2024-11-29 23:02:00,11.672275,100.0,Ewa
2024-11-29 23:31:00,9.526405,96.0,Ewa
2024-11-29 23:32:00,9.526405,96.0,Ewa
2024-11-30 00:01:00,9.526405,96.0,Ewa
2024-11-30 00:02:00,9.526405,96.0,Ewa
2024-11-30 00:31:00,7.8954163,100.0,Ewa
2024-11-30 00:32:00,7.8954163,100.0,Ewa
2024-11-30 01:01:00,7.8954163,100.0,Ewa
2024-11-30 01:02:00,7.8954163,100.0,Ewa
2024-11-30 01:31:00,6.6185193,100.0,Ewa
2024-11-30 01:32:00,6.6185193,100.0,Ewa
2024-11-30 02:01:00,6.6185193,100.0,Ewa
2024-11-30 02:02:00,6.6185193,100.0,Ewa
2024-11-30 02:31:00,5.896202,100.0,Ewa
2024-11-30 02:32:00,5.896202,100.0,Ewa
2024-11-30 03:01:00,5.896202,100.0,Ewa
2024-11-30 03:02:00,5.896202,100.0,Ewa
2024-11-30 03:31:00,7.841888,100.0,Ewa
2024-11-30 03:32:00,7.841888,100.0,Ewa
2024-11-30 04:01:00,7.841888,100.0,Ewa
2024-11-30 04:02:00,7.841888,100.0,Ewa
2024-11-30 04:31:00,6.77575,100.0,Ewa
2024-11-30 04:32:00,6.77575,100.0,Ewa
2024-11-30 05:01:00,6.77575,100.0,Ewa
2024-11-30 05:02:00,6.77575,100.0,Ewa
2024-11-30 05:31:00,7.0199995,100.0,Ewa
2024-11-30 05:32:00,7.0199995,100.0,Ewa
2024-11-30 06:01:00,7.0199995,100.0,Ewa
2024-11-30 06:02:00,7.0199995,100.0,Ewa
2024-11-30 06:31:00,8.197414,100.0,Ewa
2024-11-30 06:32:00,8.197414,100.0,Ewa
2024-11-30 07:01:00,8.197414,100.0,Ewa
2024-11-30 07:02:00,8.197414,100.0,Ewa
2024-11-30 07:31:00,9.096681,100.0,Ewa
2024-11-30 07:32:00,9.096681,100.0,Ewa
2024-11-30 08:01:00,9.096681,100.0,Ewa
2024-11-30 08:02:00,9.096681,100.0,Ewa
2024-11-30 08:31:00,9.67657,59.0,Ewa
2024-11-30 08:32:00,9.67657,59.0,Ewa
2024-11-30 09:01:00,9.67657,59.0,Ewa
2024-11-30 09:02:00,9.67657,59.0,Ewa
2024-11-30 09:31:00,13.874019,78.0,Ewa
2024-11-30 09:32:00,13.874019,78.0,Ewa
2024-11-30 10:01:00,13.874019,78.0,Ewa
2024-11-30 10:02:00,13.874019,78.0,Ewa
2024-11-30 10:31:00,15.735336,100.0,Ewa
2024-11-30 10:32:00,15.735336,100.0,Ewa
2024-11-30 11:01:00,15.735336,100.0,Ewa
2024-11-30 11:02:00,15.735336,100.0,Ewa
2024-11-30 11:31:00,16.308636,100.0,Ewa
2024-11-30 11:32:00,16.308636,100.0,Ewa
2024-11-30 12:01:00,16.308636,100.0,Ewa
2024-11-30 12:02:00,16.308636,100.0,Ewa
2024-11-30 12:31:00,17.057314,58.0,Ewa
2024-11-30 12:32:00,17.057314,58.0,Ewa
2024-11-30 13:01:00,17.057314,58.0,Ewa
2024-11-30 13:02:00,17.057314,58.0,Ewa
2024-11-30 13:31:00,15.9134655,32.0,Ewa
2024-11-30 13:32:00,15.9134655,32.0,Ewa
2024-11-30 14:01:00,15.9134655,32.0,Ewa
2024-11-30 14:02:00,15.9134655,32.0,Ewa
2024-11-30 14:31:00,13.15971,68.0,Ewa
2024-11-30 14:32:00,13.15971,68.0,Ewa
2024-11-30 15:01:00,13.15971,68.0,Ewa
2024-11-30 15:02:00,13.15971,68.0,Ewa
2024-11-30 15:31:00,15.833861,59.0,Ewa
2024-11-30 15:32:00,15.833861,59.0,Ewa
2024-11-30 16:01:00,15.833861,59.0,Ewa
2024-11-30 16:02:00,15.833861,59.0,Ewa
2024-11-30 16:31:00,13.281023,54.0,Ewa
2024-11-30 16:32:00,13.281023,54.0,Ewa
2024-11-30 17:01:00,13.281023,54.0,Ewa
2024-11-30 17:02:00,13.281023,54.0,Ewa
2024-11-30 17:31:00,5.6492476,35.0,Ewa
2024-11-30 17:32:00,5.6492476,35.0,Ewa
2024-11-30 18:01:00,5.6492476,35.0,Ewa
2024-11-30 18:02:00,5.6492476,35.0,Ewa
2024-11-30 18:31:00,3.4623692,49.0,Ewa
2024-11-30 18:32:00,3.4623692,49.0,Ewa
2024-11-30 19:01:00,3.4623692,49.0,Ewa
2024-11-30 19:02:00,3.4623692,49.0,Ewa
2024-11-30 19:31:00,8.863972,29.0,Ewa
2024-11-30 19:32:00,8.863972,29.0,Ewa
2024-11-30 20:01:00,8.863972,29.0,Ewa
2024-11-30 20:02:00,8.863972,29.0,Ewa
2024-11-30 20:31:00,8.297589,11.0,Ewa
2024-11-30 20:32:00,8.297589,11.0,Ewa
2024-11-30 21:01:00,8.297589,11.0,Ewa
2024-11-30 21:02:00,8.297589,11.0,Ewa
2024-11-30 21:31:00,9.761578,8.0,Ewa
2024-11-30 21:32:00,9.761578,8.0,Ewa
2024-11-30 22:01:00,9.761578,8.0,Ewa
2024-11-30 22:02:00,9.761578,8.0,Ewa
2024-11-30 22:31:00,11.511559,1.0,Ewa
2024-11-30 22:32:00,11.511559,1.0,Ewa
2024-11-30 23:01:00,11.511559,1.0,Ewa
2024-11-30 23:02:00,11.511559,1.0,Ewa
2024-11-30 23:31:00,10.196647,0.0,Ewa
2024-11-30 23:32:00,10.196647,0.0,Ewa
2024-12-01 00:01:00,10.196647,0.0,Ewa
2024-12-01 00:02:00,10.196647,0.0,Ewa
2024-12-01 00:31:00,9.449572,0.0,Ewa
2024-12-01 00:32:00,9.449572,0.0,Ewa
2024-12-01 01:01:00,9.449572,0.0,Ewa
2024-12-01 01:02:00,9.449572,0.0,Ewa
2024-12-01 01:31:00,9.0,0.0,Ewa
2024-12-01 01:32:00,9.0,0.0,Ewa
2024-12-01 02:01:00,9.0,0.0,Ewa
2024-12-01 02:02:00,9.0,0.0,Ewa
2024-12-01 02:31:00,7.0199995,3.0,Ewa
2024-12-01 02:32:00,7.0199995,3.0,Ewa
2024-12-01 03:01:00,7.0199995,3.0,Ewa
2024-12-01 03:02:00,7.0199995,3.0,Ewa
2024-12-01 03:31:00,6.6185193,1.0,Ewa
2024-12-01 03:32:00,6.6185193,1.0,Ewa
2024-12-01 04:01:00,6.6185193,1.0,Ewa
2024-12-01 04:02:00,6.6185193,1.0,Ewa
2024-12-01 04:31:00,7.42159,6.0,Ewa
2024-12-01 04:32:00,7.42159,6.0,Ewa
2024-12-01 05:01:00,7.42159,6.0,Ewa
2024-12-01 05:02:00,7.42159,6.0,Ewa
2024-12-01 05:31:00,7.329338,23.0,Ewa
2024-12-01 05:32:00,7.329338,23.0,Ewa
2024-12-01 06:01:00,7.329338,23.0,Ewa
2024-12-01 06:02:00,7.329338,23.0,Ewa
2024-12-01 06:31:00,6.6185193,6.0,Ewa
2024-12-01 06:32:00,6.6185193,6.0,Ewa
2024-12-01 07:01:00,6.6185193,6.0,Ewa
2024-12-01 07:02:00,6.6185193,6.0,Ewa
2024-12-01 07:31:00,7.5019197,4.0,Ewa
2024-12-01 07:32:00,7.5019197,4.0,Ewa
2024-12-01 08:01:00,7.5019197,4.0,Ewa
2024-12-01 08:02:00,7.5019197,4.0,Ewa
2024-12-01 08:31:00,7.2202215,1.0,Ewa
2024-12-01 08:32:00,7.2202215,1.0,Ewa
2024-12-01 09:01:00,7.2202215,1.0,Ewa
2024-12-01 09:02:00,7.2202215,1.0,Ewa
2024-12-01 09:31:00,8.967541,2.0,Ewa
2024-12-01 09:32:00,8.967541,2.0,Ewa
2024-12-01 10:01:00,8.967541,2.0,Ewa
2024-12-01 10:02:00,8.967541,2.0,Ewa
2024-12-01 10:31:00,9.257321,24.0,Ewa
2024-12-01 10:32:00,9.257321,24.0,Ewa
2024-12-01 11:01:00,9.257321,24.0,Ewa
2024-12-01 11:02:00,9.257321,24.0,Ewa
2024-12-01 11:31:00,9.983106,45.0,Ewa
2024-12-01 11:32:00,9.983106,45.0,Ewa
2024-12-01 12:01:00,9.983106,45.0,Ewa
2024-12-01 12:02:00,9.983106,45.0,Ewa
2024-12-01 12:31:00,9.565437,25.0,Ewa
2024-12-01 12:32:00,9.565437,25.0,Ewa
2024-12-01 13:01:00,9.565437,25.0,Ewa
2024-12-01 13:02:00,9.565437,25.0,Ewa
2024-12-01 13:31:00,12.295462,1.0,Ewa
2024-12-01 13:32:00,12.295462,1.0,Ewa
2024-12-01 14:01:00,12.295462,1.0,Ewa
2024-12-01 14:02:00,12.295462,1.0,Ewa
2024-12-01 14:31:00,13.040997,25.0,Ewa
2024-12-01 14:32:00,13.040997,25.0,Ewa
2024-12-01 15:01:00,13.040997,25.0,Ewa
2024-12-01 15:02:00,13.040997,25.0,Ewa
2024-12-01 15:31:00,9.708326,36.0,Ewa
2024-12-01 15:32:00,9.708326,36.0,Ewa
2024-12-01 16:01:00,9.708326,36.0,Ewa
2024-12-01 16:02:00,9.708326,36.0,Ewa
2024-12-01 16:31:00,8.64,49.0,Ewa
2024-12-01 16:32:00,8.64,49.0,Ewa
2024-12-01 17:01:00,8.64,49.0,Ewa
2024-12-01 17:02:00,8.64,49.0,Ewa
2024-12-01 17:31:00,7.5685663,53.0,Ewa
2024-12-01 17:32:00,7.5685663,53.0,Ewa
2024-12-01 18:01:00,7.5685663,53.0,Ewa
2024-12-01 18:02:00,7.5685663,53.0,Ewa
2024-12-01 18:31:00,3.710795,20.0,Ewa
2024-12-01 18:32:00,3.710795,20.0,Ewa
2024-12-01 19:01:00,3.710795,20.0,Ewa
2024-12-01 19:02:00,3.710795,20.0,Ewa
2024-12-01 19:31:00,1.0182338,1.0,Ewa
2024-12-01 19:32:00,1.0182338,1.0,Ewa
2024-12-01 20:01:00,1.0182338,1.0,Ewa
2024-12-01 20:02:00,1.0182338,1.0,Ewa
2024-12-01 20:31:00,0.17999999,0.0,Ewa
2024-12-01 20:32:00,0.17999999,0.0,Ewa
2024-12-01 21:01:00,0.17999999,0.0,Ewa
2024-12-01 21:02:00,0.17999999,0.0,Ewa
2024-12-01 21:31:00,0.8049845,8.0,Ewa
2024-12-01 21:32:00,0.8049845,8.0,Ewa
2024-12-01 22:01:00,0.8049845,8.0,Ewa
2024-12-01 22:02:00,0.8049845,8.0,Ewa
2024-12-01 22:31:00,1.8532133,25.0,Ewa
2024-12-01 22:32:00,1.8532133,25.0,Ewa
2024-12-01 23:01:00,1.8532133,25.0,Ewa
2024-12-01 23:02:00,1.8532133,25.0,Ewa
2024-12-01 23:31:00,2.5772076,22.0,Ewa
2024-12-01 23:32:00,2.5772076,22.0,Ewa
2024-12-02 00:01:00,2.5772076,22.0,Ewa
2024-12-02 00:02:00,2.5772076,22.0,Ewa
2024-12-02 00:31:00,2.7416782,19.0,Ewa
2024-12-02 00:32:00,2.7416782,19.0,Ewa
2024-12-02 01:01:00,2.7416782,19.0,Ewa
2024-12-02 01:02:00,2.7416782,19.0,Ewa
2024-12-02 01:31:00,2.19718,13.0,Ewa
2024-12-02 01:32:00,2.19718,13.0,Ewa
2024-12-02 02:01:00,2.19718,13.0,Ewa
2024-12-02 02:02:00,2.19718,13.0,Ewa
2024-12-02 02:31:00,1.8532133,11.0,Ewa
2024-12-02 02:32:00,1.8532133,11.0,Ewa
2024-12-02 03:01:00,1.8532133,11.0,Ewa
2024-12-02 03:02:00,1.8532133,11.0,Ewa
2024-12-02 03:31:00,1.0182338,6.0,Ewa
2024-12-02 03:32:00,1.0182338,6.0,Ewa
2024-12-02 04:01:00,1.0182338,6.0,Ewa
2024-12-02 04:02:00,1.0182338,6.0,Ewa
2024-12-02 04:31:00,0.40249225,26.0,Ewa
2024-12-02 04:32:00,0.40249225,26.0,Ewa
2024-12-02 05:01:00,0.40249225,26.0,Ewa
2024-12-02 05:02:00,0.40249225,26.0,Ewa
2024-12-02 05:31:00,0.9693296,36.0,Ewa
2024-12-02 05:32:00,0.9693296,36.0,Ewa
2024-12-02 06:01:00,0.9693296,36.0,Ewa
2024-12-02 06:02:00,0.9693296,36.0,Ewa
2024-12-02 06:31:00,1.5273507,47.0,Ewa
2024-12-02 06:32:00,1.5273507,47.0,Ewa
2024-12-02 07:01:00,1.5273507,47.0,Ewa
2024-12-02 07:02:00,1.5273507,47.0,Ewa
2024-12-02 07:31:00,2.657668,42.0,Ewa
2024-12-02 07:32:00,2.657668,42.0,Ewa
2024-12-02 08:01:00,2.657668,42.0,Ewa
2024-12-02 08:02:00,2.657668,42.0,Ewa
2024-12-02 08:31:00,5.495161,14.0,Ewa
2024-12-02 08:32:00,5.495161,14.0,Ewa
2024-12-02 09:01:00,5.495161,14.0,Ewa
2024-12-02 09:02:00,5.495161,14.0,Ewa
2024-12-02 09:31:00,7.889258,19.0,Ewa
2024-12-02 09:32:00,7.889258,19.0,Ewa
2024-12-02 10:01:00,7.889258,19.0,Ewa
2024-12-02 10:02:00,7.889258,19.0,Ewa
2024-12-02 10:31:00,9.109138,23.0,Ewa
2024-12-02 10:32:00,9.109138,23.0,Ewa
2024-12-02 11:01:00,9.109138,23.0,Ewa
2024-12-02 11:02:00,9.109138,23.0,Ewa
2024-12-02 11:31:00,10.472535,36.0,Ewa
2024-12-02 11:32:00,10.472535,36.0,Ewa
2024-12-02 12:01:00,10.472535,36.0,Ewa
2024-12-02 12:02:00,10.472535,36.0,Ewa
2024-12-02 12:31:00,9.459852,86.0,Ewa
2024-12-02 12:32:00,9.459852,86.0,Ewa
2024-12-02 13:01:00,9.459852,86.0,Ewa
2024-12-02 13:02:00,9.459852,86.0,Ewa
2024-12-02 13:31:00,8.322932,100.0,Ewa
2024-12-02 13:32:00,8.322932,100.0,Ewa
2024-12-02 14:01:00,8.322932,100.0,Ewa
2024-12-02 14:02:00,8.322932,100.0,Ewa
2024-12-02 14:31:00,9.9408245,98.0,Ewa
2024-12-02 14:32:00,9.9408245,98.0,Ewa
2024-12-02 15:01:00,9.9408245,98.0,Ewa
2024-12-02 15:02:00,9.9408245,98.0,Ewa
2024-12-02 15:31:00,9.422101,5.0,Ewa
2024-12-02 15:32:00,9.422101,5.0,Ewa
2024-12-02 16:01:00,9.422101,5.0,Ewa
2024-12-02 16:02:00,9.422101,5.0,Ewa
2024-12-02 16:31:00,10.075177,2.0,Ewa
2024-12-02 16:32:00,10.075177,2.0,Ewa
2024-12-02 17:01:00,10.075177,2.0,Ewa
2024-12-02 17:02:00,10.075177,2.0,Ewa
2024-12-02 17:31:00,7.256032,18.0,Ewa
2024-12-02 17:32:00,7.256032,18.0,Ewa
2024-12-02 18:01:00,7.256032,18.0,Ewa
2024-12-02 18:02:00,7.256032,18.0,Ewa
2024-12-02 18:31:00,3.8268526,40.0,Ewa
2024-12-02 18:32:00,3.8268526,40.0,Ewa
2024-12-02 19:01:00,3.8268526,40.0,Ewa
2024-12-02 19:02:00,3.8268526,40.0,Ewa
2024-12-02 19:31:00,3.84796,8.0,Ewa
2024-12-02 19:32:00,3.84796,8.0,Ewa
2024-12-02 20:01:00,3.84796,8.0,Ewa
2024-12-02 20:02:00,3.84796,8.0,Ewa
2024-12-02 20:31:00,1.0948973,2.0,Ewa
2024-12-02 20:32:00,1.0948973,2.0,Ewa
2024-12-02 21:01:00,1.0948973,2.0,Ewa
2024-12-02 21:02:00,1.0948973,2.0,Ewa
2024-12-02 21:31:00,0.9693296,20.0,Ewa
2024-12-02 21:32:00,0.9693296,20.0,Ewa
2024-12-02 22:01:00,0.9693296,20.0,Ewa
2024-12-02 22:02:00,0.9693296,20.0,Ewa
2024-12-02 22:31:00,2.2910259,98.0,Ewa
2024-12-02 22:32:00,2.2910259,98.0,Ewa
2024-12-02 23:01:00,2.2910259,98.0,Ewa
2024-12-02 23:02:00,2.2910259,98.0,Ewa
2024-12-02 23:31:00,1.5273507,95.0,Ewa
2024-12-02 23:32:00,1.5273507,95.0,Ewa
2024-12-03 00:01:00,1.5273507,95.0,Ewa
2024-12-03 00:02:00,1.5273507,95.0,Ewa
2024-12-03 00:31:00,1.4512063,5.0,Ewa
2024-12-03 00:32:00,1.4512063,5.0,Ewa
2024-12-03 01:01:00,1.4512063,5.0,Ewa
2024-12-03 01:02:00,1.4512063,5.0,Ewa
2024-12-03 01:31:00,0.56920993,3.0,Ewa
2024-12-03 01:32:00,0.56920993,3.0,Ewa
2024-12-03 02:01:00,0.56920993,3.0,Ewa
2024-12-03 02:02:00,0.56920993,3.0,Ewa
2024-12-03 02:31:00,1.2979984,1.0,Ewa
2024-12-03 02:32:00,1.2979984,1.0,Ewa
2024-12-03 03:01:00,1.2979984,1.0,Ewa
2024-12-03 03:02:00,1.2979984,1.0,Ewa
2024-12-03 03:31:00,2.8460495,3.0,Ewa
2024-12-03 03:32:00,2.8460495,3.0,Ewa
2024-12-03 04:01:00,2.8460495,3.0,Ewa
2024-12-03 04:02:00,2.8460495,3.0,Ewa
2024-12-03 04:31:00,3.62243,69.0,Ewa
2024-12-03 04:32:00,3.62243,69.0,Ewa
2024-12-03 05:01:00,3.62243,69.0,Ewa
2024-12-03 05:02:00,3.62243,69.0,Ewa
2024-12-03 05:31:00,5.3426957,64.0,Ewa
2024-12-03 05:32:00,5.3426957,64.0,Ewa
2024-12-03 06:01:00,5.3426957,64.0,Ewa
2024-12-03 06:02:00,5.3426957,64.0,Ewa
2024-12-03 06:31:00,6.1305785,87.0,Ewa
2024-12-03 06:32:00,6.1305785,87.0,Ewa
2024-12-03 07:01:00,6.1305785,87.0,Ewa
2024-12-03 07:02:00,6.1305785,87.0,Ewa
2024-12-03 07:31:00,7.5363917,79.0,Ewa
2024-12-03 07:32:00,7.5363917,79.0,Ewa
2024-12-03 08:01:00,7.5363917,79.0,Ewa
2024-12-03 08:02:00,7.5363917,79.0,Ewa
2024-12-03 08:31:00,5.6060677,66.0,Ewa
2024-12-03 08:32:00,5.6060677,66.0,Ewa
2024-12-03 09:01:00,5.6060677,66.0,Ewa
2024-12-03 09:02:00,5.6060677,66.0,Ewa
2024-12-03 09:31:00,4.7521367,81.0,Ewa
2024-12-03 09:32:00,4.7521367,81.0,Ewa
2024-12-03 10:01:00,4.7521367,81.0,Ewa
2024-12-03 10:02:00,4.7521367,81.0,Ewa
2024-12-03 10:31:00,5.9644947,17.0,Ewa
2024-12-03 10:32:00,5.9644947,17.0,Ewa
2024-12-03 11:01:00,5.9644947,17.0,Ewa
2024-12-03 11:02:00,5.9644947,17.0,Ewa
2024-12-03 11:31:00,8.211235,34.0,Ewa
2024-12-03 11:32:00,8.211235,34.0,Ewa
2024-12-03 12:01:00,8.211235,34.0,Ewa
2024-12-03 12:02:00,8.211235,34.0,Ewa
2024-12-03 12:31:00,9.726664,29.0,Ewa
2024-12-03 12:32:00,9.726664,29.0,Ewa
2024-12-03 13:01:00,9.726664,29.0,Ewa
2024-12-03 13:02:00,9.726664,29.0,Ewa
2024-12-03 13:31:00,10.514218,47.0,Ewa
2024-12-03 13:32:00,10.514218,47.0,Ewa
2024-12-03 14:01:00,10.514218,47.0,Ewa
2024-12-03 14:02:00,10.514218,47.0,Ewa
2024-12-03 14:31:00,11.334285,43.0,Ewa
2024-12-03 14:32:00,11.334285,43.0,Ewa
2024-12-03 15:01:00,11.334285,43.0,Ewa
2024-12-03 15:02:00,11.334285,43.0,Ewa
2024-12-03 15:31:00,10.873251,48.0,Ewa
2024-12-03 15:32:00,10.873251,48.0,Ewa
2024-12-03 16:01:00,10.873251,48.0,Ewa
2024-12-03 16:02:00,10.873251,48.0,Ewa
2024-12-03 16:31:00,9.734987,86.0,Ewa
2024-12-03 16:32:00,9.734987,86.0,Ewa
2024-12-03 17:01:00,9.734987,86.0,Ewa
2024-12-03 17:02:00,9.734987,86.0,Ewa
2024-12-03 17:31:00,7.970972,98.0,Ewa
2024-12-03 17:32:00,7.970972,98.0,Ewa
2024-12-03 18:01:00,7.970972,98.0,Ewa
2024-12-03 18:02:00,7.970972,98.0,Ewa
2024-12-03 18:31:00,4.542994,100.0,Ewa
2024-12-03 18:32:00,4.542994,100.0,Ewa
2024-12-03 19:01:00,4.542994,100.0,Ewa
2024-12-03 19:02:00,4.542994,100.0,Ewa
2024-12-03 19:31:00,1.4512063,100.0,Ewa
2024-12-03 19:32:00,1.4512063,100.0,Ewa
2024-12-03 20:01:00,1.4512063,100.0,Ewa
2024-12-03 20:02:00,1.4512063,100.0,Ewa
2024-12-03 20:31:00,3.01735,14.0,Ewa
2024-12-03 20:32:00,3.01735,14.0,Ewa
2024-12-03 21:01:00,3.01735,14.0,Ewa
2024-12-03 21:02:00,3.01735,14.0,Ewa
2024-12-03 21:31:00,3.1072817,4.0,Ewa
2024-12-03 21:32:00,3.1072817,4.0,Ewa
2024-12-03 22:01:00,3.1072817,4.0,Ewa
2024-12-03 22:02:00,3.1072817,4.0,Ewa
2024-12-03 22:31:00,2.0523157,0.0,Ewa
2024-12-03 22:32:00,2.0523157,0.0,Ewa
2024-12-03 23:01:00,2.0523157,0.0,Ewa
2024-12-03 23:02:00,2.0523157,0.0,Ewa
2024-12-03 23:31:00,3.096837,6.0,Ewa
2024-12-03 23:32:00,3.096837,6.0,Ewa
2024-12-04 00:01:00,3.096837,6.0,Ewa
2024-12-04 00:02:00,3.096837,6.0,Ewa
2024-12-04 00:31:00,3.6,31.0,Ewa
2024-12-04 00:32:00,3.6,31.0,Ewa
2024-12-04 01:01:00,3.6,31.0,Ewa
2024-12-04 01:02:00,3.6,31.0,Ewa
2024-12-04 01:31:00,3.494968,56.0,Ewa
2024-12-04 01:32:00,3.494968,56.0,Ewa
2024-12-04 02:01:00,3.494968,56.0,Ewa
2024-12-04 02:02:00,3.494968,56.0,Ewa
2024-12-04 02:31:00,5.692099,53.0,Ewa
2024-12-04 02:32:00,5.692099,53.0,Ewa
2024-12-04 03:01:00,5.692099,53.0,Ewa
2024-12-04 03:02:00,5.692099,53.0,Ewa
2024-12-04 03:31:00,5.5916004,60.0,Ewa
2024-12-04 03:32:00,5.5916004,60.0,Ewa
2024-12-04 04:01:00,5.5916004,60.0,Ewa
2024-12-04 04:02:00,5.5916004,60.0,Ewa
2024-12-04 04:31:00,5.7628117,56.0,Ewa
2024-12-04 04:32:00,5.7628117,56.0,Ewa
2024-12-04 05:01:00,5.7628117,56.0,Ewa
2024-12-04 05:02:00,5.7628117,56.0,Ewa
2024-12-04 05:31:00,6.299999,48.0,Ewa
2024-12-04 05:32:00,6.299999,48.0,Ewa
2024-12-04 06:01:00,6.299999,48.0,Ewa
2024-12-04 06:02:00,6.299999,48.0,Ewa
2024-12-04 06:31:00,6.4924874,50.0,Ewa
2024-12-04 06:32:00,6.4924874,50.0,Ewa
2024-12-04 07:01:00,6.4924874,50.0,Ewa
2024-12-04 07:02:00,6.4924874,50.0,Ewa
2024-12-04 07:31:00,6.854195,14.0,Ewa
2024-12-04 07:32:00,6.854195,14.0,Ewa
2024-12-04 08:01:00,6.854195,14.0,Ewa
2024-12-04 08:02:00,6.854195,14.0,Ewa
2024-12-04 08:31:00,6.302571,12.0,Ewa
2024-12-04 08:32:00,6.302571,12.0,Ewa
2024-12-04 09:01:00,6.302571,12.0,Ewa
2024-12-04 09:02:00,6.302571,12.0,Ewa
2024-12-04 09:31:00,10.233123,40.0,Ewa
2024-12-04 09:32:00,10.233123,40.0,Ewa
2024-12-04 10:01:00,10.233123,40.0,Ewa
2024-12-04 10:02:00,10.233123,40.0,Ewa
2024-12-04 10:31:00,11.368535,41.0,Ewa
2024-12-04 10:32:00,11.368535,41.0,Ewa
2024-12-04 11:01:00,11.368535,41.0,Ewa
2024-12-04 11:02:00,11.368535,41.0,Ewa
2024-12-04 11:31:00,11.874544,39.0,Ewa
2024-12-04 11:32:00,11.874544,39.0,Ewa
2024-12-04 12:01:00,11.874544,39.0,Ewa
2024-12-04 12:02:00,11.874544,39.0,Ewa
2024-12-04 12:31:00,12.108261,82.0,Ewa
2024-12-04 12:32:00,12.108261,82.0,Ewa
2024-12-04 13:01:00,12.108261,82.0,Ewa
2024-12-04 13:02:00,12.108261,82.0,Ewa
2024-12-04 13:31:00,11.885453,57.0,Ewa
2024-12-04 13:32:00,11.885453,57.0,Ewa
2024-12-04 14:01:00,11.885453,57.0,Ewa
2024-12-04 14:02:00,11.885453,57.0,Ewa
2024-12-04 14:31:00,9.107359,31.0,Ewa
2024-12-04 14:32:00,9.107359,31.0,Ewa
2024-12-04 15:01:00,9.107359,31.0,Ewa
2024-12-04 15:02:00,9.107359,31.0,Ewa
2024-12-04 15:31:00,11.207801,37.0,Ewa
2024-12-04 15:32:00,11.207801,37.0,Ewa
2024-12-04 16:01:00,11.207801,37.0,Ewa
2024-12-04 16:02:00,11.207801,37.0,Ewa
2024-12-04 16:31:00,9.194106,9.0,Ewa
2024-12-04 16:32:00,9.194106,9.0,Ewa
2024-12-04 17:01:00,9.194106,9.0,Ewa
2024-12-04 17:02:00,9.194106,9.0,Ewa
2024-12-04 17:31:00,6.5520988,22.0,Ewa
2024-12-04 17:32:00,6.5520988,22.0,Ewa
2024-12-04 18:01:00,6.5520988,22.0,Ewa
2024-12-04 18:02:00,6.5520988,22.0,Ewa
2024-12-04 18:31:00,3.7585104,28.0,Ewa
2024-12-04 18:32:00,3.7585104,28.0,Ewa
2024-12-04 19:01:00,3.7585104,28.0,Ewa
2024-12-04 19:02:00,3.7585104,28.0,Ewa
2024-12-04 19:31:00,1.609969,14.0,Ewa
2024-12-04 19:32:00,1.609969,14.0,Ewa
2024-12-04 20:01:00,1.609969,14.0,Ewa
2024-12-04 20:02:00,1.609969,14.0,Ewa
2024-12-04 20:31:00,1.8,15.0,Ewa
2024-12-04 20:32:00,1.8,15.0,Ewa
2024-12-04 21:01:00,1.8,15.0,Ewa
2024-12-04 21:02:00,1.8,15.0,Ewa
2024-12-04 21:31:00,2.1749482,20.0,Ewa
2024-12-04 21:32:00,2.1749482,20.0,Ewa
2024-12-04 22:01:00,2.1749482,20.0,Ewa
2024-12-04 22:02:00,2.1749482,20.0,Ewa
2024-12-04 22:31:00,2.907989,22.0,Ewa
2024-12-04 22:32:00,2.907989,22.0,Ewa
2024-12-04 23:01:00,2.907989,22.0,Ewa
2024-12-04 23:02:00,2.907989,22.0,Ewa
2024-12-04 23:31:00,3.2846913,47.0,Ewa
2024-12-04 23:32:00,3.2846913,47.0,Ewa
2024-12-05 00:01:00,3.2846913,47.0,Ewa
2024-12-05 00:02:00,3.2846913,47.0,Ewa
2024-12-05 00:31:00,7.120815,40.0,Ewa
2024-12-05 00:32:00,7.120815,40.0,Ewa
2024-12-05 01:01:00,7.120815,40.0,Ewa
2024-12-05 01:02:00,7.120815,40.0,Ewa
2024-12-05 01:31:00,9.102021,35.0,Ewa
2024-12-05 01:32:00,9.102021,35.0,Ewa
2024-12-05 02:01:00,9.102021,35.0,Ewa
2024-12-05 02:02:00,9.102021,35.0,Ewa
2024-12-05 02:31:00,7.0568266,33.0,Ewa
2024-12-05 02:32:00,7.0568266,33.0,Ewa
2024-12-05 03:01:00,7.0568266,33.0,Ewa
2024-12-05 03:02:00,7.0568266,33.0,Ewa
2024-12-05 03:31:00,8.649369,33.0,Ewa
2024-12-05 03:32:00,8.649369,33.0,Ewa
2024-12-05 04:01:00,8.649369,33.0,Ewa
2024-12-05 04:02:00,8.649369,33.0,Ewa
2024-12-05 04:31:00,8.759178,33.0,Ewa
2024-12-05 04:32:00,8.759178,33.0,Ewa
2024-12-05 05:01:00,8.759178,33.0,Ewa
2024-12-05 05:02:00,8.759178,33.0,Ewa
2024-12-05 05:31:00,10.739833,50.0,Ewa
2024-12-05 05:32:00,10.739833,50.0,Ewa
2024-12-05 06:01:00,10.739833,50.0,Ewa
2024-12-05 06:02:00,10.739833,50.0,Ewa
2024-12-05 06:31:00,12.483749,33.0,Ewa
2024-12-05 06:32:00,12.483749,33.0,Ewa
2024-12-05 07:01:00,12.483749,33.0,Ewa
2024-12-05 07:02:00,12.483749,33.0,Ewa
2024-12-05 07:31:00,13.151091,21.0,Ewa
2024-12-05 07:32:00,13.151091,21.0,Ewa
2024-12-05 08:01:00,13.151091,21.0,Ewa
2024-12-05 08:02:00,13.151091,21.0,Ewa
2024-12-05 08:31:00,16.42839,12.0,Ewa
2024-12-05 08:32:00,16.42839,12.0,Ewa
2024-12-05 09:01:00,16.42839,12.0,Ewa
2024-12-05 09:02:00,16.42839,12.0,Ewa
2024-12-05 09:31:00,14.438198,0.0,Ewa
2024-12-05 09:32:00,14.438198,0.0,Ewa
2024-12-05 10:01:00,14.438198,0.0,Ewa
2024-12-05 10:02:00,14.438198,0.0,Ewa
2024-12-05 10:31:00,14.148046,1.0,Ewa
2024-12-05 10:32:00,14.148046,1.0,Ewa
2024-12-05 11:01:00,14.148046,1.0,Ewa
2024-12-05 11:02:00,14.148046,1.0,Ewa
2024-12-05 11:31:00,13.799087,2.0,Ewa
2024-12-05 11:32:00,13.799087,2.0,Ewa
2024-12-05 12:01:00,13.799087,2.0,Ewa
2024-12-05 12:02:00,13.799087,2.0,Ewa
2024-12-05 12:31:00,14.787414,40.0,Ewa
2024-12-05 12:32:00,14.787414,40.0,Ewa
2024-12-05 13:01:00,14.787414,40.0,Ewa
2024-12-05 13:02:00,14.787414,40.0,Ewa
2024-12-05 13:31:00,15.22783,30.0,Ewa
2024-12-05 13:32:00,15.22783,30.0,Ewa
2024-12-05 14:01:00,15.22783,30.0,Ewa
2024-12-05 14:02:00,15.22783,30.0,Ewa
2024-12-05 14:31:00,11.811622,100.0,Ewa
2024-12-05 14:32:00,11.811622,100.0,Ewa
2024-12-05 15:01:00,11.811622,100.0,Ewa
2024-12-05 15:02:00,11.811622,100.0,Ewa
2024-12-05 15:31:00,9.0018,99.0,Ewa
2024-12-05 15:32:00,9.0018,99.0,Ewa
2024-12-05 16:01:00,9.0018,99.0,Ewa
2024-12-05 16:02:00,9.0018,99.0,Ewa
2024-12-05 16:31:00,7.0038276,100.0,Ewa
2024-12-05 16:32:00,7.0038276,100.0,Ewa
2024-12-05 17:01:00,7.0038276,100.0,Ewa
2024-12-05 17:02:00,7.0038276,100.0,Ewa
2024-12-05 17:31:00,6.7853074,100.0,Ewa
2024-12-05 17:32:00,6.7853074,100.0,Ewa
2024-12-05 18:01:00,6.7853074,100.0,Ewa
2024-12-05 18:02:00,6.7853074,100.0,Ewa
2024-12-05 18:31:00,5.9427266,37.0,Ewa
2024-12-05 18:32:00,5.9427266,37.0,Ewa
2024-12-05 19:01:00,5.9427266,37.0,Ewa
2024-12-05 19:02:00,5.9427266,37.0,Ewa
2024-12-05 19:31:00,3.964089,46.0,Ewa
2024-12-05 19:32:00,3.964089,46.0,Ewa
2024-12-05 20:01:00,3.964089,46.0,Ewa
2024-12-05 20:02:00,3.964089,46.0,Ewa
2024-12-05 20:31:00,3.7971041,73.0,Ewa
2024-12-05 20:32:00,3.7971041,73.0,Ewa
2024-12-05 21:01:00,3.7971041,73.0,Ewa
2024-12-05 21:02:00,3.7971041,73.0,Ewa
2024-12-05 21:31:00,4.060985,100.0,Ewa
2024-12-05 21:32:00,4.060985,100.0,Ewa
2024-12-05 22:01:00,4.060985,100.0,Ewa
2024-12-05 22:02:00,4.060985,100.0,Ewa
2024-12-05 22:31:00,2.4482646,100.0,Ewa
2024-12-05 22:32:00,2.4482646,100.0,Ewa
2024-12-05 23:01:00,2.4482646,100.0,Ewa
2024-12-05 23:02:00,2.4482646,100.0,Ewa
2024-12-05 23:31:00,3.5864744,100.0,Ewa
2024-12-05 23:32:00,3.5864744,100.0,Ewa
2024-12-06 00:01:00,3.5864744,100.0,Ewa
2024-12-06 00:02:00,3.5864744,100.0,Ewa
2024-12-06 00:31:00,3.7842832,100.0,Ewa
2024-12-06 00:32:00,3.7842832,100.0,Ewa
2024-12-06 01:01:00,3.7842832,100.0,Ewa
2024-12-06 01:02:00,3.7842832,100.0,Ewa
2024-12-06 01:31:00,4.9785542,100.0,Ewa
2024-12-06 01:32:00,4.9785542,100.0,Ewa
2024-12-06 02:01:00,4.9785542,100.0,Ewa
2024-12-06 02:02:00,4.9785542,100.0,Ewa
2024-12-06 02:31:00,2.4014995,100.0,Ewa
2024-12-06 02:32:00,2.4014995,100.0,Ewa
2024-12-06 03:01:00,2.4014995,100.0,Ewa
2024-12-06 03:02:00,2.4014995,100.0,Ewa
2024-12-06 03:31:00,3.7799997,100.0,Ewa
2024-12-06 03:32:00,3.7799997,100.0,Ewa
2024-12-06 04:01:00,3.7799997,100.0,Ewa
2024-12-06 04:02:00,3.7799997,100.0,Ewa
2024-12-06 04:31:00,5.020677,100.0,Ewa
2024-12-06 04:32:00,5.020677,100.0,Ewa
2024-12-06 05:01:00,5.020677,100.0,Ewa
2024-12-06 05:02:00,5.020677,100.0,Ewa
2024-12-06 05:31:00,5.7204895,100.0,Ewa
2024-12-06 05:32:00,5.7204895,100.0,Ewa
2024-12-06 06:01:00,5.7204895,100.0,Ewa
2024-12-06 06:02:00,5.7204895,100.0,Ewa
2024-12-06 06:31:00,7.0107627,100.0,Ewa
2024-12-06 06:32:00,7.0107627,100.0,Ewa
2024-12-06 07:01:00,7.0107627,100.0,Ewa
2024-12-06 07:02:00,7.0107627,100.0,Ewa
2024-12-06 07:31:00,9.039514,100.0,Ewa
2024-12-06 07:32:00,9.039514,100.0,Ewa
2024-12-06 08:01:00,9.039514,100.0,Ewa
2024-12-06 08:02:00,9.039514,100.0,Ewa
2024-12-06 08:31:00,9.5416975,55.0,Ewa
2024-12-06 08:32:00,9.5416975,55.0,Ewa
2024-12-06 09:01:00,9.5416975,55.0,Ewa
2024-12-06 09:02:00,9.5416975,55.0,Ewa
2024-12-06 09:31:00,7.3469996,27.0,Ewa
2024-12-06 09:32:00,7.3469996,27.0,Ewa
2024-12-06 10:01:00,7.3469996,27.0,Ewa
2024-12-06 10:02:00,7.3469996,27.0,Ewa
2024-12-06 10:31:00,7.6367526,13.0,Ewa
2024-12-06 10:32:00,7.6367526,13.0,Ewa
2024-12-06 11:01:00,7.6367526,13.0,Ewa
2024-12-06 11:02:00,7.6367526,13.0,Ewa
2024-12-06 11:31:00,10.137692,89.0,Ewa
2024-12-06 11:32:00,10.137692,89.0,Ewa
2024-12-06 12:01:00,10.137692,89.0,Ewa
2024-12-06 12:02:00,10.137692,89.0,Ewa
2024-12-06 12:31:00,10.805999,30.0,Ewa
2024-12-06 12:32:00,10.805999,30.0,Ewa
2024-12-06 13:01:00,10.805999,30.0,Ewa
2024-12-06 13:02:00,10.805999,30.0,Ewa
2024-12-06 13:31:00,7.968939,35.0,Ewa
2024-12-06 13:32:00,7.968939,35.0,Ewa
2024-12-06 14:01:00,7.968939,35.0,Ewa
2024-12-06 14:02:00,7.968939,35.0,Ewa
2024-12-06 14:31:00,4.278551,47.0,Ewa
2024-12-06 14:32:00,4.278551,47.0,Ewa
2024-12-06 15:01:00,4.278551,47.0,Ewa
2024-12-06 15:02:00,4.278551,47.0,Ewa
2024-12-06 15:31:00,2.7943513,100.0,Ewa
2024-12-06 15:32:00,2.7943513,100.0,Ewa
2024-12-06 16:01:00,2.7943513,100.0,Ewa
2024-12-06 16:02:00,2.7943513,100.0,Ewa
2024-12-06 16:31:00,2.657668,100.0,Ewa
2024-12-06 16:32:00,2.657668,100.0,Ewa
2024-12-06 17:01:00,2.657668,100.0,Ewa
2024-12-06 17:02:00,2.657668,100.0,Ewa
2024-12-06 17:31:00,4.1046314,100.0,Ewa
2024-12-06 17:32:00,4.1046314,100.0,Ewa
2024-12-06 18:01:00,4.1046314,100.0,Ewa
2024-12-06 18:02:00,4.1046314,100.0,Ewa
2024-12-06 18:31:00,3.244996,62.0,Ewa
2024-12-06 18:32:00,3.244996,62.0,Ewa
2024-12-06 19:01:00,3.244996,62.0,Ewa
2024-12-06 19:02:00,3.244996,62.0,Ewa
2024-12-06 19:31:00,5.369916,15.0,Ewa
2024-12-06 19:32:00,5.369916,15.0,Ewa
2024-12-06 20:01:00,5.369916,15.0,Ewa
2024-12-06 20:02:00,5.369916,15.0,Ewa
2024-12-06 20:31:00,7.1684303,16.0,Ewa
2024-12-06 20:32:00,7.1684303,16.0,Ewa
2024-12-06 21:01:00,7.1684303,16.0,Ewa
2024-12-06 21:02:00,7.1684303,16.0,Ewa
2024-12-06 21:31:00,7.1321807,4.0,Ewa
2024-12-06 21:32:00,7.1321807,4.0,Ewa
2024-12-06 22:01:00,7.1321807,4.0,Ewa
2024-12-06 22:02:00,7.1321807,4.0,Ewa
2024-12-06 22:31:00,9.693296,10.0,Ewa
2024-12-06 22:32:00,9.693296,10.0,Ewa
2024-12-06 23:01:00,9.693296,10.0,Ewa
2024-12-06 23:02:00,9.693296,10.0,Ewa
2024-12-06 23:31:00,11.679213,7.0,Ewa
2024-12-06 23:32:00,11.679213,7.0,Ewa
2024-12-07 00:01:00,11.679213,7.0,Ewa
2024-12-07 00:02:00,11.679213,7.0,Ewa
2024-12-07 00:31:00,11.157097,12.0,Ewa
2024-12-07 00:32:00,11.157097,12.0,Ewa
2024-12-07 01:01:00,11.157097,12.0,Ewa
2024-12-07 01:02:00,11.157097,12.0,Ewa
2024-12-07 01:31:00,10.399576,8.0,Ewa
2024-12-07 01:32:00,10.399576,8.0,Ewa
2024-12-07 02:01:00,10.399576,8.0,Ewa
2024-12-07 02:02:00,10.399576,8.0,Ewa
2024-12-07 02:31:00,9.292255,7.0,Ewa
2024-12-07 02:32:00,9.292255,7.0,Ewa
2024-12-07 03:01:00,9.292255,7.0,Ewa
2024-12-07 03:02:00,9.292255,7.0,Ewa
2024-12-07 03:31:00,6.489992,8.0,Ewa
2024-12-07 03:32:00,6.489992,8.0,Ewa
2024-12-07 04:01:00,6.489992,8.0,Ewa
2024-12-07 04:02:00,6.489992,8.0,Ewa
2024-12-07 04:31:00,6.3639607,10.0,Ewa
2024-12-07 04:32:00,6.3639607,10.0,Ewa
2024-12-07 05:01:00,6.3639607,10.0,Ewa
2024-12-07 05:02:00,6.3639607,10.0,Ewa
2024-12-07 05:31:00,6.5223618,20.0,Ewa
2024-12-07 05:32:00,6.5223618,20.0,Ewa
2024-12-07 06:01:00,6.5223618,20.0,Ewa
2024-12-07 06:02:00,6.5223618,20.0,Ewa
2024-12-07 06:31:00,7.0199995,27.0,Ewa
2024-12-07 06:32:00,7.0199995,27.0,Ewa
2024-12-07 07:01:00,7.0199995,27.0,Ewa
2024-12-07 07:02:00,7.0199995,27.0,Ewa
2024-12-07 07:31:00,7.406295,0.0,Ewa
2024-12-07 07:32:00,7.406295,0.0,Ewa
2024-12-07 08:01:00,7.406295,0.0,Ewa
2024-12-07 08:02:00,7.406295,0.0,Ewa
2024-12-07 08:31:00,5.2478566,0.0,Ewa
2024-12-07 08:32:00,5.2478566,0.0,Ewa
2024-12-07 09:01:00,5.2478566,0.0,Ewa
2024-12-07 09:02:00,5.2478566,0.0,Ewa
2024-12-07 09:31:00,5.3305535,0.0,Ewa
2024-12-07 09:32:00,5.3305535,0.0,Ewa
2024-12-07 10:01:00,5.3305535,0.0,Ewa
2024-12-07 10:02:00,5.3305535,0.0,Ewa
2024-12-07 10:31:00,6.7565966,0.0,Ewa
2024-12-07 10:32:00,6.7565966,0.0,Ewa
2024-12-07 11:01:00,6.7565966,0.0,Ewa
2024-12-07 11:02:00,6.7565966,0.0,Ewa
2024-12-07 11:31:00,9.449572,0.0,Ewa
2024-12-07 11:32:00,9.449572,0.0,Ewa
2024-12-07 12:01:00,9.449572,0.0,Ewa
2024-12-07 12:02:00,9.449572,0.0,Ewa
2024-12-07 12:31:00,11.9466305,14.0,Ewa
2024-12-07 12:32:00,11.9466305,14.0,Ewa
2024-12-07 13:01:00,11.9466305,14.0,Ewa
2024-12-07 13:02:00,11.9466305,14.0,Ewa
2024-12-07 13:31:00,13.684735,1.0,Ewa
2024-12-07 13:32:00,13.684735,1.0,Ewa
2024-12-07 14:01:00,13.684735,1.0,Ewa
2024-12-07 14:02:00,13.684735,1.0,Ewa
2024-12-07 14:31:00,10.801499,13.0,Ewa
2024-12-07 14:32:00,10.801499,13.0,Ewa
2024-12-07 15:01:00,10.801499,13.0,Ewa
2024-12-07 15:02:00,10.801499,13.0,Ewa
2024-12-07 15:31:00,10.120098,19.0,Ewa
2024-12-07 15:32:00,10.120098,19.0,Ewa
2024-12-07 16:01:00,10.120098,19.0,Ewa
2024-12-07 16:02:00,10.120098,19.0,Ewa
2024-12-07 16:31:00,10.730778,30.0,Ewa
2024-12-07 16:32:00,10.730778,30.0,Ewa
2024-12-07 17:01:00,10.730778,30.0,Ewa
2024-12-07 17:02:00,10.730778,30.0,Ewa
2024-12-07 17:31:00,7.44121,40.0,Ewa
2024-12-07 17:32:00,7.44121,40.0,Ewa
2024-12-07 18:01:00,7.44121,40.0,Ewa
2024-12-07 18:02:00,7.44121,40.0,Ewa
2024-12-07 18:31:00,2.5455842,7.0,Ewa
2024-12-07 18:32:00,2.5455842,7.0,Ewa
2024-12-07 19:01:00,2.5455842,7.0,Ewa
2024-12-07 19:02:00,2.5455842,7.0,Ewa
2024-12-07 19:31:00,4.978554,5.0,Ewa
2024-12-07 19:32:00,4.978554,5.0,Ewa
2024-12-07 20:01:00,4.978554,5.0,Ewa
2024-12-07 20:02:00,4.978554,5.0,Ewa
2024-12-07 20:31:00,7.44121,4.0,Ewa
2024-12-07 20:32:00,7.44121,4.0,Ewa
2024-12-07 21:01:00,7.44121,4.0,Ewa
2024-12-07 21:02:00,7.44121,4.0,Ewa
2024-12-07 21:31:00,8.043805,14.0,Ewa
2024-12-07 21:32:00,8.043805,14.0,Ewa
2024-12-07 22:01:00,8.043805,14.0,Ewa
2024-12-07 22:02:00,8.043805,14.0,Ewa
2024-12-07 22:31:00,7.7879906,19.0,Ewa
2024-12-07 22:32:00,7.7879906,19.0,Ewa
2024-12-07 23:01:00,7.7879906,19.0,Ewa
2024-12-07 23:02:00,7.7879906,19.0,Ewa
2024-12-07 23:31:00,7.327127,40.0,Ewa
2024-12-07 23:32:00,7.327127,40.0,Ewa
2024-12-08 00:01:00,7.327127,40.0,Ewa
2024-12-08 00:02:00,7.327127,40.0,Ewa
2024-12-08 00:31:00,6.763786,61.0,Ewa
2024-12-08 00:32:00,6.763786,61.0,Ewa
2024-12-08 01:01:00,6.763786,61.0,Ewa
2024-12-08 01:02:00,6.763786,61.0,Ewa
2024-12-08 01:31:00,6.889557,68.0,Ewa
2024-12-08 01:32:00,6.889557,68.0,Ewa
2024-12-08 02:01:00,6.889557,68.0,Ewa
2024-12-08 02:02:00,6.889557,68.0,Ewa
2024-12-08 02:31:00,6.21717,83.0,Ewa
2024-12-08 02:32:00,6.21717,83.0,Ewa
2024-12-08 03:01:00,6.21717,83.0,Ewa
2024-12-08 03:02:00,6.21717,83.0,Ewa
2024-12-08 03:31:00,6.28713,77.0,Ewa
2024-12-08 03:32:00,6.28713,77.0,Ewa
2024-12-08 04:01:00,6.28713,77.0,Ewa
2024-12-08 04:02:00,6.28713,77.0,Ewa
2024-12-08 04:31:00,6.28713,73.0,Ewa
2024-12-08 04:32:00,6.28713,73.0,Ewa
2024-12-08 05:01:00,6.28713,73.0,Ewa
2024-12-08 05:02:00,6.28713,73.0,Ewa
2024-12-08 05:31:00,7.120815,52.0,Ewa
2024-12-08 05:32:00,7.120815,52.0,Ewa
2024-12-08 06:01:00,7.120815,52.0,Ewa
2024-12-08 06:02:00,7.120815,52.0,Ewa
2024-12-08 06:31:00,7.1389914,45.0,Ewa
2024-12-08 06:32:00,7.1389914,45.0,Ewa
2024-12-08 07:01:00,7.1389914,45.0,Ewa
2024-12-08 07:02:00,7.1389914,45.0,Ewa
2024-12-08 07:31:00,8.338489,9.0,Ewa
2024-12-08 07:32:00,8.338489,9.0,Ewa
2024-12-08 08:01:00,8.338489,9.0,Ewa
2024-12-08 08:02:00,8.338489,9.0,Ewa
2024-12-08 08:31:00,8.281956,16.0,Ewa
2024-12-08 08:32:00,8.281956,16.0,Ewa
2024-12-08 09:01:00,8.281956,16.0,Ewa
2024-12-08 09:02:00,8.281956,16.0,Ewa
2024-12-08 09:31:00,9.335737,24.0,Ewa
2024-12-08 09:32:00,9.335737,24.0,Ewa
2024-12-08 10:01:00,9.335737,24.0,Ewa
2024-12-08 10:02:00,9.335737,24.0,Ewa
2024-12-08 10:31:00,11.881363,29.0,Ewa
2024-12-08 10:32:00,11.881363,29.0,Ewa
2024-12-08 11:01:00,11.881363,29.0,Ewa
2024-12-08 11:02:00,11.881363,29.0,Ewa
2024-12-08 11:31:00,13.218668,38.0,Ewa
2024-12-08 11:32:00,13.218668,38.0,Ewa
2024-12-08 12:01:00,13.218668,38.0,Ewa
2024-12-08 12:02:00,13.218668,38.0,Ewa
2024-12-08 12:31:00,13.917154,39.0,Ewa
2024-12-08 12:32:00,13.917154,39.0,Ewa
2024-12-08 13:01:00,13.917154,39.0,Ewa
2024-12-08 13:02:00,13.917154,39.0,Ewa
2024-12-08 13:31:00,14.238215,51.0,Ewa
2024-12-08 13:32:00,14.238215,51.0,Ewa
2024-12-08 14:01:00,14.238215,51.0,Ewa
2024-12-08 14:02:00,14.238215,51.0,Ewa
2024-12-08 14:31:00,2.7475805,77.0,Ewa
2024-12-08 14:32:00,2.7475805,77.0,Ewa
2024-12-08 15:01:00,2.7475805,77.0,Ewa
2024-12-08 15:02:00,2.7475805,77.0,Ewa
2024-12-08 15:31:00,4.3536186,11.0,Ewa
2024-12-08 15:32:00,4.3536186,11.0,Ewa
2024-12-08 16:01:00,4.3536186,11.0,Ewa
2024-12-08 16:02:00,4.3536186,11.0,Ewa
2024-12-08 16:31:00,8.596766,3.0,Ewa
2024-12-08 16:32:00,8.596766,3.0,Ewa
2024-12-08 17:01:00,8.596766,3.0,Ewa
2024-12-08 17:02:00,8.596766,3.0,Ewa
2024-12-08 17:31:00,6.7397914,0.0,Ewa
2024-12-08 17:32:00,6.7397914,0.0,Ewa
2024-12-08 18:01:00,6.7397914,0.0,Ewa
2024-12-08 18:02:00,6.7397914,0.0,Ewa
2024-12-08 18:31:00,7.7734165,1.0,Ewa
2024-12-08 18:32:00,7.7734165,1.0,Ewa
2024-12-08 19:01:00,7.7734165,1.0,Ewa
2024-12-08 19:02:00,7.7734165,1.0,Ewa
2024-12-08 19:31:00,11.328566,4.0,Ewa
2024-12-08 19:32:00,11.328566,4.0,Ewa
2024-12-08 20:01:00,11.328566,4.0,Ewa
2024-12-08 20:02:00,11.328566,4.0,Ewa
2024-12-08 20:31:00,9.422101,7.0,Ewa
2024-12-08 20:32:00,9.422101,7.0,Ewa
2024-12-08 21:01:00,9.422101,7.0,Ewa
2024-12-08 21:02:00,9.422101,7.0,Ewa
2024-12-08 21:31:00,11.592894,3.0,Ewa
2024-12-08 21:32:00,11.592894,3.0,Ewa
2024-12-08 22:01:00,11.592894,3.0,Ewa
2024-12-08 22:02:00,11.592894,3.0,Ewa
2024-12-08 22:31:00,12.841963,8.0,Ewa
2024-12-08 22:32:00,12.841963,8.0,Ewa
2024-12-08 23:01:00,12.841963,8.0,Ewa
2024-12-08 23:02:00,12.841963,8.0,Ewa
2024-12-08 23:31:00,12.55879,4.0,Ewa
2024-12-08 23:32:00,12.55879,4.0,Ewa
2024-12-09 00:01:00,12.55879,4.0,Ewa
2024-12-09 00:02:00,12.55879,4.0,Ewa
2024-12-09 00:31:00,13.905509,4.0,Ewa
2024-12-09 00:32:00,13.905509,4.0,Ewa
2024-12-09 01:01:00,13.905509,4.0,Ewa
2024-12-09 01:02:00,13.905509,4.0,Ewa
2024-12-09 01:31:00,13.184308,2.0,Ewa
2024-12-09 01:32:00,13.184308,2.0,Ewa
2024-12-09 02:01:00,13.184308,2.0,Ewa
2024-12-09 02:02:00,13.184308,2.0,Ewa
2024-12-09 02:31:00,10.948973,6.0,Ewa
2024-12-09 02:32:00,10.948973,6.0,Ewa
2024-12-09 03:01:00,10.948973,6.0,Ewa
2024-12-09 03:02:00,10.948973,6.0,Ewa
2024-12-09 03:31:00,9.396275,5.0,Ewa
2024-12-09 03:32:00,9.396275,5.0,Ewa
2024-12-09 04:01:00,9.396275,5.0,Ewa
2024-12-09 04:02:00,9.396275,5.0,Ewa
2024-12-09 04:31:00,10.233123,21.0,Ewa
2024-12-09 04:32:00,10.233123,21.0,Ewa
2024-12-09 05:01:00,10.233123,21.0,Ewa
2024-12-09 05:02:00,10.233123,21.0,Ewa
2024-12-09 05:31:00,10.152064,21.0,Ewa
2024-12-09 05:32:00,10.152064,21.0,Ewa
2024-12-09 06:01:00,10.152064,21.0,Ewa
2024-12-09 06:02:00,10.152064,21.0,Ewa
2024-12-09 06:31:00,10.134495,12.0,Ewa
2024-12-09 06:32:00,10.134495,12.0,Ewa
2024-12-09 07:01:00,10.134495,12.0,Ewa
2024-12-09 07:02:00,10.134495,12.0,Ewa
2024-12-09 07:31:00,11.246759,20.0,Ewa
2024-12-09 07:32:00,11.246759,20.0,Ewa
2024-12-09 08:01:00,11.246759,20.0,Ewa
2024-12-09 08:02:00,11.246759,20.0,Ewa
2024-12-09 08:31:00,12.879752,7.0,Ewa
2024-12-09 08:32:00,12.879752,7.0,Ewa
2024-12-09 09:01:00,12.879752,7.0,Ewa
2024-12-09 09:02:00,12.879752,7.0,Ewa
2024-12-09 09:31:00,18.030573,15.0,Ewa
2024-12-09 09:32:00,18.030573,15.0,Ewa
2024-12-09 10:01:00,18.030573,15.0,Ewa
2024-12-09 10:02:00,18.030573,15.0,Ewa
2024-12-09 10:31:00,18.728653,12.0,Ewa
2024-12-09 10:32:00,18.728653,12.0,Ewa
2024-12-09 11:01:00,18.728653,12.0,Ewa
2024-12-09 11:02:00,18.728653,12.0,Ewa
2024-12-09 11:31:00,19.029839,4.0,Ewa
2024-12-09 11:32:00,19.029839,4.0,Ewa
2024-12-09 12:01:00,19.029839,4.0,Ewa
2024-12-09 12:02:00,19.029839,4.0,Ewa
2024-12-09 12:31:00,17.94411,4.0,Ewa
2024-12-09 12:32:00,17.94411,4.0,Ewa
2024-12-09 13:01:00,17.94411,4.0,Ewa
2024-12-09 13:02:00,17.94411,4.0,Ewa
2024-12-09 13:31:00,17.604147,3.0,Ewa
2024-12-09 13:32:00,17.604147,3.0,Ewa
2024-12-09 14:01:00,17.604147,3.0,Ewa
2024-12-09 14:02:00,17.604147,3.0,Ewa
2024-12-09 14:31:00,15.602999,3.0,Ewa
2024-12-09 14:32:00,15.602999,3.0,Ewa
2024-12-09 15:01:00,15.602999,3.0,Ewa
2024-12-09 15:02:00,15.602999,3.0,Ewa
2024-12-09 15:31:00,16.213993,10.0,Ewa
2024-12-09 15:32:00,16.213993,10.0,Ewa
2024-12-09 16:01:00,16.213993,10.0,Ewa
2024-12-09 16:02:00,16.213993,10.0,Ewa
2024-12-09 16:31:00,19.084246,24.0,Ewa
2024-12-09 16:32:00,19.084246,24.0,Ewa
2024-12-09 17:01:00,19.084246,24.0,Ewa
2024-12-09 17:02:00,19.084246,24.0,Ewa
2024-12-09 17:31:00,15.938896,13.0,Ewa
2024-12-09 17:32:00,15.938896,13.0,Ewa
2024-12-09 18:01:00,15.938896,13.0,Ewa
2024-12-09 18:02:00,15.938896,13.0,Ewa
2024-12-09 18:31:00,14.230248,7.0,Ewa
2024-12-09 18:32:00,14.230248,7.0,Ewa
2024-12-09 19:01:00,14.230248,7.0,Ewa
2024-12-09 19:02:00,14.230248,7.0,Ewa
2024-12-09 19:31:00,14.926983,6.0,Ewa
2024-12-09 19:32:00,14.926983,6.0,Ewa
2024-12-09 20:01:00,14.926983,6.0,Ewa
2024-12-09 20:02:00,14.926983,6.0,Ewa
2024-12-09 20:31:00,15.455911,4.0,Ewa
2024-12-09 20:32:00,15.455911,4.0,Ewa
2024-12-09 21:01:00,15.455911,4.0,Ewa
2024-12-09 21:02:00,15.455911,4.0,Ewa
2024-12-09 21:31:00,15.865546,3.0,Ewa
2024-12-09 21:32:00,15.865546,3.0,Ewa
2024-12-09 22:01:00,15.865546,3.0,Ewa
2024-12-09 22:02:00,15.865546,3.0,Ewa
2024-12-09 22:31:00,15.702356,4.0,Ewa
2024-12-09 22:32:00,15.702356,4.0,Ewa
2024-12-09 23:01:00,15.702356,4.0,Ewa
2024-12-09 23:02:00,15.702356,4.0,Ewa
2024-12-09 23:31:00,15.0038395,2.0,Ewa
2024-12-09 23:32:00,15.0038395,2.0,Ewa
2024-12-10 00:01:00,15.0038395,2.0,Ewa
2024-12-10 00:02:00,15.0038395,2.0,Ewa
2024-12-10 00:31:00,15.861463,10.0,Ewa
2024-12-10 00:32:00,15.861463,10.0,Ewa
2024-12-10 01:01:00,15.861463,10.0,Ewa
2024-12-10 01:02:00,15.861463,10.0,Ewa
2024-12-10 01:31:00,17.22742,6.0,Ewa
2024-12-10 01:32:00,17.22742,6.0,Ewa
2024-12-10 02:01:00,17.22742,6.0,Ewa
2024-12-10 02:02:00,17.22742,6.0,Ewa
2024-12-10 02:31:00,15.651722,3.0,Ewa
2024-12-10 02:32:00,15.651722,3.0,Ewa
2024-12-10 03:01:00,15.651722,3.0,Ewa
2024-12-10 03:02:00,15.651722,3.0,Ewa
2024-12-10 03:31:00,15.22783,7.0,Ewa
2024-12-10 03:32:00,15.22783,7.0,Ewa
2024-12-10 04:01:00,15.22783,7.0,Ewa
2024-12-10 04:02:00,15.22783,7.0,Ewa
2024-12-10 04:31:00,15.986593,11.0,Ewa
2024-12-10 04:32:00,15.986593,11.0,Ewa
2024-12-10 05:01:00,15.986593,11.0,Ewa
2024-12-10 05:02:00,15.986593,11.0,Ewa
2024-12-10 05:31:00,17.574675,16.0,Ewa
2024-12-10 05:32:00,17.574675,16.0,Ewa
2024-12-10 06:01:00,17.574675,16.0,Ewa
2024-12-10 06:02:00,17.574675,16.0,Ewa
2024-12-10 06:31:00,17.9973,5.0,Ewa
2024-12-10 06:32:00,17.9973,5.0,Ewa
2024-12-10 07:01:00,17.9973,5.0,Ewa
2024-12-10 07:02:00,17.9973,5.0,Ewa
2024-12-10 07:31:00,19.567083,5.0,Ewa
2024-12-10 07:32:00,19.567083,5.0,Ewa
2024-12-10 08:01:00,19.567083,5.0,Ewa
2024-12-10 08:02:00,19.567083,5.0,Ewa
2024-12-10 08:31:00,22.406927,7.0,Ewa
2024-12-10 08:32:00,22.406927,7.0,Ewa
2024-12-10 09:01:00,22.406927,7.0,Ewa
2024-12-10 09:02:00,22.406927,7.0,Ewa
2024-12-10 09:31:00,24.10186,9.0,Ewa
2024-12-10 09:32:00,24.10186,9.0,Ewa
2024-12-10 10:01:00,24.10186,9.0,Ewa
2024-12-10 10:02:00,24.10186,9.0,Ewa
2024-12-10 10:31:00,25.451387,35.0,Ewa
2024-12-10 10:32:00,25.451387,35.0,Ewa
2024-12-10 11:01:00,25.451387,35.0,Ewa
2024-12-10 11:02:00,25.451387,35.0,Ewa
2024-12-10 11:31:00,26.758923,39.0,Ewa
2024-12-10 11:32:00,26.758923,39.0,Ewa
2024-12-10 12:01:00,26.758923,39.0,Ewa
2024-12-10 12:02:00,26.758923,39.0,Ewa
2024-12-10 12:31:00,26.529093,22.0,Ewa
2024-12-10 12:32:00,26.529093,22.0,Ewa
2024-12-10 13:01:00,26.529093,22.0,Ewa
2024-12-10 13:02:00,26.529093,22.0,Ewa
2024-12-10 13:31:00,26.696495,28.0,Ewa
2024-12-10 13:32:00,26.696495,28.0,Ewa
2024-12-10 14:01:00,26.696495,28.0,Ewa
2024-12-10 14:02:00,26.696495,28.0,Ewa
2024-12-10 14:31:00,23.365358,21.0,Ewa
2024-12-10 14:32:00,23.365358,21.0,Ewa
2024-12-10 15:01:00,23.365358,21.0,Ewa
2024-12-10 15:02:00,23.365358,21.0,Ewa
2024-12-10 15:31:00,26.045942,21.0,Ewa
2024-12-10 15:32:00,26.045942,21.0,Ewa
2024-12-10 16:01:00,26.045942,21.0,Ewa
2024-12-10 16:02:00,26.045942,21.0,Ewa
2024-12-10 16:31:00,25.644157,21.0,Ewa
2024-12-10 16:32:00,25.644157,21.0,Ewa
2024-12-10 17:01:00,25.644157,21.0,Ewa
2024-12-10 17:02:00,25.644157,21.0,Ewa
2024-12-10 17:31:00,23.933907,9.0,Ewa
2024-12-10 17:32:00,23.933907,9.0,Ewa
2024-12-10 18:01:00,23.933907,9.0,Ewa
2024-12-10 18:02:00,23.933907,9.0,Ewa
2024-12-10 18:31:00,21.981382,5.0,Ewa
2024-12-10 18:32:00,21.981382,5.0,Ewa
2024-12-10 19:01:00,21.981382,5.0,Ewa
2024-12-10 19:02:00,21.981382,5.0,Ewa
2024-12-10 19:31:00,21.585745,4.0,Ewa
2024-12-10 19:32:00,21.585745,4.0,Ewa
2024-12-10 20:01:00,21.585745,4.0,Ewa
2024-12-10 20:02:00,21.585745,4.0,Ewa
2024-12-10 20:31:00,21.498512,8.0,Ewa
2024-12-10 20:32:00,21.498512,8.0,Ewa
2024-12-10 21:01:00,21.498512,8.0,Ewa
2024-12-10 21:02:00,21.498512,8.0,Ewa
2024-12-10 21:31:00,22.19554,11.0,Ewa
2024-12-10 21:32:00,22.19554,11.0,Ewa
2024-12-10 22:01:00,22.19554,11.0,Ewa
2024-12-10 22:02:00,22.19554,11.0,Ewa
2024-12-10 22:31:00,21.295605,5.0,Ewa
2024-12-10 22:32:00,21.295605,5.0,Ewa
2024-12-10 23:01:00,21.295605,5.0,Ewa
2024-12-10 23:02:00,21.295605,5.0,Ewa
2024-12-10 23:31:00,20.056877,15.0,Ewa
2024-12-10 23:32:00,20.056877,15.0,Ewa
2024-12-11 00:01:00,20.056877,15.0,Ewa
2024-12-11 00:02:00,20.056877,15.0,Ewa
2024-12-11 00:31:00,20.719553,9.0,Ewa
2024-12-11 00:32:00,20.719553,9.0,Ewa
2024-12-11 01:01:00,20.719553,9.0,Ewa
2024-12-11 01:02:00,20.719553,9.0,Ewa
2024-12-11 01:31:00,20.561798,9.0,Ewa
2024-12-11 01:32:00,20.561798,9.0,Ewa
2024-12-11 02:01:00,20.561798,9.0,Ewa
2024-12-11 02:02:00,20.561798,9.0,Ewa
2024-12-11 02:31:00,16.712881,3.0,Ewa
2024-12-11 02:32:00,16.712881,3.0,Ewa
2024-12-11 03:01:00,16.712881,3.0,Ewa
2024-12-11 03:02:00,16.712881,3.0,Ewa
2024-12-11 03:31:00,17.280935,8.0,Ewa
2024-12-11 03:32:00,17.280935,8.0,Ewa
2024-12-11 04:01:00,17.280935,8.0,Ewa
2024-12-11 04:02:00,17.280935,8.0,Ewa
2024-12-11 04:31:00,17.38934,11.0,Ewa
2024-12-11 04:32:00,17.38934,11.0,Ewa
2024-12-11 05:01:00,17.38934,11.0,Ewa
2024-12-11 05:02:00,17.38934,11.0,Ewa
2024-12-11 05:31:00,18.770126,9.0,Ewa
2024-12-11 05:32:00,18.770126,9.0,Ewa
2024-12-11 06:01:00,18.770126,9.0,Ewa
2024-12-11 06:02:00,18.770126,9.0,Ewa
2024-12-11 06:31:00,20.634155,12.0,Ewa
2024-12-11 06:32:00,20.634155,12.0,Ewa
2024-12-11 07:01:00,20.634155,12.0,Ewa
2024-12-11 07:02:00,20.634155,12.0,Ewa
2024-12-11 07:31:00,21.240763,4.0,Ewa
2024-12-11 07:32:00,21.240763,4.0,Ewa
2024-12-11 08:01:00,21.240763,4.0,Ewa
2024-12-11 08:02:00,21.240763,4.0,Ewa
2024-12-11 08:31:00,26.807312,7.0,Ewa
2024-12-11 08:32:00,26.807312,7.0,Ewa
2024-12-11 09:01:00,26.807312,7.0,Ewa
2024-12-11 09:02:00,26.807312,7.0,Ewa
2024-12-11 09:31:00,28.739187,36.0,Ewa
2024-12-11 09:32:00,28.739187,36.0,Ewa
2024-12-11 10:01:00,28.739187,36.0,Ewa
2024-12-11 10:02:00,28.739187,36.0,Ewa
2024-12-11 10:31:00,31.302406,48.0,Ewa
2024-12-11 10:32:00,31.302406,48.0,Ewa
2024-12-11 11:01:00,31.302406,48.0,Ewa
2024-12-11 11:02:00,31.302406,48.0,Ewa
2024-12-11 11:31:00,28.211805,36.0,Ewa
2024-12-11 11:32:00,28.211805,36.0,Ewa
2024-12-11 12:01:00,28.211805,36.0,Ewa
2024-12-11 12:02:00,28.211805,36.0,Ewa
2024-12-11 12:31:00,27.241915,24.0,Ewa
2024-12-11 12:32:00,27.241915,24.0,Ewa
2024-12-11 13:01:00,27.241915,24.0,Ewa
2024-12-11 13:02:00,27.241915,24.0,Ewa
2024-12-11 13:31:00,25.891233,36.0,Ewa
2024-12-11 13:32:00,25.891233,36.0,Ewa
2024-12-11 14:01:00,25.891233,36.0,Ewa
2024-12-11 14:02:00,25.891233,36.0,Ewa
2024-12-11 14:31:00,23.793385,0.0,Ewa
2024-12-11 14:32:00,23.793385,0.0,Ewa
2024-12-11 15:01:00,23.793385,0.0,Ewa
2024-12-11 15:02:00,23.793385,0.0,Ewa
2024-12-11 15:31:00,23.397923,0.0,Ewa
2024-12-11 15:32:00,23.397923,0.0,Ewa
2024-12-11 16:01:00,23.397923,0.0,Ewa
2024-12-11 16:02:00,23.397923,0.0,Ewa
2024-12-11 16:31:00,24.670507,14.0,Ewa
2024-12-11 16:32:00,24.670507,14.0,Ewa
2024-12-11 17:01:00,24.670507,14.0,Ewa
2024-12-11 17:02:00,24.670507,14.0,Ewa
2024-12-11 17:31:00,23.138927,11.0,Ewa
2024-12-11 17:32:00,23.138927,11.0,Ewa
2024-12-11 18:01:00,23.138927,11.0,Ewa
2024-12-11 18:02:00,23.138927,11.0,Ewa
2024-12-11 18:31:00,22.26841,32.0,Ewa
2024-12-11 18:32:00,22.26841,32.0,Ewa
2024-12-11 19:01:00,22.26841,32.0,Ewa
2024-12-11 19:02:00,22.26841,32.0,Ewa
2024-12-11 19:31:00,22.884789,8.0,Ewa
2024-12-11 19:32:00,22.884789,8.0,Ewa
2024-12-11 20:01:00,22.884789,8.0,Ewa
2024-12-11 20:02:00,22.884789,8.0,Ewa
2024-12-11 20:31:00,22.294582,20.0,Ewa
2024-12-11 20:32:00,22.294582,20.0,Ewa
2024-12-11 21:01:00,22.294582,20.0,Ewa
2024-12-11 21:02:00,22.294582,20.0,Ewa
2024-12-11 21:31:00,23.766136,7.0,Ewa
2024-12-11 21:32:00,23.766136,7.0,Ewa
2024-12-11 22:01:00,23.766136,7.0,Ewa
2024-12-11 22:02:00,23.766136,7.0,Ewa
2024-12-11 22:31:00,23.913593,6.0,Ewa
2024-12-11 22:32:00,23.913593,6.0,Ewa
2024-12-11 23:01:00,23.913593,6.0,Ewa
2024-12-11 23:02:00,23.913593,6.0,Ewa
2024-12-11 23:31:00,23.999474,8.0,Ewa
2024-12-11 23:32:00,23.999474,8.0,Ewa
2024-12-12 00:01:00,23.999474,8.0,Ewa
2024-12-12 00:02:00,23.999474,8.0,Ewa
2024-12-12 00:31:00,24.20314,17.0,Ewa
2024-12-12 00:32:00,24.20314,17.0,Ewa
2024-12-12 01:01:00,24.20314,17.0,Ewa
2024-12-12 01:02:00,24.20314,17.0,Ewa
2024-12-12 01:31:00,22.732082,19.0,Ewa
2024-12-12 01:32:00,22.732082,19.0,Ewa
2024-12-12 02:01:00,22.732082,19.0,Ewa
2024-12-12 02:02:00,22.732082,19.0,Ewa
2024-12-12 02:31:00,21.978434,24.0,Ewa
2024-12-12 02:32:00,21.978434,24.0,Ewa
2024-12-12 03:01:00,21.978434,24.0,Ewa
2024-12-12 03:02:00,21.978434,24.0,Ewa
2024-12-12 03:31:00,22.134146,16.0,Ewa
2024-12-12 03:32:00,22.134146,16.0,Ewa
2024-12-12 04:01:00,22.134146,16.0,Ewa
2024-12-12 04:02:00,22.134146,16.0,Ewa
2024-12-12 04:31:00,22.528782,15.0,Ewa
2024-12-12 04:32:00,22.528782,15.0,Ewa
2024-12-12 05:01:00,22.528782,15.0,Ewa
2024-12-12 05:02:00,22.528782,15.0,Ewa
2024-12-12 05:31:00,21.916433,13.0,Ewa
2024-12-12 05:32:00,21.916433,13.0,Ewa
2024-12-12 06:01:00,21.916433,13.0,Ewa
2024-12-12 06:02:00,21.916433,13.0,Ewa
2024-12-12 06:31:00,23.97516,3.0,Ewa
2024-12-12 06:32:00,23.97516,3.0,Ewa
2024-12-12 07:01:00,23.97516,3.0,Ewa
2024-12-12 07:02:00,23.97516,3.0,Ewa
2024-12-12 07:31:00,27.027586,12.0,Ewa
2024-12-12 07:32:00,27.027586,12.0,Ewa
2024-12-12 08:01:00,27.027586,12.0,Ewa
2024-12-12 08:02:00,27.027586,12.0,Ewa
2024-12-12 08:31:00,28.769608,4.0,Ewa
2024-12-12 08:32:00,28.769608,4.0,Ewa
2024-12-12 09:01:00,28.769608,4.0,Ewa
2024-12-12 09:02:00,28.769608,4.0,Ewa
2024-12-12 09:31:00,29.024128,21.0,Ewa
2024-12-12 09:32:00,29.024128,21.0,Ewa
2024-12-12 10:01:00,29.024128,21.0,Ewa
2024-12-12 10:02:00,29.024128,21.0,Ewa
2024-12-12 10:31:00,28.445126,2.0,Ewa
2024-12-12 10:32:00,28.445126,2.0,Ewa
2024-12-12 11:01:00,28.445126,2.0,Ewa
2024-12-12 11:02:00,28.445126,2.0,Ewa
2024-12-12 11:31:00,27.000599,11.0,Ewa
2024-12-12 11:32:00,27.000599,11.0,Ewa
2024-12-12 12:01:00,27.000599,11.0,Ewa
2024-12-12 12:02:00,27.000599,11.0,Ewa
2024-12-12 12:31:00,27.218119,9.0,Ewa
2024-12-12 12:32:00,27.218119,9.0,Ewa
2024-12-12 13:01:00,27.218119,9.0,Ewa
2024-12-12 13:02:00,27.218119,9.0,Ewa
2024-12-12 13:31:00,26.5016,26.0,Ewa
2024-12-12 13:32:00,26.5016,26.0,Ewa
2024-12-12 14:01:00,26.5016,26.0,Ewa
2024-12-12 14:02:00,26.5016,26.0,Ewa
2024-12-12 14:31:00,23.497412,66.0,Ewa
2024-12-12 14:32:00,23.497412,66.0,Ewa
2024-12-12 15:01:00,23.497412,66.0,Ewa
2024-12-12 15:02:00,23.497412,66.0,Ewa
2024-12-12 15:31:00,22.054958,55.0,Ewa
2024-12-12 15:32:00,22.054958,55.0,Ewa
2024-12-12 16:01:00,22.054958,55.0,Ewa
2024-12-12 16:02:00,22.054958,55.0,Ewa
2024-12-12 16:31:00,21.25906,24.0,Ewa
2024-12-12 16:32:00,21.25906,24.0,Ewa
2024-12-12 17:01:00,21.25906,24.0,Ewa
2024-12-12 17:02:00,21.25906,24.0,Ewa
2024-12-12 17:31:00,21.226265,13.0,Ewa
2024-12-12 17:32:00,21.226265,13.0,Ewa
2024-12-12 18:01:00,21.226265,13.0,Ewa
2024-12-12 18:02:00,21.226265,13.0,Ewa
2024-12-12 18:31:00,21.603,25.0,Ewa
2024-12-12 18:32:00,21.603,25.0,Ewa
2024-12-12 19:01:00,21.603,25.0,Ewa
2024-12-12 19:02:00,21.603,25.0,Ewa
2024-12-12 19:31:00,21.661411,15.0,Ewa
2024-12-12 19:32:00,21.661411,15.0,Ewa
2024-12-12 20:01:00,21.661411,15.0,Ewa
2024-12-12 20:02:00,21.661411,15.0,Ewa
2024-12-12 20:31:00,19.48079,5.0,Ewa
2024-12-12 20:32:00,19.48079,5.0,Ewa
2024-12-12 21:01:00,19.48079,5.0,Ewa
2024-12-12 21:02:00,19.48079,5.0,Ewa
2024-12-12 21:31:00,19.500736,15.0,Ewa
2024-12-12 21:32:00,19.500736,15.0,Ewa
2024-12-12 22:01:00,19.500736,15.0,Ewa
2024-12-12 22:02:00,19.500736,15.0,Ewa
2024-12-12 22:31:00,19.581154,23.0,Ewa
2024-12-12 22:32:00,19.581154,23.0,Ewa
2024-12-12 23:01:00,19.581154,23.0,Ewa
2024-12-12 23:02:00,19.581154,23.0,Ewa
2024-12-12 23:31:00,19.11139,16.0,Ewa
2024-12-12 23:32:00,19.11139,16.0,Ewa
2024-12-13 00:01:00,19.11139,16.0,Ewa
2024-12-13 00:02:00,19.11139,16.0,Ewa
2024-12-13 00:31:00,18.847641,53.0,Ewa
2024-12-13 00:32:00,18.847641,53.0,Ewa
2024-12-13 01:01:00,18.847641,53.0,Ewa
2024-12-13 01:02:00,18.847641,53.0,Ewa
2024-12-13 01:31:00,18.193361,59.0,Ewa
2024-12-13 01:32:00,18.193361,59.0,Ewa
2024-12-13 02:01:00,18.193361,59.0,Ewa
2024-12-13 02:02:00,18.193361,59.0,Ewa
2024-12-13 02:31:00,14.169785,3.0,Ewa
2024-12-13 02:32:00,14.169785,3.0,Ewa
2024-12-13 03:01:00,14.169785,3.0,Ewa
2024-12-13 03:02:00,14.169785,3.0,Ewa
2024-12-13 03:31:00,13.527572,6.0,Ewa
2024-12-13 03:32:00,13.527572,6.0,Ewa
2024-12-13 04:01:00,13.527572,6.0,Ewa
2024-12-13 04:02:00,13.527572,6.0,Ewa
2024-12-13 04:31:00,12.972494,4.0,Ewa
2024-12-13 04:32:00,12.972494,4.0,Ewa
2024-12-13 05:01:00,12.972494,4.0,Ewa
2024-12-13 05:02:00,12.972494,4.0,Ewa
2024-12-13 05:31:00,13.184308,2.0,Ewa
2024-12-13 05:32:00,13.184308,2.0,Ewa
2024-12-13 06:01:00,13.184308,2.0,Ewa
2024-12-13 06:02:00,13.184308,2.0,Ewa
2024-12-13 06:31:00,15.299999,3.0,Ewa
2024-12-13 06:32:00,15.299999,3.0,Ewa
2024-12-13 07:01:00,15.299999,3.0,Ewa
2024-12-13 07:02:00,15.299999,3.0,Ewa
2024-12-13 07:31:00,16.50709,11.0,Ewa
2024-12-13 07:32:00,16.50709,11.0,Ewa
2024-12-13 08:01:00,16.50709,11.0,Ewa
2024-12-13 08:02:00,16.50709,11.0,Ewa
2024-12-13 08:31:00,21.69952,30.0,Ewa
2024-12-13 08:32:00,21.69952,30.0,Ewa
2024-12-13 09:01:00,21.69952,30.0,Ewa
2024-12-13 09:02:00,21.69952,30.0,Ewa
2024-12-13 09:31:00,25.57584,58.0,Ewa
2024-12-13 09:32:00,25.57584,58.0,Ewa
2024-12-13 10:01:00,25.57584,58.0,Ewa
2024-12-13 10:02:00,25.57584,58.0,Ewa
2024-12-13 10:31:00,25.206427,21.0,Ewa
2024-12-13 10:32:00,25.206427,21.0,Ewa
2024-12-13 11:01:00,25.206427,21.0,Ewa
2024-12-13 11:02:00,25.206427,21.0,Ewa
2024-12-13 11:31:00,24.369234,29.0,Ewa
2024-12-13 11:32:00,24.369234,29.0,Ewa
2024-12-13 12:01:00,24.369234,29.0,Ewa
2024-12-13 12:02:00,24.369234,29.0,Ewa
2024-12-13 12:31:00,22.996365,36.0,Ewa
2024-12-13 12:32:00,22.996365,36.0,Ewa
2024-12-13 13:01:00,22.996365,36.0,Ewa
2024-12-13 13:02:00,22.996365,36.0,Ewa
2024-12-13 13:31:00,22.79684,40.0,Ewa
2024-12-13 13:32:00,22.79684,40.0,Ewa
2024-12-13 14:01:00,22.79684,40.0,Ewa
2024-12-13 14:02:00,22.79684,40.0,Ewa
2024-12-13 14:31:00,22.655699,38.0,Ewa
2024-12-13 14:32:00,22.655699,38.0,Ewa
2024-12-13 15:01:00,22.655699,38.0,Ewa
2024-12-13 15:02:00,22.655699,38.0,Ewa
2024-12-13 15:31:00,22.046875,53.0,Ewa
2024-12-13 15:32:00,22.046875,53.0,Ewa
2024-12-13 16:01:00,22.046875,53.0,Ewa
2024-12-13 16:02:00,22.046875,53.0,Ewa
2024-12-13 16:31:00,22.30911,65.0,Ewa
2024-12-13 16:32:00,22.30911,65.0,Ewa
2024-12-13 17:01:00,22.30911,65.0,Ewa
2024-12-13 17:02:00,22.30911,65.0,Ewa
2024-12-13 17:31:00,20.719553,24.0,Ewa
2024-12-13 17:32:00,20.719553,24.0,Ewa
2024-12-13 18:01:00,20.719553,24.0,Ewa
2024-12-13 18:02:00,20.719553,24.0,Ewa
2024-12-13 18:31:00,19.078302,8.0,Ewa
2024-12-13 18:32:00,19.078302,8.0,Ewa
2024-12-13 19:01:00,19.078302,8.0,Ewa
2024-12-13 19:02:00,19.078302,8.0,Ewa
2024-12-13 19:31:00,17.950432,1.0,Ewa
2024-12-13 19:32:00,17.950432,1.0,Ewa
2024-12-13 20:01:00,17.950432,1.0,Ewa
2024-12-13 20:02:00,17.950432,1.0,Ewa
2024-12-13 20:31:00,15.999762,0.0,Ewa
2024-12-13 20:32:00,15.999762,0.0,Ewa
2024-12-13 21:01:00,15.999762,0.0,Ewa
2024-12-13 21:02:00,15.999762,0.0,Ewa
2024-12-13 21:31:00,14.24163,1.0,Ewa
2024-12-13 21:32:00,14.24163,1.0,Ewa
2024-12-13 22:01:00,14.24163,1.0,Ewa
2024-12-13 22:02:00,14.24163,1.0,Ewa
2024-12-13 22:31:00,14.49531,1.0,Ewa
2024-12-13 22:32:00,14.49531,1.0,Ewa
2024-12-13 23:01:00,14.49531,1.0,Ewa
2024-12-13 23:02:00,14.49531,1.0,Ewa
2024-12-13 23:31:00,16.394829,1.0,Ewa
2024-12-13 23:32:00,16.394829,1.0,Ewa
2024-12-14 00:01:00,16.394829,1.0,Ewa
2024-12-14 00:02:00,16.394829,1.0,Ewa
2024-12-14 00:31:00,15.978484,5.0,Ewa
2024-12-14 00:32:00,15.978484,5.0,Ewa
2024-12-14 01:01:00,15.978484,5.0,Ewa
2024-12-14 01:02:00,15.978484,5.0,Ewa
2024-12-14 01:31:00,15.22783,6.0,Ewa
2024-12-14 01:32:00,15.22783,6.0,Ewa
2024-12-14 02:01:00,15.22783,6.0,Ewa
2024-12-14 02:02:00,15.22783,6.0,Ewa
2024-12-14 02:31:00,15.0038395,4.0,Ewa
2024-12-14 02:32:00,15.0038395,4.0,Ewa
2024-12-14 03:01:00,15.0038395,4.0,Ewa
2024-12-14 03:02:00,15.0038395,4.0,Ewa
2024-12-14 03:31:00,13.397612,9.0,Ewa
2024-12-14 03:32:00,13.397612,9.0,Ewa
2024-12-14 04:01:00,13.397612,9.0,Ewa
2024-12-14 04:02:00,13.397612,9.0,Ewa
2024-12-14 04:31:00,13.776762,19.0,Ewa
2024-12-14 04:32:00,13.776762,19.0,Ewa
2024-12-14 05:01:00,13.776762,19.0,Ewa
2024-12-14 05:02:00,13.776762,19.0,Ewa
2024-12-14 05:31:00,13.945064,25.0,Ewa
2024-12-14 05:32:00,13.945064,25.0,Ewa
2024-12-14 06:01:00,13.945064,25.0,Ewa
2024-12-14 06:02:00,13.945064,25.0,Ewa
2024-12-14 06:31:00,14.917212,17.0,Ewa
2024-12-14 06:32:00,14.917212,17.0,Ewa
2024-12-14 07:01:00,14.917212,17.0,Ewa
2024-12-14 07:02:00,14.917212,17.0,Ewa
2024-12-14 07:31:00,17.069656,5.0,Ewa
2024-12-14 07:32:00,17.069656,5.0,Ewa
2024-12-14 08:01:00,17.069656,5.0,Ewa
2024-12-14 08:02:00,17.069656,5.0,Ewa
2024-12-14 08:31:00,19.9954,3.0,Ewa
2024-12-14 08:32:00,19.9954,3.0,Ewa
2024-12-14 09:01:00,19.9954,3.0,Ewa
2024-12-14 09:02:00,19.9954,3.0,Ewa
2024-12-14 09:31:00,19.48079,21.0,Ewa
2024-12-14 09:32:00,19.48079,21.0,Ewa
2024-12-14 10:01:00,19.48079,21.0,Ewa
2024-12-14 10:02:00,19.48079,21.0,Ewa
2024-12-14 10:31:00,19.807362,15.0,Ewa
2024-12-14 10:32:00,19.807362,15.0,Ewa
2024-12-14 11:01:00,19.807362,15.0,Ewa
2024-12-14 11:02:00,19.807362,15.0,Ewa
2024-12-14 11:31:00,20.138292,74.0,Ewa
2024-12-14 11:32:00,20.138292,74.0,Ewa
2024-12-14 12:01:00,20.138292,74.0,Ewa
2024-12-14 12:02:00,20.138292,74.0,Ewa
2024-12-14 12:31:00,20.327251,45.0,Ewa
2024-12-14 12:32:00,20.327251,45.0,Ewa
2024-12-14 13:01:00,20.327251,45.0,Ewa
2024-12-14 13:02:00,20.327251,45.0,Ewa
2024-12-14 13:31:00,20.693735,56.0,Ewa
2024-12-14 13:32:00,20.693735,56.0,Ewa
2024-12-14 14:01:00,20.693735,56.0,Ewa
2024-12-14 14:02:00,20.693735,56.0,Ewa
2024-12-14 14:31:00,16.485485,39.0,Ewa
2024-12-14 14:32:00,16.485485,39.0,Ewa
2024-12-14 15:01:00,16.485485,39.0,Ewa
2024-12-14 15:02:00,16.485485,39.0,Ewa
2024-12-14 15:31:00,19.400795,99.0,Ewa
2024-12-14 15:32:00,19.400795,99.0,Ewa
2024-12-14 16:01:00,19.400795,99.0,Ewa
2024-12-14 16:02:00,19.400795,99.0,Ewa
2024-12-14 16:31:00,20.871464,99.0,Ewa
2024-12-14 16:32:00,20.871464,99.0,Ewa
2024-12-14 17:01:00,20.871464,99.0,Ewa
2024-12-14 17:02:00,20.871464,99.0,Ewa
2024-12-14 17:31:00,19.017065,100.0,Ewa
2024-12-14 17:32:00,19.017065,100.0,Ewa
2024-12-14 18:01:00,19.017065,100.0,Ewa
2024-12-14 18:02:00,19.017065,100.0,Ewa
2024-12-14 18:31:00,18.076338,92.0,Ewa
2024-12-14 18:32:00,18.076338,92.0,Ewa
2024-12-14 19:01:00,18.076338,92.0,Ewa
2024-12-14 19:02:00,18.076338,92.0,Ewa
2024-12-14 19:31:00,17.381886,26.0,Ewa
2024-12-14 19:32:00,17.381886,26.0,Ewa
2024-12-14 20:01:00,17.381886,26.0,Ewa
2024-12-14 20:02:00,17.381886,26.0,Ewa
2024-12-14 20:31:00,15.702356,36.0,Ewa
2024-12-14 20:32:00,15.702356,36.0,Ewa
2024-12-14 21:01:00,15.702356,36.0,Ewa
2024-12-14 21:02:00,15.702356,36.0,Ewa
2024-12-14 21:31:00,14.813683,99.0,Ewa
2024-12-14 21:32:00,14.813683,99.0,Ewa
2024-12-14 22:01:00,14.813683,99.0,Ewa
2024-12-14 22:02:00,14.813683,99.0,Ewa
2024-12-14 22:31:00,17.280935,91.0,Ewa
2024-12-14 22:32:00,17.280935,91.0,Ewa
2024-12-14 23:01:00,17.280935,91.0,Ewa
2024-12-14 23:02:00,17.280935,91.0,Ewa
2024-12-14 23:31:00,15.256526,95.0,Ewa
2024-12-14 23:32:00,15.256526,95.0,Ewa
2024-12-15 00:01:00,15.256526,95.0,Ewa
2024-12-15 00:02:00,15.256526,95.0,Ewa
2024-12-15 00:31:00,16.854767,86.0,Ewa
2024-12-15 00:32:00,16.854767,86.0,Ewa
2024-12-15 01:01:00,16.854767,86.0,Ewa
2024-12-15 01:02:00,16.854767,86.0,Ewa
2024-12-15 01:31:00,15.91041,85.0,Ewa
2024-12-15 01:32:00,15.91041,85.0,Ewa
2024-12-15 02:01:00,15.91041,85.0,Ewa
2024-12-15 02:02:00,15.91041,85.0,Ewa
2024-12-15 02:31:00,15.086748,69.0,Ewa
2024-12-15 02:32:00,15.086748,69.0,Ewa
2024-12-15 03:01:00,15.086748,69.0,Ewa
2024-12-15 03:02:00,15.086748,69.0,Ewa
2024-12-15 03:31:00,13.504799,20.0,Ewa
2024-12-15 03:32:00,13.504799,20.0,Ewa
2024-12-15 04:01:00,13.504799,20.0,Ewa
2024-12-15 04:02:00,13.504799,20.0,Ewa
2024-12-15 04:31:00,13.54911,13.0,Ewa
2024-12-15 04:32:00,13.54911,13.0,Ewa
2024-12-15 05:01:00,13.54911,13.0,Ewa
2024-12-15 05:02:00,13.54911,13.0,Ewa
2024-12-15 05:31:00,13.590894,2.0,Ewa
2024-12-15 05:32:00,13.590894,2.0,Ewa
2024-12-15 06:01:00,13.590894,2.0,Ewa
2024-12-15 06:02:00,13.590894,2.0,Ewa
2024-12-15 06:31:00,14.192631,2.0,Ewa
2024-12-15 06:32:00,14.192631,2.0,Ewa
2024-12-15 07:01:00,14.192631,2.0,Ewa
2024-12-15 07:02:00,14.192631,2.0,Ewa
2024-12-15 07:31:00,13.849477,3.0,Ewa
2024-12-15 07:32:00,13.849477,3.0,Ewa
2024-12-15 08:01:00,13.849477,3.0,Ewa
2024-12-15 08:02:00,13.849477,3.0,Ewa
2024-12-15 08:31:00,15.281989,19.0,Ewa
2024-12-15 08:32:00,15.281989,19.0,Ewa
2024-12-15 09:01:00,15.281989,19.0,Ewa
2024-12-15 09:02:00,15.281989,19.0,Ewa
2024-12-15 09:31:00,21.567726,51.0,Ewa
2024-12-15 09:32:00,21.567726,51.0,Ewa
2024-12-15 10:01:00,21.567726,51.0,Ewa
2024-12-15 10:02:00,21.567726,51.0,Ewa
2024-12-15 10:31:00,22.033648,52.0,Ewa
2024-12-15 10:32:00,22.033648,52.0,Ewa
2024-12-15 11:01:00,22.033648,52.0,Ewa
2024-12-15 11:02:00,22.033648,52.0,Ewa
2024-12-15 11:31:00,21.791899,91.0,Ewa
2024-12-15 11:32:00,21.791899,91.0,Ewa
2024-12-15 12:01:00,21.791899,91.0,Ewa
2024-12-15 12:02:00,21.791899,91.0,Ewa
2024-12-15 12:31:00,22.033648,97.0,Ewa
2024-12-15 12:32:00,22.033648,97.0,Ewa
2024-12-15 13:01:00,22.033648,97.0,Ewa
2024-12-15 13:02:00,22.033648,97.0,Ewa
2024-12-15 13:31:00,21.219397,78.0,Ewa
2024-12-15 13:32:00,21.219397,78.0,Ewa
2024-12-15 14:01:00,21.219397,78.0,Ewa
2024-12-15 14:02:00,21.219397,78.0,Ewa
2024-12-15 14:31:00,17.46371,95.0,Ewa
2024-12-15 14:32:00,17.46371,95.0,Ewa
2024-12-15 15:01:00,17.46371,95.0,Ewa
2024-12-15 15:02:00,17.46371,95.0,Ewa
2024-12-15 15:31:00,17.280937,74.0,Ewa
2024-12-15 15:32:00,17.280937,74.0,Ewa
2024-12-15 16:01:00,17.280937,74.0,Ewa
2024-12-15 16:02:00,17.280937,74.0,Ewa
2024-12-15 16:31:00,16.770939,43.0,Ewa
2024-12-15 16:32:00,16.770939,43.0,Ewa
2024-12-15 17:01:00,16.770939,43.0,Ewa
2024-12-15 17:02:00,16.770939,43.0,Ewa
2024-12-15 17:31:00,14.1102085,35.0,Ewa
2024-12-15 17:32:00,14.1102085,35.0,Ewa
2024-12-15 18:01:00,14.1102085,35.0,Ewa
2024-12-15 18:02:00,14.1102085,35.0,Ewa
2024-12-15 18:31:00,10.484903,3.0,Ewa
2024-12-15 18:32:00,10.484903,3.0,Ewa
2024-12-15 19:01:00,10.484903,3.0,Ewa
2024-12-15 19:02:00,10.484903,3.0,Ewa
2024-12-15 19:31:00,9.292255,1.0,Ewa
2024-12-15 19:32:00,9.292255,1.0,Ewa
2024-12-15 20:01:00,9.292255,1.0,Ewa
2024-12-15 20:02:00,9.292255,1.0,Ewa
2024-12-15 20:31:00,12.413476,0.0,Ewa
2024-12-15 20:32:00,12.413476,0.0,Ewa
2024-12-15 21:01:00,12.413476,0.0,Ewa
2024-12-15 21:02:00,12.413476,0.0,Ewa
2024-12-15 21:31:00,13.842457,0.0,Ewa
2024-12-15 21:32:00,13.842457,0.0,Ewa
2024-12-15 22:01:00,13.842457,0.0,Ewa
2024-12-15 22:02:00,13.842457,0.0,Ewa
2024-12-15 22:31:00,13.948548,0.0,Ewa
2024-12-15 22:32:00,13.948548,0.0,Ewa
2024-12-15 23:01:00,13.948548,0.0,Ewa
2024-12-15 23:02:00,13.948548,0.0,Ewa
2024-12-15 23:31:00,13.379461,0.0,Ewa
2024-12-15 23:32:00,13.379461,0.0,Ewa
2024-12-16 00:01:00,13.379461,0.0,Ewa
2024-12-16 00:02:00,13.379461,0.0,Ewa
2024-12-16 00:31:00,10.962281,0.0,Ewa
2024-12-16 00:32:00,10.962281,0.0,Ewa
2024-12-16 01:01:00,10.962281,0.0,Ewa
2024-12-16 01:02:00,10.962281,0.0,Ewa
2024-12-16 01:31:00,10.285232,8.0,Ewa
2024-12-16 01:32:00,10.285232,8.0,Ewa
2024-12-16 02:01:00,10.285232,8.0,Ewa
2024-12-16 02:02:00,10.285232,8.0,Ewa
2024-12-16 02:31:00,5.994297,22.0,Ewa
2024-12-16 02:32:00,5.994297,22.0,Ewa
2024-12-16 03:01:00,5.994297,22.0,Ewa
2024-12-16 03:02:00,5.994297,22.0,Ewa
2024-12-16 03:31:00,5.509882,34.0,Ewa
2024-12-16 03:32:00,5.509882,34.0,Ewa
2024-12-16 04:01:00,5.509882,34.0,Ewa
2024-12-16 04:02:00,5.509882,34.0,Ewa
2024-12-16 04:31:00,6.3639607,49.0,Ewa
2024-12-16 04:32:00,6.3639607,49.0,Ewa
2024-12-16 05:01:00,6.3639607,49.0,Ewa
2024-12-16 05:02:00,6.3639607,49.0,Ewa
2024-12-16 05:31:00,7.0199995,58.0,Ewa
2024-12-16 05:32:00,7.0199995,58.0,Ewa
2024-12-16 06:01:00,7.0199995,58.0,Ewa
2024-12-16 06:02:00,7.0199995,58.0,Ewa
2024-12-16 06:31:00,6.5520988,64.0,Ewa
2024-12-16 06:32:00,6.5520988,64.0,Ewa
2024-12-16 07:01:00,6.5520988,64.0,Ewa
2024-12-16 07:02:00,6.5520988,64.0,Ewa
2024-12-16 07:31:00,6.5049515,0.0,Ewa
2024-12-16 07:32:00,6.5049515,0.0,Ewa
2024-12-16 08:01:00,6.5049515,0.0,Ewa
2024-12-16 08:02:00,6.5049515,0.0,Ewa
2024-12-16 08:31:00,3.8647635,0.0,Ewa
2024-12-16 08:32:00,3.8647635,0.0,Ewa
2024-12-16 09:01:00,3.8647635,0.0,Ewa
2024-12-16 09:02:00,3.8647635,0.0,Ewa
2024-12-16 09:31:00,0.54,0.0,Ewa
2024-12-16 09:32:00,0.54,0.0,Ewa
2024-12-16 10:01:00,0.54,0.0,Ewa
2024-12-16 10:02:00,0.54,0.0,Ewa
2024-12-16 10:31:00,4.1046314,1.0,Ewa
2024-12-16 10:32:00,4.1046314,1.0,Ewa
2024-12-16 11:01:00,4.1046314,1.0,Ewa
2024-12-16 11:02:00,4.1046314,1.0,Ewa
2024-12-16 11:31:00,8.909545,1.0,Ewa
2024-12-16 11:32:00,8.909545,1.0,Ewa
2024-12-16 12:01:00,8.909545,1.0,Ewa
2024-12-16 12:02:00,8.909545,1.0,Ewa
2024-12-16 12:31:00,12.738099,0.0,Ewa
2024-12-16 12:32:00,12.738099,0.0,Ewa
2024-12-16 13:01:00,12.738099,0.0,Ewa
2024-12-16 13:02:00,12.738099,0.0,Ewa
2024-12-16 13:31:00,12.13499,5.0,Ewa
2024-12-16 13:32:00,12.13499,5.0,Ewa
2024-12-16 14:01:00,12.13499,5.0,Ewa
2024-12-16 14:02:00,12.13499,5.0,Ewa
2024-12-16 14:31:00,10.837435,19.0,Ewa
2024-12-16 14:32:00,10.837435,19.0,Ewa
2024-12-16 15:01:00,10.837435,19.0,Ewa
2024-12-16 15:02:00,10.837435,19.0,Ewa
2024-12-16 15:31:00,11.334284,34.0,Ewa
2024-12-16 15:32:00,11.334284,34.0,Ewa
2024-12-16 16:01:00,11.334284,34.0,Ewa
2024-12-16 16:02:00,11.334284,34.0,Ewa
2024-12-16 16:31:00,10.9859,31.0,Ewa
2024-12-16 16:32:00,10.9859,31.0,Ewa
2024-12-16 17:01:00,10.9859,31.0,Ewa
2024-12-16 17:02:00,10.9859,31.0,Ewa
2024-12-16 17:31:00,9.914717,19.0,Ewa
2024-12-16 17:32:00,9.914717,19.0,Ewa
2024-12-16 18:01:00,9.914717,19.0,Ewa
2024-12-16 18:02:00,9.914717,19.0,Ewa
2024-12-16 18:31:00,8.155807,12.0,Ewa
2024-12-16 18:32:00,8.155807,12.0,Ewa
2024-12-16 19:01:00,8.155807,12.0,Ewa
2024-12-16 19:02:00,8.155807,12.0,Ewa
2024-12-16 19:31:00,6.9153743,0.0,Ewa
2024-12-16 19:32:00,6.9153743,0.0,Ewa
2024-12-16 20:01:00,6.9153743,0.0,Ewa
2024-12-16 20:02:00,6.9153743,0.0,Ewa
2024-12-16 20:31:00,3.710795,0.0,Ewa
2024-12-16 20:32:00,3.710795,0.0,Ewa
2024-12-16 21:01:00,3.710795,0.0,Ewa
2024-12-16 21:02:00,3.710795,0.0,Ewa
2024-12-16 21:31:00,2.8799999,35.0,Ewa
2024-12-16 21:32:00,2.8799999,35.0,Ewa
2024-12-16 22:01:00,2.8799999,35.0,Ewa
2024-12-16 22:02:00,2.8799999,35.0,Ewa
2024-12-16 22:31:00,2.4014995,13.0,Ewa
2024-12-16 22:32:00,2.4014995,13.0,Ewa
2024-12-16 23:01:00,2.4014995,13.0,Ewa
2024-12-16 23:02:00,2.4014995,13.0,Ewa
2024-12-16 23:31:00,3.189608,33.0,Ewa
2024-12-16 23:32:00,3.189608,33.0,Ewa
2024-12-17 00:01:00,3.189608,33.0,Ewa
2024-12-17 00:02:00,3.189608,33.0,Ewa
2024-12-17 00:31:00,3.244996,55.0,Ewa
2024-12-17 00:32:00,3.244996,55.0,Ewa
2024-12-17 01:01:00,3.244996,55.0,Ewa
2024-12-17 01:02:00,3.244996,55.0,Ewa
2024-12-17 01:31:00,3.381893,61.0,Ewa
2024-12-17 01:32:00,3.381893,61.0,Ewa
2024-12-17 02:01:00,3.381893,61.0,Ewa
2024-12-17 02:02:00,3.381893,61.0,Ewa
2024-12-17 02:31:00,4.952453,65.0,Ewa
2024-12-17 02:32:00,4.952453,65.0,Ewa
2024-12-17 03:01:00,4.952453,65.0,Ewa
2024-12-17 03:02:00,4.952453,65.0,Ewa
2024-12-17 03:31:00,5.2416787,63.0,Ewa
2024-12-17 03:32:00,5.2416787,63.0,Ewa
2024-12-17 04:01:00,5.2416787,63.0,Ewa
2024-12-17 04:02:00,5.2416787,63.0,Ewa
2024-12-17 04:31:00,3.9844694,66.0,Ewa
2024-12-17 04:32:00,3.9844694,66.0,Ewa
2024-12-17 05:01:00,3.9844694,66.0,Ewa
2024-12-17 05:02:00,3.9844694,66.0,Ewa
2024-12-17 05:31:00,2.8460498,49.0,Ewa
2024-12-17 05:32:00,2.8460498,49.0,Ewa
2024-12-17 06:01:00,2.8460498,49.0,Ewa
2024-12-17 06:02:00,2.8460498,49.0,Ewa
2024-12-17 06:31:00,3.362677,28.0,Ewa
2024-12-17 06:32:00,3.362677,28.0,Ewa
2024-12-17 07:01:00,3.362677,28.0,Ewa
2024-12-17 07:02:00,3.362677,28.0,Ewa
2024-12-17 07:31:00,3.9312592,0.0,Ewa
2024-12-17 07:32:00,3.9312592,0.0,Ewa
2024-12-17 08:01:00,3.9312592,0.0,Ewa
2024-12-17 08:02:00,3.9312592,0.0,Ewa
2024-12-17 08:31:00,1.2979984,2.0,Ewa
2024-12-17 08:32:00,1.2979984,2.0,Ewa
2024-12-17 09:01:00,1.2979984,2.0,Ewa
2024-12-17 09:02:00,1.2979984,2.0,Ewa
2024-12-17 09:31:00,3.9477081,15.0,Ewa
2024-12-17 09:32:00,3.9477081,15.0,Ewa
2024-12-17 10:01:00,3.9477081,15.0,Ewa
2024-12-17 10:02:00,3.9477081,15.0,Ewa
2024-12-17 10:31:00,4.3498964,5.0,Ewa
2024-12-17 10:32:00,4.3498964,5.0,Ewa
2024-12-17 11:01:00,4.3498964,5.0,Ewa
2024-12-17 11:02:00,4.3498964,5.0,Ewa
2024-12-17 11:31:00,5.2478566,2.0,Ewa
2024-12-17 11:32:00,5.2478566,2.0,Ewa
2024-12-17 12:01:00,5.2478566,2.0,Ewa
2024-12-17 12:02:00,5.2478566,2.0,Ewa
2024-12-17 12:31:00,5.728979,0.0,Ewa
2024-12-17 12:32:00,5.728979,0.0,Ewa
2024-12-17 13:01:00,5.728979,0.0,Ewa
2024-12-17 13:02:00,5.728979,0.0,Ewa
2024-12-17 13:31:00,8.528657,4.0,Ewa
2024-12-17 13:32:00,8.528657,4.0,Ewa
2024-12-17 14:01:00,8.528657,4.0,Ewa
2024-12-17 14:02:00,8.528657,4.0,Ewa
2024-12-17 14:31:00,11.246759,38.0,Ewa
2024-12-17 14:32:00,11.246759,38.0,Ewa
2024-12-17 15:01:00,11.246759,38.0,Ewa
2024-12-17 15:02:00,11.246759,38.0,Ewa
2024-12-17 15:31:00,9.826088,35.0,Ewa
2024-12-17 15:32:00,9.826088,35.0,Ewa
2024-12-17 16:01:00,9.826088,35.0,Ewa
2024-12-17 16:02:00,9.826088,35.0,Ewa
2024-12-17 16:31:00,7.0038276,1.0,Ewa
2024-12-17 16:32:00,7.0038276,1.0,Ewa
2024-12-17 17:01:00,7.0038276,1.0,Ewa
2024-12-17 17:02:00,7.0038276,1.0,Ewa
2024-12-17 17:31:00,5.5596404,0.0,Ewa
2024-12-17 17:32:00,5.5596404,0.0,Ewa
2024-12-17 18:01:00,5.5596404,0.0,Ewa
2024-12-17 18:02:00,5.5596404,0.0,Ewa
2024-12-17 18:31:00,4.8366103,0.0,Ewa
2024-12-17 18:32:00,4.8366103,0.0,Ewa
2024-12-17 19:01:00,4.8366103,0.0,Ewa
2024-12-17 19:02:00,4.8366103,0.0,Ewa
2024-12-17 19:31:00,4.991553,4.0,Ewa
2024-12-17 19:32:00,4.991553,4.0,Ewa
2024-12-17 20:01:00,4.991553,4.0,Ewa
2024-12-17 20:02:00,4.991553,4.0,Ewa
2024-12-17 20:31:00,4.7928696,8.0,Ewa
2024-12-17 20:32:00,4.7928696,8.0,Ewa
2024-12-17 21:01:00,4.7928696,8.0,Ewa
2024-12-17 21:02:00,4.7928696,8.0,Ewa
2024-12-17 21:31:00,1.2979984,1.0,Ewa
2024-12-17 21:32:00,1.2979984,1.0,Ewa
2024-12-17 22:01:00,1.2979984,1.0,Ewa
2024-12-17 22:02:00,1.2979984,1.0,Ewa
2024-12-17 22:31:00,0.40249225,5.0,Ewa
2024-12-17 22:32:00,0.40249225,5.0,Ewa
2024-12-17 23:01:00,0.40249225,5.0,Ewa
2024-12-17 23:02:00,0.40249225,5.0,Ewa
2024-12-17 23:31:00,0.8049845,17.0,Ewa
2024-12-17 23:32:00,0.8049845,17.0,Ewa
2024-12-18 00:01:00,0.8049845,17.0,Ewa
2024-12-18 00:02:00,0.8049845,17.0,Ewa
2024-12-18 00:31:00,1.835647,41.0,Ewa
2024-12-18 00:32:00,1.835647,41.0,Ewa
2024-12-18 01:01:00,1.835647,41.0,Ewa
2024-12-18 01:02:00,1.835647,41.0,Ewa
2024-12-18 01:31:00,2.0523157,39.0,Ewa
2024-12-18 01:32:00,2.0523157,39.0,Ewa
2024-12-18 02:01:00,2.0523157,39.0,Ewa
2024-12-18 02:02:00,2.0523157,39.0,Ewa
2024-12-18 02:31:00,4.379589,47.0,Ewa
2024-12-18 02:32:00,4.379589,47.0,Ewa
2024-12-18 03:01:00,4.379589,47.0,Ewa
2024-12-18 03:02:00,4.379589,47.0,Ewa
2024-12-18 03:31:00,4.8733153,62.0,Ewa
2024-12-18 03:32:00,4.8733153,62.0,Ewa
2024-12-18 04:01:00,4.8733153,62.0,Ewa
2024-12-18 04:02:00,4.8733153,62.0,Ewa
2024-12-18 04:31:00,4.5322843,54.0,Ewa
2024-12-18 04:32:00,4.5322843,54.0,Ewa
2024-12-18 05:01:00,4.5322843,54.0,Ewa
2024-12-18 05:02:00,4.5322843,54.0,Ewa
2024-12-18 05:31:00,3.0811036,59.0,Ewa
2024-12-18 05:32:00,3.0811036,59.0,Ewa
2024-12-18 06:01:00,3.0811036,59.0,Ewa
2024-12-18 06:02:00,3.0811036,59.0,Ewa
2024-12-18 06:31:00,1.5379207,99.0,Ewa
2024-12-18 06:32:00,1.5379207,99.0,Ewa
2024-12-18 07:01:00,1.5379207,99.0,Ewa
2024-12-18 07:02:00,1.5379207,99.0,Ewa
2024-12-18 07:31:00,2.8001428,100.0,Ewa
2024-12-18 07:32:00,2.8001428,100.0,Ewa
2024-12-18 08:01:00,2.8001428,100.0,Ewa
2024-12-18 08:02:00,2.8001428,100.0,Ewa
2024-12-18 08:31:00,3.319036,43.0,Ewa
2024-12-18 08:32:00,3.319036,43.0,Ewa
2024-12-18 09:01:00,3.319036,43.0,Ewa
2024-12-18 09:02:00,3.319036,43.0,Ewa
2024-12-18 09:31:00,7.24486,46.0,Ewa
2024-12-18 09:32:00,7.24486,46.0,Ewa
2024-12-18 10:01:00,7.24486,46.0,Ewa
2024-12-18 10:02:00,7.24486,46.0,Ewa
2024-12-18 10:31:00,7.570707,28.0,Ewa
2024-12-18 10:32:00,7.570707,28.0,Ewa
2024-12-18 11:01:00,7.570707,28.0,Ewa
2024-12-18 11:02:00,7.570707,28.0,Ewa
2024-12-18 11:31:00,6.5024605,43.0,Ewa
2024-12-18 11:32:00,6.5024605,43.0,Ewa
2024-12-18 12:01:00,6.5024605,43.0,Ewa
2024-12-18 12:02:00,6.5024605,43.0,Ewa
2024-12-18 12:31:00,7.689603,36.0,Ewa
2024-12-18 12:32:00,7.689603,36.0,Ewa
2024-12-18 13:01:00,7.689603,36.0,Ewa
2024-12-18 13:02:00,7.689603,36.0,Ewa
2024-12-18 13:31:00,10.018743,5.0,Ewa
2024-12-18 13:32:00,10.018743,5.0,Ewa
2024-12-18 14:01:00,10.018743,5.0,Ewa
2024-12-18 14:02:00,10.018743,5.0,Ewa
2024-12-18 14:31:00,11.161451,3.0,Ewa
2024-12-18 14:32:00,11.161451,3.0,Ewa
2024-12-18 15:01:00,11.161451,3.0,Ewa
2024-12-18 15:02:00,11.161451,3.0,Ewa
2024-12-18 15:31:00,10.120099,2.0,Ewa
2024-12-18 15:32:00,10.120099,2.0,Ewa
2024-12-18 16:01:00,10.120099,2.0,Ewa
2024-12-18 16:02:00,10.120099,2.0,Ewa
2024-12-18 16:31:00,7.995323,5.0,Ewa
2024-12-18 16:32:00,7.995323,5.0,Ewa
2024-12-18 17:01:00,7.995323,5.0,Ewa
2024-12-18 17:02:00,7.995323,5.0,Ewa
2024-12-18 17:31:00,7.072878,3.0,Ewa
2024-12-18 17:32:00,7.072878,3.0,Ewa
2024-12-18 18:01:00,7.072878,3.0,Ewa
2024-12-18 18:02:00,7.072878,3.0,Ewa
2024-12-18 18:31:00,5.5916004,5.0,Ewa
2024-12-18 18:32:00,5.5916004,5.0,Ewa
2024-12-18 19:01:00,5.5916004,5.0,Ewa
2024-12-18 19:02:00,5.5916004,5.0,Ewa
2024-12-18 19:31:00,4.14,21.0,Ewa
2024-12-18 19:32:00,4.14,21.0,Ewa
2024-12-18 20:01:00,4.14,21.0,Ewa
2024-12-18 20:02:00,4.14,21.0,Ewa
2024-12-18 20:31:00,3.2846913,36.0,Ewa
2024-12-18 20:32:00,3.2846913,36.0,Ewa
2024-12-18 21:01:00,3.2846913,36.0,Ewa
2024-12-18 21:02:00,3.2846913,36.0,Ewa
2024-12-18 21:31:00,3.3092597,38.0,Ewa
2024-12-18 21:32:00,3.3092597,38.0,Ewa
2024-12-18 22:01:00,3.3092597,38.0,Ewa
2024-12-18 22:02:00,3.3092597,38.0,Ewa
2024-12-18 22:31:00,4.5,35.0,Ewa
2024-12-18 22:32:00,4.5,35.0,Ewa
2024-12-18 23:01:00,4.5,35.0,Ewa
2024-12-18 23:02:00,4.5,35.0,Ewa
2024-12-18 23:31:00,6.6624317,33.0,Ewa
2024-12-18 23:32:00,6.6624317,33.0,Ewa
2024-12-19 00:01:00,6.6624317,33.0,Ewa
2024-12-19 00:02:00,6.6624317,33.0,Ewa
2024-12-19 00:31:00,4.91634,29.0,Ewa
2024-12-19 00:32:00,4.91634,29.0,Ewa
2024-12-19 01:01:00,4.91634,29.0,Ewa
2024-12-19 01:02:00,4.91634,29.0,Ewa
2024-12-19 01:31:00,4.7521367,40.0,Ewa
2024-12-19 01:32:00,4.7521367,40.0,Ewa
2024-12-19 02:01:00,4.7521367,40.0,Ewa
2024-12-19 02:02:00,4.7521367,40.0,Ewa
2024-12-19 02:31:00,3.7842832,33.0,Ewa
2024-12-19 02:32:00,3.7842832,33.0,Ewa
2024-12-19 03:01:00,3.7842832,33.0,Ewa
2024-12-19 03:02:00,3.7842832,33.0,Ewa
2024-12-19 03:31:00,3.536439,53.0,Ewa
2024-12-19 03:32:00,3.536439,53.0,Ewa
2024-12-19 04:01:00,3.536439,53.0,Ewa
2024-12-19 04:02:00,3.536439,53.0,Ewa
2024-12-19 04:31:00,1.5484185,69.0,Ewa
2024-12-19 04:32:00,1.5484185,69.0,Ewa
2024-12-19 05:01:00,1.5484185,69.0,Ewa
2024-12-19 05:02:00,1.5484185,69.0,Ewa
2024-12-19 05:31:00,2.3469129,69.0,Ewa
2024-12-19 05:32:00,2.3469129,69.0,Ewa
2024-12-19 06:01:00,2.3469129,69.0,Ewa
2024-12-19 06:02:00,2.3469129,69.0,Ewa
2024-12-19 06:31:00,3.7064266,73.0,Ewa
2024-12-19 06:32:00,3.7064266,73.0,Ewa
2024-12-19 07:01:00,3.7064266,73.0,Ewa
2024-12-19 07:02:00,3.7064266,73.0,Ewa
2024-12-19 07:31:00,5.315336,18.0,Ewa
2024-12-19 07:32:00,5.315336,18.0,Ewa
2024-12-19 08:01:00,5.315336,18.0,Ewa
2024-12-19 08:02:00,5.315336,18.0,Ewa
2024-12-19 08:31:00,3.4763772,11.0,Ewa
2024-12-19 08:32:00,3.4763772,11.0,Ewa
2024-12-19 09:01:00,3.4763772,11.0,Ewa
2024-12-19 09:02:00,3.4763772,11.0,Ewa
2024-12-19 09:31:00,3.9312592,39.0,Ewa
2024-12-19 09:32:00,3.9312592,39.0,Ewa
2024-12-19 10:01:00,3.9312592,39.0,Ewa
2024-12-19 10:02:00,3.9312592,39.0,Ewa
2024-12-19 10:31:00,8.217153,63.0,Ewa
2024-12-19 10:32:00,8.217153,63.0,Ewa
2024-12-19 11:01:00,8.217153,63.0,Ewa
2024-12-19 11:02:00,8.217153,63.0,Ewa
2024-12-19 11:31:00,10.8672905,43.0,Ewa
2024-12-19 11:32:00,10.8672905,43.0,Ewa
2024-12-19 12:01:00,10.8672905,43.0,Ewa
2024-12-19 12:02:00,10.8672905,43.0,Ewa
2024-12-19 12:31:00,11.103243,54.0,Ewa
2024-12-19 12:32:00,11.103243,54.0,Ewa
2024-12-19 13:01:00,11.103243,54.0,Ewa
2024-12-19 13:02:00,11.103243,54.0,Ewa
2024-12-19 13:31:00,12.9249525,43.0,Ewa
2024-12-19 13:32:00,12.9249525,43.0,Ewa
2024-12-19 14:01:00,12.9249525,43.0,Ewa
2024-12-19 14:02:00,12.9249525,43.0,Ewa
2024-12-19 14:31:00,11.578912,50.0,Ewa
2024-12-19 14:32:00,11.578912,50.0,Ewa
2024-12-19 15:01:00,11.578912,50.0,Ewa
2024-12-19 15:02:00,11.578912,50.0,Ewa
2024-12-19 15:31:00,9.346143,37.0,Ewa
2024-12-19 15:32:00,9.346143,37.0,Ewa
2024-12-19 16:01:00,9.346143,37.0,Ewa
2024-12-19 16:02:00,9.346143,37.0,Ewa
2024-12-19 16:31:00,8.209263,98.0,Ewa
2024-12-19 16:32:00,8.209263,98.0,Ewa
2024-12-19 17:01:00,8.209263,98.0,Ewa
2024-12-19 17:02:00,8.209263,98.0,Ewa
2024-12-19 17:31:00,5.3699164,74.0,Ewa
2024-12-19 17:32:00,5.3699164,74.0,Ewa
2024-12-19 18:01:00,5.3699164,74.0,Ewa
2024-12-19 18:02:00,5.3699164,74.0,Ewa
2024-12-19 18:31:00,4.829907,100.0,Ewa
2024-12-19 18:32:00,4.829907,100.0,Ewa
2024-12-19 19:01:00,4.829907,100.0,Ewa
2024-12-19 19:02:00,4.829907,100.0,Ewa
2024-12-19 19:31:00,8.9873905,88.0,Ewa
2024-12-19 19:32:00,8.9873905,88.0,Ewa
2024-12-19 20:01:00,8.9873905,88.0,Ewa
2024-12-19 20:02:00,8.9873905,88.0,Ewa
2024-12-19 20:31:00,5.983477,100.0,Ewa
2024-12-19 20:32:00,5.983477,100.0,Ewa
2024-12-19 21:01:00,5.983477,100.0,Ewa
2024-12-19 21:02:00,5.983477,100.0,Ewa
2024-12-19 21:31:00,5.983477,36.0,Ewa
2024-12-19 21:32:00,5.983477,36.0,Ewa
2024-12-19 22:01:00,5.983477,36.0,Ewa
2024-12-19 22:02:00,5.983477,36.0,Ewa
2024-12-19 22:31:00,5.3939967,23.0,Ewa
2024-12-19 22:32:00,5.3939967,23.0,Ewa
2024-12-19 23:01:00,5.3939967,23.0,Ewa
2024-12-19 23:02:00,5.3939967,23.0,Ewa
2024-12-19 23:31:00,5.068846,27.0,Ewa
2024-12-19 23:32:00,5.068846,27.0,Ewa
2024-12-20 00:01:00,5.068846,27.0,Ewa
2024-12-20 00:02:00,5.068846,27.0,Ewa
2024-12-20 00:31:00,3.396233,23.0,Ewa
2024-12-20 00:32:00,3.396233,23.0,Ewa
2024-12-20 01:01:00,3.396233,23.0,Ewa
2024-12-20 01:02:00,3.396233,23.0,Ewa
2024-12-20 01:31:00,5.072041,34.0,Ewa
2024-12-20 01:32:00,5.072041,34.0,Ewa
2024-12-20 02:01:00,5.072041,34.0,Ewa
2024-12-20 02:02:00,5.072041,34.0,Ewa
2024-12-20 02:31:00,4.1556225,24.0,Ewa
2024-12-20 02:32:00,4.1556225,24.0,Ewa
2024-12-20 03:01:00,4.1556225,24.0,Ewa
2024-12-20 03:02:00,4.1556225,24.0,Ewa
2024-12-20 03:31:00,4.2021427,17.0,Ewa
2024-12-20 03:32:00,4.2021427,17.0,Ewa
2024-12-20 04:01:00,4.2021427,17.0,Ewa
2024-12-20 04:02:00,4.2021427,17.0,Ewa
2024-12-20 04:31:00,5.3517847,28.0,Ewa
2024-12-20 04:32:00,5.3517847,28.0,Ewa
2024-12-20 05:01:00,5.3517847,28.0,Ewa
2024-12-20 05:02:00,5.3517847,28.0,Ewa
2024-12-20 05:31:00,6.439876,63.0,Ewa
2024-12-20 05:32:00,6.439876,63.0,Ewa
2024-12-20 06:01:00,6.439876,63.0,Ewa
2024-12-20 06:02:00,6.439876,63.0,Ewa
2024-12-20 06:31:00,6.1569467,88.0,Ewa
2024-12-20 06:32:00,6.1569467,88.0,Ewa
2024-12-20 07:01:00,6.1569467,88.0,Ewa
2024-12-20 07:02:00,6.1569467,88.0,Ewa
2024-12-20 07:31:00,5.5567255,17.0,Ewa
2024-12-20 07:32:00,5.5567255,17.0,Ewa
2024-12-20 08:01:00,5.5567255,17.0,Ewa
2024-12-20 08:02:00,5.5567255,17.0,Ewa
2024-12-20 08:31:00,2.8116899,21.0,Ewa
2024-12-20 08:32:00,2.8116899,21.0,Ewa
2024-12-20 09:01:00,2.8116899,21.0,Ewa
2024-12-20 09:02:00,2.8116899,21.0,Ewa
2024-12-20 09:31:00,3.06,30.0,Ewa
2024-12-20 09:32:00,3.06,30.0,Ewa
2024-12-20 10:01:00,3.06,30.0,Ewa
2024-12-20 10:02:00,3.06,30.0,Ewa
2024-12-20 10:31:00,5.8048253,27.0,Ewa
2024-12-20 10:32:00,5.8048253,27.0,Ewa
2024-12-20 11:01:00,5.8048253,27.0,Ewa
2024-12-20 11:02:00,5.8048253,27.0,Ewa
2024-12-20 11:31:00,10.9859,44.0,Ewa
2024-12-20 11:32:00,10.9859,44.0,Ewa
2024-12-20 12:01:00,10.9859,44.0,Ewa
2024-12-20 12:02:00,10.9859,44.0,Ewa
2024-12-20 12:31:00,12.24,41.0,Ewa
2024-12-20 12:32:00,12.24,41.0,Ewa
2024-12-20 13:01:00,12.24,41.0,Ewa
2024-12-20 13:02:00,12.24,41.0,Ewa
2024-12-20 13:31:00,9.195868,25.0,Ewa
2024-12-20 13:32:00,9.195868,25.0,Ewa
2024-12-20 14:01:00,9.195868,25.0,Ewa
2024-12-20 14:02:00,9.195868,25.0,Ewa
2024-12-20 14:31:00,8.55142,51.0,Ewa
2024-12-20 14:32:00,8.55142,51.0,Ewa
2024-12-20 15:01:00,8.55142,51.0,Ewa
2024-12-20 15:02:00,8.55142,51.0,Ewa
2024-12-20 15:31:00,8.027678,57.0,Ewa
2024-12-20 15:32:00,8.027678,57.0,Ewa
2024-12-20 16:01:00,8.027678,57.0,Ewa
2024-12-20 16:02:00,8.027678,57.0,Ewa
2024-12-20 16:31:00,7.186487,30.0,Ewa
2024-12-20 16:32:00,7.186487,30.0,Ewa
2024-12-20 17:01:00,7.186487,30.0,Ewa
2024-12-20 17:02:00,7.186487,30.0,Ewa
2024-12-20 17:31:00,5.771239,42.0,Ewa
2024-12-20 17:32:00,5.771239,42.0,Ewa
2024-12-20 18:01:00,5.771239,42.0,Ewa
2024-12-20 18:02:00,5.771239,42.0,Ewa
2024-12-20 18:31:00,2.8460495,7.0,Ewa
2024-12-20 18:32:00,2.8460495,7.0,Ewa
2024-12-20 19:01:00,2.8460495,7.0,Ewa
2024-12-20 19:02:00,2.8460495,7.0,Ewa
2024-12-20 19:31:00,2.0124612,9.0,Ewa
2024-12-20 19:32:00,2.0124612,9.0,Ewa
2024-12-20 20:01:00,2.0124612,9.0,Ewa
2024-12-20 20:02:00,2.0124612,9.0,Ewa
2024-12-20 20:31:00,4.599695,8.0,Ewa
2024-12-20 20:32:00,4.599695,8.0,Ewa
2024-12-20 21:01:00,4.599695,8.0,Ewa
2024-12-20 21:02:00,4.599695,8.0,Ewa
2024-12-20 21:31:00,6.603817,45.0,Ewa
2024-12-20 21:32:00,6.603817,45.0,Ewa
2024-12-20 22:01:00,6.603817,45.0,Ewa
2024-12-20 22:02:00,6.603817,45.0,Ewa
2024-12-20 22:31:00,6.4323244,5.0,Ewa
2024-12-20 22:32:00,6.4323244,5.0,Ewa
2024-12-20 23:01:00,6.4323244,5.0,Ewa
2024-12-20 23:02:00,6.4323244,5.0,Ewa
2024-12-20 23:31:00,5.315336,3.0,Ewa
2024-12-20 23:32:00,5.315336,3.0,Ewa
2024-12-21 00:01:00,5.315336,3.0,Ewa
2024-12-21 00:02:00,5.315336,3.0,Ewa
2024-12-21 00:31:00,4.4565907,25.0,Ewa
2024-12-21 00:32:00,4.4565907,25.0,Ewa
2024-12-21 01:01:00,4.4565907,25.0,Ewa
2024-12-21 01:02:00,4.4565907,25.0,Ewa
2024-12-21 01:31:00,3.550155,35.0,Ewa
2024-12-21 01:32:00,3.550155,35.0,Ewa
2024-12-21 02:01:00,3.550155,35.0,Ewa
2024-12-21 02:02:00,3.550155,35.0,Ewa
2024-12-21 02:31:00,3.01735,63.0,Ewa
2024-12-21 02:32:00,3.01735,63.0,Ewa
2024-12-21 03:01:00,3.01735,63.0,Ewa
2024-12-21 03:02:00,3.01735,63.0,Ewa
2024-12-21 03:31:00,3.0811036,65.0,Ewa
2024-12-21 03:32:00,3.0811036,65.0,Ewa
2024-12-21 04:01:00,3.0811036,65.0,Ewa
2024-12-21 04:02:00,3.0811036,65.0,Ewa
2024-12-21 04:31:00,2.7534704,64.0,Ewa
2024-12-21 04:32:00,2.7534704,64.0,Ewa
2024-12-21 05:01:00,2.7534704,64.0,Ewa
2024-12-21 05:02:00,2.7534704,64.0,Ewa
2024-12-21 05:31:00,2.4482646,67.0,Ewa
2024-12-21 05:32:00,2.4482646,67.0,Ewa
2024-12-21 06:01:00,2.4482646,67.0,Ewa
2024-12-21 06:02:00,2.4482646,67.0,Ewa
2024-12-21 06:31:00,2.5455842,65.0,Ewa
2024-12-21 06:32:00,2.5455842,65.0,Ewa
2024-12-21 07:01:00,2.5455842,65.0,Ewa
2024-12-21 07:02:00,2.5455842,65.0,Ewa
2024-12-21 07:31:00,2.6999998,4.0,Ewa
2024-12-21 07:32:00,2.6999998,4.0,Ewa
2024-12-21 08:01:00,2.6999998,4.0,Ewa
2024-12-21 08:02:00,2.6999998,4.0,Ewa
2024-12-21 08:31:00,2.19718,4.0,Ewa
2024-12-21 08:32:00,2.19718,4.0,Ewa
2024-12-21 09:01:00,2.19718,4.0,Ewa
2024-12-21 09:02:00,2.19718,4.0,Ewa
2024-12-21 09:31:00,2.9522195,7.0,Ewa
2024-12-21 09:32:00,2.9522195,7.0,Ewa
2024-12-21 10:01:00,2.9522195,7.0,Ewa
2024-12-21 10:02:00,2.9522195,7.0,Ewa
2024-12-21 10:31:00,5.8104043,31.0,Ewa
2024-12-21 10:32:00,5.8104043,31.0,Ewa
2024-12-21 11:01:00,5.8104043,31.0,Ewa
2024-12-21 11:02:00,5.8104043,31.0,Ewa
2024-12-21 11:31:00,10.674773,59.0,Ewa
2024-12-21 11:32:00,10.674773,59.0,Ewa
2024-12-21 12:01:00,10.674773,59.0,Ewa
2024-12-21 12:02:00,10.674773,59.0,Ewa
2024-12-21 12:31:00,14.24163,19.0,Ewa
2024-12-21 12:32:00,14.24163,19.0,Ewa
2024-12-21 13:01:00,14.24163,19.0,Ewa
2024-12-21 13:02:00,14.24163,19.0,Ewa
2024-12-21 13:31:00,13.644427,39.0,Ewa
2024-12-21 13:32:00,13.644427,39.0,Ewa
2024-12-21 14:01:00,13.644427,39.0,Ewa
2024-12-21 14:02:00,13.644427,39.0,Ewa
2024-12-21 14:31:00,13.049689,47.0,Ewa
2024-12-21 14:32:00,13.049689,47.0,Ewa
2024-12-21 15:01:00,13.049689,47.0,Ewa
2024-12-21 15:02:00,13.049689,47.0,Ewa
2024-12-21 15:31:00,10.144082,41.0,Ewa
2024-12-21 15:32:00,10.144082,41.0,Ewa
2024-12-21 16:01:00,10.144082,41.0,Ewa
2024-12-21 16:02:00,10.144082,41.0,Ewa
2024-12-21 16:31:00,9.220499,45.0,Ewa
2024-12-21 16:32:00,9.220499,45.0,Ewa
2024-12-21 17:01:00,9.220499,45.0,Ewa
2024-12-21 17:02:00,9.220499,45.0,Ewa
2024-12-21 17:31:00,6.7757506,14.0,Ewa
2024-12-21 17:32:00,6.7757506,14.0,Ewa
2024-12-21 18:01:00,6.7757506,14.0,Ewa
2024-12-21 18:02:00,6.7757506,14.0,Ewa
2024-12-21 18:31:00,3.3481934,0.0,Ewa
2024-12-21 18:32:00,3.3481934,0.0,Ewa
2024-12-21 19:01:00,3.3481934,0.0,Ewa
2024-12-21 19:02:00,3.3481934,0.0,Ewa
2024-12-21 19:31:00,0.5091169,0.0,Ewa
2024-12-21 19:32:00,0.5091169,0.0,Ewa
2024-12-21 20:01:00,0.5091169,0.0,Ewa
2024-12-21 20:02:00,0.5091169,0.0,Ewa
2024-12-21 20:31:00,0.742159,0.0,Ewa
2024-12-21 20:32:00,0.742159,0.0,Ewa
2024-12-21 21:01:00,0.742159,0.0,Ewa
2024-12-21 21:02:00,0.742159,0.0,Ewa
2024-12-21 21:31:00,1.1384199,0.0,Ewa
2024-12-21 21:32:00,1.1384199,0.0,Ewa
2024-12-21 22:01:00,1.1384199,0.0,Ewa
2024-12-21 22:02:00,1.1384199,0.0,Ewa
2024-12-21 22:31:00,1.0182338,0.0,Ewa
2024-12-21 22:32:00,1.0182338,0.0,Ewa
2024-12-21 23:01:00,1.0182338,0.0,Ewa
2024-12-21 23:02:00,1.0182338,0.0,Ewa
2024-12-21 23:31:00,1.2074767,1.0,Ewa
2024-12-21 23:32:00,1.2074767,1.0,Ewa
2024-12-22 00:01:00,1.2074767,1.0,Ewa
2024-12-22 00:02:00,1.2074767,1.0,Ewa
2024-12-22 00:31:00,1.7076298,15.0,Ewa
2024-12-22 00:32:00,1.7076298,15.0,Ewa
2024-12-22 01:01:00,1.7076298,15.0,Ewa
2024-12-22 01:02:00,1.7076298,15.0,Ewa
2024-12-22 01:31:00,2.16,37.0,Ewa
2024-12-22 01:32:00,2.16,37.0,Ewa
2024-12-22 02:01:00,2.16,37.0,Ewa
2024-12-22 02:02:00,2.16,37.0,Ewa
2024-12-22 02:31:00,4.278551,7.0,Ewa
2024-12-22 02:32:00,4.278551,7.0,Ewa
2024-12-22 03:01:00,4.278551,7.0,Ewa
2024-12-22 03:02:00,4.278551,7.0,Ewa
2024-12-22 03:31:00,5.0432134,17.0,Ewa
2024-12-22 03:32:00,5.0432134,17.0,Ewa
2024-12-22 04:01:00,5.0432134,17.0,Ewa
2024-12-22 04:02:00,5.0432134,17.0,Ewa
2024-12-22 04:31:00,5.7628117,16.0,Ewa
2024-12-22 04:32:00,5.7628117,16.0,Ewa
2024-12-22 05:01:00,5.7628117,16.0,Ewa
2024-12-22 05:02:00,5.7628117,16.0,Ewa
2024-12-22 05:31:00,3.9763298,35.0,Ewa
2024-12-22 05:32:00,3.9763298,35.0,Ewa
2024-12-22 06:01:00,3.9763298,35.0,Ewa
2024-12-22 06:02:00,3.9763298,35.0,Ewa
2024-12-22 06:31:00,3.8141315,52.0,Ewa
2024-12-22 06:32:00,3.8141315,52.0,Ewa
2024-12-22 07:01:00,3.8141315,52.0,Ewa
2024-12-22 07:02:00,3.8141315,52.0,Ewa
2024-12-22 07:31:00,5.904439,2.0,Ewa
2024-12-22 07:32:00,5.904439,2.0,Ewa
2024-12-22 08:01:00,5.904439,2.0,Ewa
2024-12-22 08:02:00,5.904439,2.0,Ewa
2024-12-22 08:31:00,2.36753,0.0,Ewa
2024-12-22 08:32:00,2.36753,0.0,Ewa
2024-12-22 09:01:00,2.36753,0.0,Ewa
2024-12-22 09:02:00,2.36753,0.0,Ewa
2024-12-22 09:31:00,2.7534704,0.0,Ewa
2024-12-22 09:32:00,2.7534704,0.0,Ewa
2024-12-22 10:01:00,2.7534704,0.0,Ewa
2024-12-22 10:02:00,2.7534704,0.0,Ewa
2024-12-22 10:31:00,3.8141315,15.0,Ewa
2024-12-22 10:32:00,3.8141315,15.0,Ewa
2024-12-22 11:01:00,3.8141315,15.0,Ewa
2024-12-22 11:02:00,3.8141315,15.0,Ewa
2024-12-22 11:31:00,7.519175,53.0,Ewa
2024-12-22 11:32:00,7.519175,53.0,Ewa
2024-12-22 12:01:00,7.519175,53.0,Ewa
2024-12-22 12:02:00,7.519175,53.0,Ewa
2024-12-22 12:31:00,14.835537,14.0,Ewa
2024-12-22 12:32:00,14.835537,14.0,Ewa
2024-12-22 13:01:00,14.835537,14.0,Ewa
2024-12-22 13:02:00,14.835537,14.0,Ewa
2024-12-22 13:31:00,12.88981,11.0,Ewa
2024-12-22 13:32:00,12.88981,11.0,Ewa
2024-12-22 14:01:00,12.88981,11.0,Ewa
2024-12-22 14:02:00,12.88981,11.0,Ewa
2024-12-22 14:31:00,15.561414,14.0,Ewa
2024-12-22 14:32:00,15.561414,14.0,Ewa
2024-12-22 15:01:00,15.561414,14.0,Ewa
2024-12-22 15:02:00,15.561414,14.0,Ewa
2024-12-22 15:31:00,16.03213,33.0,Ewa
2024-12-22 15:32:00,16.03213,33.0,Ewa
2024-12-22 16:01:00,16.03213,33.0,Ewa
2024-12-22 16:02:00,16.03213,33.0,Ewa
2024-12-22 16:31:00,11.722133,27.0,Ewa
2024-12-22 16:32:00,11.722133,27.0,Ewa
2024-12-22 17:01:00,11.722133,27.0,Ewa
2024-12-22 17:02:00,11.722133,27.0,Ewa
2024-12-22 17:31:00,8.373386,10.0,Ewa
2024-12-22 17:32:00,8.373386,10.0,Ewa
2024-12-22 18:01:00,8.373386,10.0,Ewa
2024-12-22 18:02:00,8.373386,10.0,Ewa
2024-12-22 18:31:00,11.440979,8.0,Ewa
2024-12-22 18:32:00,11.440979,8.0,Ewa
2024-12-22 19:01:00,11.440979,8.0,Ewa
2024-12-22 19:02:00,11.440979,8.0,Ewa
2024-12-22 19:31:00,9.984729,4.0,Ewa
2024-12-22 19:32:00,9.984729,4.0,Ewa
2024-12-22 20:01:00,9.984729,4.0,Ewa
2024-12-22 20:02:00,9.984729,4.0,Ewa
2024-12-22 20:31:00,9.432412,6.0,Ewa
2024-12-22 20:32:00,9.432412,6.0,Ewa
2024-12-22 21:01:00,9.432412,6.0,Ewa
2024-12-22 21:02:00,9.432412,6.0,Ewa
2024-12-22 21:31:00,8.161764,5.0,Ewa
2024-12-22 21:32:00,8.161764,5.0,Ewa
2024-12-22 22:01:00,8.161764,5.0,Ewa
2024-12-22 22:02:00,8.161764,5.0,Ewa
2024-12-22 22:31:00,7.8954163,12.0,Ewa
2024-12-22 22:32:00,7.8954163,12.0,Ewa
2024-12-22 23:01:00,7.8954163,12.0,Ewa
2024-12-22 23:02:00,7.8954163,12.0,Ewa
2024-12-22 23:31:00,9.984729,10.0,Ewa
2024-12-22 23:32:00,9.984729,10.0,Ewa
2024-12-23 00:01:00,9.984729,10.0,Ewa
2024-12-23 00:02:00,9.984729,10.0,Ewa
2024-12-23 00:31:00,11.837652,18.0,Ewa
2024-12-23 00:32:00,11.837652,18.0,Ewa
2024-12-23 01:01:00,11.837652,18.0,Ewa
2024-12-23 01:02:00,11.837652,18.0,Ewa
2024-12-23 01:31:00,11.103243,14.0,Ewa
2024-12-23 01:32:00,11.103243,14.0,Ewa
2024-12-23 02:01:00,11.103243,14.0,Ewa
2024-12-23 02:02:00,11.103243,14.0,Ewa
2024-12-23 02:31:00,9.459852,0.0,Ewa
2024-12-23 02:32:00,9.459852,0.0,Ewa
2024-12-23 03:01:00,9.459852,0.0,Ewa
2024-12-23 03:02:00,9.459852,0.0,Ewa
2024-12-23 03:31:00,8.019601,0.0,Ewa
2024-12-23 03:32:00,8.019601,0.0,Ewa
2024-12-23 04:01:00,8.019601,0.0,Ewa
2024-12-23 04:02:00,8.019601,0.0,Ewa
2024-12-23 04:31:00,8.037761,0.0,Ewa
2024-12-23 04:32:00,8.037761,0.0,Ewa
2024-12-23 05:01:00,8.037761,0.0,Ewa
2024-12-23 05:02:00,8.037761,0.0,Ewa
2024-12-23 05:31:00,11.843124,24.0,Ewa
2024-12-23 05:32:00,11.843124,24.0,Ewa
2024-12-23 06:01:00,11.843124,24.0,Ewa
2024-12-23 06:02:00,11.843124,24.0,Ewa
2024-12-23 06:31:00,10.908951,9.0,Ewa
2024-12-23 06:32:00,10.908951,9.0,Ewa
2024-12-23 07:01:00,10.908951,9.0,Ewa
2024-12-23 07:02:00,10.908951,9.0,Ewa
2024-12-23 07:31:00,12.351987,1.0,Ewa
2024-12-23 07:32:00,12.351987,1.0,Ewa
2024-12-23 08:01:00,12.351987,1.0,Ewa
2024-12-23 08:02:00,12.351987,1.0,Ewa
2024-12-23 08:31:00,10.436895,7.0,Ewa
2024-12-23 08:32:00,10.436895,7.0,Ewa
2024-12-23 09:01:00,10.436895,7.0,Ewa
2024-12-23 09:02:00,10.436895,7.0,Ewa
2024-12-23 09:31:00,19.829433,16.0,Ewa
2024-12-23 09:32:00,19.829433,16.0,Ewa
2024-12-23 10:01:00,19.829433,16.0,Ewa
2024-12-23 10:02:00,19.829433,16.0,Ewa
2024-12-23 10:31:00,24.107233,60.0,Ewa
2024-12-23 10:32:00,24.107233,60.0,Ewa
2024-12-23 11:01:00,24.107233,60.0,Ewa
2024-12-23 11:02:00,24.107233,60.0,Ewa
2024-12-23 11:31:00,24.144167,53.0,Ewa
2024-12-23 11:32:00,24.144167,53.0,Ewa
2024-12-23 12:01:00,24.144167,53.0,Ewa
2024-12-23 12:02:00,24.144167,53.0,Ewa
2024-12-23 12:31:00,25.764534,39.0,Ewa
2024-12-23 12:32:00,25.764534,39.0,Ewa
2024-12-23 13:01:00,25.764534,39.0,Ewa
2024-12-23 13:02:00,25.764534,39.0,Ewa
2024-12-23 13:31:00,26.63331,55.0,Ewa
2024-12-23 13:32:00,26.63331,55.0,Ewa
2024-12-23 14:01:00,26.63331,55.0,Ewa
2024-12-23 14:02:00,26.63331,55.0,Ewa
2024-12-23 14:31:00,24.27332,63.0,Ewa
2024-12-23 14:32:00,24.27332,63.0,Ewa
2024-12-23 15:01:00,24.27332,63.0,Ewa
2024-12-23 15:02:00,24.27332,63.0,Ewa
2024-12-23 15:31:00,24.80149,30.0,Ewa
2024-12-23 15:32:00,24.80149,30.0,Ewa
2024-12-23 16:01:00,24.80149,30.0,Ewa
2024-12-23 16:02:00,24.80149,30.0,Ewa
2024-12-23 16:31:00,26.228785,23.0,Ewa
2024-12-23 16:32:00,26.228785,23.0,Ewa
2024-12-23 17:01:00,26.228785,23.0,Ewa
2024-12-23 17:02:00,26.228785,23.0,Ewa
2024-12-23 17:31:00,21.265154,1.0,Ewa
2024-12-23 17:32:00,21.265154,1.0,Ewa
2024-12-23 18:01:00,21.265154,1.0,Ewa
2024-12-23 18:02:00,21.265154,1.0,Ewa
2024-12-23 18:31:00,22.046877,1.0,Ewa
2024-12-23 18:32:00,22.046877,1.0,Ewa
2024-12-23 19:01:00,22.046877,1.0,Ewa
2024-12-23 19:02:00,22.046877,1.0,Ewa
2024-12-23 19:31:00,23.11441,2.0,Ewa
2024-12-23 19:32:00,23.11441,2.0,Ewa
2024-12-23 20:01:00,23.11441,2.0,Ewa
2024-12-23 20:02:00,23.11441,2.0,Ewa
2024-12-23 20:31:00,22.58695,5.0,Ewa
2024-12-23 20:32:00,22.58695,5.0,Ewa
2024-12-23 21:01:00,22.58695,5.0,Ewa
2024-12-23 21:02:00,22.58695,5.0,Ewa
2024-12-23 21:31:00,22.346113,3.0,Ewa
2024-12-23 21:32:00,22.346113,3.0,Ewa
2024-12-23 22:01:00,22.346113,3.0,Ewa
2024-12-23 22:02:00,22.346113,3.0,Ewa
2024-12-23 22:31:00,20.973671,0.0,Ewa
2024-12-23 22:32:00,20.973671,0.0,Ewa
2024-12-23 23:01:00,20.973671,0.0,Ewa
2024-12-23 23:02:00,20.973671,0.0,Ewa
2024-12-23 23:31:00,18.498886,0.0,Ewa
2024-12-23 23:32:00,18.498886,0.0,Ewa
2024-12-24 00:01:00,18.498886,0.0,Ewa
2024-12-24 00:02:00,18.498886,0.0,Ewa
2024-12-24 00:31:00,15.596767,1.0,Ewa
2024-12-24 00:32:00,15.596767,1.0,Ewa
2024-12-24 01:01:00,15.596767,1.0,Ewa
2024-12-24 01:02:00,15.596767,1.0,Ewa
2024-12-24 01:31:00,15.042659,1.0,Ewa
2024-12-24 01:32:00,15.042659,1.0,Ewa
2024-12-24 02:01:00,15.042659,1.0,Ewa
2024-12-24 02:02:00,15.042659,1.0,Ewa
2024-12-24 02:31:00,10.441551,1.0,Ewa
2024-12-24 02:32:00,10.441551,1.0,Ewa
2024-12-24 03:01:00,10.441551,1.0,Ewa
2024-12-24 03:02:00,10.441551,1.0,Ewa
2024-12-24 03:31:00,11.935778,4.0,Ewa
2024-12-24 03:32:00,11.935778,4.0,Ewa
2024-12-24 04:01:00,11.935778,4.0,Ewa
2024-12-24 04:02:00,11.935778,4.0,Ewa
2024-12-24 04:31:00,12.193589,1.0,Ewa
2024-12-24 04:32:00,12.193589,1.0,Ewa
2024-12-24 05:01:00,12.193589,1.0,Ewa
2024-12-24 05:02:00,12.193589,1.0,Ewa
2024-12-24 05:31:00,12.295462,1.0,Ewa
2024-12-24 05:32:00,12.295462,1.0,Ewa
2024-12-24 06:01:00,12.295462,1.0,Ewa
2024-12-24 06:02:00,12.295462,1.0,Ewa
2024-12-24 06:31:00,11.901798,2.0,Ewa
2024-12-24 06:32:00,11.901798,2.0,Ewa
2024-12-24 07:01:00,11.901798,2.0,Ewa
2024-12-24 07:02:00,11.901798,2.0,Ewa
2024-12-24 07:31:00,10.1376915,1.0,Ewa
2024-12-24 07:32:00,10.1376915,1.0,Ewa
2024-12-24 08:01:00,10.1376915,1.0,Ewa
2024-12-24 08:02:00,10.1376915,1.0,Ewa
2024-12-24 08:31:00,7.327127,1.0,Ewa
2024-12-24 08:32:00,7.327127,1.0,Ewa
2024-12-24 09:01:00,7.327127,1.0,Ewa
2024-12-24 09:02:00,7.327127,1.0,Ewa
2024-12-24 09:31:00,9.7880945,3.0,Ewa
2024-12-24 09:32:00,9.7880945,3.0,Ewa
2024-12-24 10:01:00,9.7880945,3.0,Ewa
2024-12-24 10:02:00,9.7880945,3.0,Ewa
2024-12-24 10:31:00,9.36173,3.0,Ewa
2024-12-24 10:32:00,9.36173,3.0,Ewa
2024-12-24 11:01:00,9.36173,3.0,Ewa
2024-12-24 11:02:00,9.36173,3.0,Ewa
2024-12-24 11:31:00,10.874742,4.0,Ewa
2024-12-24 11:32:00,10.874742,4.0,Ewa
2024-12-24 12:01:00,10.874742,4.0,Ewa
2024-12-24 12:02:00,10.874742,4.0,Ewa
2024-12-24 12:31:00,12.535549,57.0,Ewa
2024-12-24 12:32:00,12.535549,57.0,Ewa
2024-12-24 13:01:00,12.535549,57.0,Ewa
2024-12-24 13:02:00,12.535549,57.0,Ewa
2024-12-24 13:31:00,8.3520775,75.0,Ewa
2024-12-24 13:32:00,8.3520775,75.0,Ewa
2024-12-24 14:01:00,8.3520775,75.0,Ewa
2024-12-24 14:02:00,8.3520775,75.0,Ewa
2024-12-24 14:31:00,8.287822,94.0,Ewa
2024-12-24 14:32:00,8.287822,94.0,Ewa
2024-12-24 15:01:00,8.287822,94.0,Ewa
2024-12-24 15:02:00,8.287822,94.0,Ewa
2024-12-24 15:31:00,3.644722,91.0,Ewa
2024-12-24 15:32:00,3.644722,91.0,Ewa
2024-12-24 16:01:00,3.644722,91.0,Ewa
2024-12-24 16:02:00,3.644722,91.0,Ewa
2024-12-24 16:31:00,4.978554,75.0,Ewa
2024-12-24 16:32:00,4.978554,75.0,Ewa
2024-12-24 17:01:00,4.978554,75.0,Ewa
2024-12-24 17:02:00,4.978554,75.0,Ewa
2024-12-24 17:31:00,10.062305,16.0,Ewa
2024-12-24 17:32:00,10.062305,16.0,Ewa
2024-12-24 18:01:00,10.062305,16.0,Ewa
2024-12-24 18:02:00,10.062305,16.0,Ewa
2024-12-24 18:31:00,11.566313,0.0,Ewa
2024-12-24 18:32:00,11.566313,0.0,Ewa
2024-12-24 19:01:00,11.566313,0.0,Ewa
2024-12-24 19:02:00,11.566313,0.0,Ewa
2024-12-24 19:31:00,13.910169,2.0,Ewa
2024-12-24 19:32:00,13.910169,2.0,Ewa
2024-12-24 20:01:00,13.910169,2.0,Ewa
2024-12-24 20:02:00,13.910169,2.0,Ewa
2024-12-24 20:31:00,13.878688,14.0,Ewa
2024-12-24 20:32:00,13.878688,14.0,Ewa
2024-12-24 21:01:00,13.878688,14.0,Ewa
2024-12-24 21:02:00,13.878688,14.0,Ewa
2024-12-24 21:31:00,14.009968,4.0,Ewa
2024-12-24 21:32:00,14.009968,4.0,Ewa
2024-12-24 22:01:00,14.009968,4.0,Ewa
2024-12-24 22:02:00,14.009968,4.0,Ewa
2024-12-24 22:31:00,14.36621,39.0,Ewa
2024-12-24 22:32:00,14.36621,39.0,Ewa
2024-12-24 23:01:00,14.36621,39.0,Ewa
2024-12-24 23:02:00,14.36621,39.0,Ewa
2024-12-24 23:31:00,12.007498,3.0,Ewa
2024-12-24 23:32:00,12.007498,3.0,Ewa
2024-12-25 00:01:00,12.007498,3.0,Ewa
2024-12-25 00:02:00,12.007498,3.0,Ewa
2024-12-25 00:31:00,10.564941,17.0,Ewa
2024-12-25 00:32:00,10.564941,17.0,Ewa
2024-12-25 01:01:00,10.564941,17.0,Ewa
2024-12-25 01:02:00,10.564941,17.0,Ewa
2024-12-25 01:31:00,9.693296,9.0,Ewa
2024-12-25 01:32:00,9.693296,9.0,Ewa
2024-12-25 02:01:00,9.693296,9.0,Ewa
2024-12-25 02:02:00,9.693296,9.0,Ewa
2024-12-25 02:31:00,6.7757506,0.0,Ewa
2024-12-25 02:32:00,6.7757506,0.0,Ewa
2024-12-25 03:01:00,6.7757506,0.0,Ewa
2024-12-25 03:02:00,6.7757506,0.0,Ewa
2024-12-25 03:31:00,7.001514,0.0,Ewa
2024-12-25 03:32:00,7.001514,0.0,Ewa
2024-12-25 04:01:00,7.001514,0.0,Ewa
2024-12-25 04:02:00,7.001514,0.0,Ewa
2024-12-25 04:31:00,7.889258,0.0,Ewa
2024-12-25 04:32:00,7.889258,0.0,Ewa
2024-12-25 05:01:00,7.889258,0.0,Ewa
2024-12-25 05:02:00,7.889258,0.0,Ewa
2024-12-25 05:31:00,9.4238205,1.0,Ewa
2024-12-25 05:32:00,9.4238205,1.0,Ewa
2024-12-25 06:01:00,9.4238205,1.0,Ewa
2024-12-25 06:02:00,9.4238205,1.0,Ewa
2024-12-25 06:31:00,10.1456785,2.0,Ewa
2024-12-25 06:32:00,10.1456785,2.0,Ewa
2024-12-25 07:01:00,10.1456785,2.0,Ewa
2024-12-25 07:02:00,10.1456785,2.0,Ewa
2024-12-25 07:31:00,16.299694,15.0,Ewa
2024-12-25 07:32:00,16.299694,15.0,Ewa
2024-12-25 08:01:00,16.299694,15.0,Ewa
2024-12-25 08:02:00,16.299694,15.0,Ewa
2024-12-25 08:31:00,19.443333,15.0,Ewa
2024-12-25 08:32:00,19.443333,15.0,Ewa
2024-12-25 09:01:00,19.443333,15.0,Ewa
2024-12-25 09:02:00,19.443333,15.0,Ewa
2024-12-25 09:31:00,21.457026,34.0,Ewa
2024-12-25 09:32:00,21.457026,34.0,Ewa
2024-12-25 10:01:00,21.457026,34.0,Ewa
2024-12-25 10:02:00,21.457026,34.0,Ewa
2024-12-25 10:31:00,24.193098,77.0,Ewa
2024-12-25 10:32:00,24.193098,77.0,Ewa
2024-12-25 11:01:00,24.193098,77.0,Ewa
2024-12-25 11:02:00,24.193098,77.0,Ewa
2024-12-25 11:31:00,21.794127,38.0,Ewa
2024-12-25 11:32:00,21.794127,38.0,Ewa
2024-12-25 12:01:00,21.794127,38.0,Ewa
2024-12-25 12:02:00,21.794127,38.0,Ewa
2024-12-25 12:31:00,22.415602,57.0,Ewa
2024-12-25 12:32:00,22.415602,57.0,Ewa
2024-12-25 13:01:00,22.415602,57.0,Ewa
2024-12-25 13:02:00,22.415602,57.0,Ewa
2024-12-25 13:31:00,20.527103,100.0,Ewa
2024-12-25 13:32:00,20.527103,100.0,Ewa
2024-12-25 14:01:00,20.527103,100.0,Ewa
2024-12-25 14:02:00,20.527103,100.0,Ewa
2024-12-25 14:31:00,18.307865,100.0,Ewa
2024-12-25 14:32:00,18.307865,100.0,Ewa
2024-12-25 15:01:00,18.307865,100.0,Ewa
2024-12-25 15:02:00,18.307865,100.0,Ewa
2024-12-25 15:31:00,14.31198,100.0,Ewa
2024-12-25 15:32:00,14.31198,100.0,Ewa
2024-12-25 16:01:00,14.31198,100.0,Ewa
2024-12-25 16:02:00,14.31198,100.0,Ewa
2024-12-25 16:31:00,9.167638,100.0,Ewa
2024-12-25 16:32:00,9.167638,100.0,Ewa
2024-12-25 17:01:00,9.167638,100.0,Ewa
2024-12-25 17:02:00,9.167638,100.0,Ewa
2024-12-25 17:31:00,3.4623692,17.0,Ewa
2024-12-25 17:32:00,3.4623692,17.0,Ewa
2024-12-25 18:01:00,3.4623692,17.0,Ewa
2024-12-25 18:02:00,3.4623692,17.0,Ewa
2024-12-25 18:31:00,0.17999999,6.0,Ewa
2024-12-25 18:32:00,0.17999999,6.0,Ewa
2024-12-25 19:01:00,0.17999999,6.0,Ewa
2024-12-25 19:02:00,0.17999999,6.0,Ewa
2024-12-25 19:31:00,2.2553935,6.0,Ewa
2024-12-25 19:32:00,2.2553935,6.0,Ewa
2024-12-25 20:01:00,2.2553935,6.0,Ewa
2024-12-25 20:02:00,2.2553935,6.0,Ewa
2024-12-25 20:31:00,4.2366967,5.0,Ewa
2024-12-25 20:32:00,4.2366967,5.0,Ewa
2024-12-25 21:01:00,4.2366967,5.0,Ewa
2024-12-25 21:02:00,4.2366967,5.0,Ewa
2024-12-25 21:31:00,3.8647635,6.0,Ewa
2024-12-25 21:32:00,3.8647635,6.0,Ewa
2024-12-25 22:01:00,3.8647635,6.0,Ewa
2024-12-25 22:02:00,3.8647635,6.0,Ewa
2024-12-25 22:31:00,1.08,10.0,Ewa
2024-12-25 22:32:00,1.08,10.0,Ewa
2024-12-25 23:01:00,1.08,10.0,Ewa
2024-12-25 23:02:00,1.08,10.0,Ewa
2024-12-25 23:31:00,1.8,11.0,Ewa
2024-12-25 23:32:00,1.8,11.0,Ewa
2024-12-26 00:01:00,1.8,11.0,Ewa
2024-12-26 00:02:00,1.8,11.0,Ewa
2024-12-26 00:31:00,3.9312592,21.0,Ewa
2024-12-26 00:32:00,3.9312592,21.0,Ewa
2024-12-26 01:01:00,3.9312592,21.0,Ewa
2024-12-26 01:02:00,3.9312592,21.0,Ewa
2024-12-26 01:31:00,3.4152596,29.0,Ewa
2024-12-26 01:32:00,3.4152596,29.0,Ewa
2024-12-26 02:01:00,3.4152596,29.0,Ewa
2024-12-26 02:02:00,3.4152596,29.0,Ewa
2024-12-26 02:31:00,2.4149535,36.0,Ewa
2024-12-26 02:32:00,2.4149535,36.0,Ewa
2024-12-26 03:01:00,2.4149535,36.0,Ewa
2024-12-26 03:02:00,2.4149535,36.0,Ewa
2024-12-26 03:31:00,1.2074767,40.0,Ewa
2024-12-26 03:32:00,1.2074767,40.0,Ewa
2024-12-26 04:01:00,1.2074767,40.0,Ewa
2024-12-26 04:02:00,1.2074767,40.0,Ewa
2024-12-26 04:31:00,2.7943513,4.0,Ewa
2024-12-26 04:32:00,2.7943513,4.0,Ewa
2024-12-26 05:01:00,2.7943513,4.0,Ewa
2024-12-26 05:02:00,2.7943513,4.0,Ewa
2024-12-26 05:31:00,4.846648,5.0,Ewa
2024-12-26 05:32:00,4.846648,5.0,Ewa
2024-12-26 06:01:00,4.846648,5.0,Ewa
2024-12-26 06:02:00,4.846648,5.0,Ewa
2024-12-26 06:31:00,5.6492476,3.0,Ewa
2024-12-26 06:32:00,5.6492476,3.0,Ewa
2024-12-26 07:01:00,5.6492476,3.0,Ewa
2024-12-26 07:02:00,5.6492476,3.0,Ewa
2024-12-26 07:31:00,7.4520864,0.0,Ewa
2024-12-26 07:32:00,7.4520864,0.0,Ewa
2024-12-26 08:01:00,7.4520864,0.0,Ewa
2024-12-26 08:02:00,7.4520864,0.0,Ewa
2024-12-26 08:31:00,5.7964473,0.0,Ewa
2024-12-26 08:32:00,5.7964473,0.0,Ewa
2024-12-26 09:01:00,5.7964473,0.0,Ewa
2024-12-26 09:02:00,5.7964473,0.0,Ewa
2024-12-26 09:31:00,7.120815,34.0,Ewa
2024-12-26 09:32:00,7.120815,34.0,Ewa
2024-12-26 10:01:00,7.120815,34.0,Ewa
2024-12-26 10:02:00,7.120815,34.0,Ewa
2024-12-26 10:31:00,8.528657,100.0,Ewa
2024-12-26 10:32:00,8.528657,100.0,Ewa
2024-12-26 11:01:00,8.528657,100.0,Ewa
2024-12-26 11:02:00,8.528657,100.0,Ewa
2024-12-26 11:31:00,8.035746,100.0,Ewa
2024-12-26 11:32:00,8.035746,100.0,Ewa
2024-12-26 12:01:00,8.035746,100.0,Ewa
2024-12-26 12:02:00,8.035746,100.0,Ewa
2024-12-26 12:31:00,3.1072817,100.0,Ewa
2024-12-26 12:32:00,3.1072817,100.0,Ewa
2024-12-26 13:01:00,3.1072817,100.0,Ewa
2024-12-26 13:02:00,3.1072817,100.0,Ewa
2024-12-26 13:31:00,11.212135,100.0,Ewa
2024-12-26 13:32:00,11.212135,100.0,Ewa
2024-12-26 14:01:00,11.212135,100.0,Ewa
2024-12-26 14:02:00,11.212135,100.0,Ewa
2024-12-26 14:31:00,6.763786,95.0,Ewa
2024-12-26 14:32:00,6.763786,95.0,Ewa
2024-12-26 15:01:00,6.763786,95.0,Ewa
2024-12-26 15:02:00,6.763786,95.0,Ewa
2024-12-26 15:31:00,6.3639607,60.0,Ewa
2024-12-26 15:32:00,6.3639607,60.0,Ewa
2024-12-26 16:01:00,6.3639607,60.0,Ewa
2024-12-26 16:02:00,6.3639607,60.0,Ewa
2024-12-26 16:31:00,4.3573384,42.0,Ewa
2024-12-26 16:32:00,4.3573384,42.0,Ewa
2024-12-26 17:01:00,4.3573384,42.0,Ewa
2024-12-26 17:02:00,4.3573384,42.0,Ewa
2024-12-26 17:31:00,2.7059932,53.0,Ewa
2024-12-26 17:32:00,2.7059932,53.0,Ewa
2024-12-26 18:01:00,2.7059932,53.0,Ewa
2024-12-26 18:02:00,2.7059932,53.0,Ewa
2024-12-26 18:31:00,4.73506,56.0,Ewa
2024-12-26 18:32:00,4.73506,56.0,Ewa
2024-12-26 19:01:00,4.73506,56.0,Ewa
2024-12-26 19:02:00,4.73506,56.0,Ewa
2024-12-26 19:31:00,5.0816135,4.0,Ewa
2024-12-26 19:32:00,5.0816135,4.0,Ewa
2024-12-26 20:01:00,5.0816135,4.0,Ewa
2024-12-26 20:02:00,5.0816135,4.0,Ewa
2024-12-26 20:31:00,2.9522195,0.0,Ewa
2024-12-26 20:32:00,2.9522195,0.0,Ewa
2024-12-26 21:01:00,2.9522195,0.0,Ewa
2024-12-26 21:02:00,2.9522195,0.0,Ewa
2024-12-26 21:31:00,2.3051248,2.0,Ewa
2024-12-26 21:32:00,2.3051248,2.0,Ewa
2024-12-26 22:01:00,2.3051248,2.0,Ewa
2024-12-26 22:02:00,2.3051248,2.0,Ewa
2024-12-26 22:31:00,2.19718,6.0,Ewa
2024-12-26 22:32:00,2.19718,6.0,Ewa
2024-12-26 23:01:00,2.19718,6.0,Ewa
2024-12-26 23:02:00,2.19718,6.0,Ewa
2024-12-26 23:31:00,1.6981165,5.0,Ewa
2024-12-26 23:32:00,1.6981165,5.0,Ewa
2024-12-27 00:01:00,1.6981165,5.0,Ewa
2024-12-27 00:02:00,1.6981165,5.0,Ewa
2024-12-27 00:31:00,1.5484185,3.0,Ewa
2024-12-27 00:32:00,1.5484185,3.0,Ewa
2024-12-27 01:01:00,1.5484185,3.0,Ewa
2024-12-27 01:02:00,1.5484185,3.0,Ewa
2024-12-27 01:31:00,1.0182338,21.0,Ewa
2024-12-27 01:32:00,1.0182338,21.0,Ewa
2024-12-27 02:01:00,1.0182338,21.0,Ewa
2024-12-27 02:02:00,1.0182338,21.0,Ewa
2024-12-27 02:31:00,4.1125174,42.0,Ewa
2024-12-27 02:32:00,4.1125174,42.0,Ewa
2024-12-27 03:01:00,4.1125174,42.0,Ewa
2024-12-27 03:02:00,4.1125174,42.0,Ewa
2024-12-27 03:31:00,3.396233,25.0,Ewa
2024-12-27 03:32:00,3.396233,25.0,Ewa
2024-12-27 04:01:00,3.396233,25.0,Ewa
2024-12-27 04:02:00,3.396233,25.0,Ewa
2024-12-27 04:31:00,3.563818,7.0,Ewa
2024-12-27 04:32:00,3.563818,7.0,Ewa
2024-12-27 05:01:00,3.563818,7.0,Ewa
2024-12-27 05:02:00,3.563818,7.0,Ewa
2024-12-27 05:31:00,5.1165614,3.0,Ewa
2024-12-27 05:32:00,5.1165614,3.0,Ewa
2024-12-27 06:01:00,5.1165614,3.0,Ewa
2024-12-27 06:02:00,5.1165614,3.0,Ewa
2024-12-27 06:31:00,4.278551,5.0,Ewa
2024-12-27 06:32:00,4.278551,5.0,Ewa
2024-12-27 07:01:00,4.278551,5.0,Ewa
2024-12-27 07:02:00,4.278551,5.0,Ewa
2024-12-27 07:31:00,3.381893,2.0,Ewa
2024-12-27 07:32:00,3.381893,2.0,Ewa
2024-12-27 08:01:00,3.381893,2.0,Ewa
2024-12-27 08:02:00,3.381893,2.0,Ewa
2024-12-27 08:31:00,1.26,3.0,Ewa
2024-12-27 08:32:00,1.26,3.0,Ewa
2024-12-27 09:01:00,1.26,3.0,Ewa
2024-12-27 09:02:00,1.26,3.0,Ewa
2024-12-27 09:31:00,5.5450516,7.0,Ewa
2024-12-27 09:32:00,5.5450516,7.0,Ewa
2024-12-27 10:01:00,5.5450516,7.0,Ewa
2024-12-27 10:02:00,5.5450516,7.0,Ewa
2024-12-27 10:31:00,10.004178,5.0,Ewa
2024-12-27 10:32:00,10.004178,5.0,Ewa
2024-12-27 11:01:00,10.004178,5.0,Ewa
2024-12-27 11:02:00,10.004178,5.0,Ewa
2024-12-27 11:31:00,13.666967,35.0,Ewa
2024-12-27 11:32:00,13.666967,35.0,Ewa
2024-12-27 12:01:00,13.666967,35.0,Ewa
2024-12-27 12:02:00,13.666967,35.0,Ewa
2024-12-27 12:31:00,19.05281,26.0,Ewa
2024-12-27 12:32:00,19.05281,26.0,Ewa
2024-12-27 13:01:00,19.05281,26.0,Ewa
2024-12-27 13:02:00,19.05281,26.0,Ewa
2024-12-27 13:31:00,20.46941,24.0,Ewa
2024-12-27 13:32:00,20.46941,24.0,Ewa
2024-12-27 14:01:00,20.46941,24.0,Ewa
2024-12-27 14:02:00,20.46941,24.0,Ewa
2024-12-27 14:31:00,11.39842,100.0,Ewa
2024-12-27 14:32:00,11.39842,100.0,Ewa
